pedido_id,fecha_pedido,provincia,region,canal_entrega,tipo_cliente,tiempo_atencion_min,tiempo_individual_entrega_min,reclamos_registrados,motivo_reclamo,ventas_asociadas_usd,distancia_km
LA-004235,2026-01-01 07:16:00,Manabí,Costa,Programado,Comercio minorista,8.9,212.1,0,,16.85,32.5
LA-002169,2026-01-01 07:33:00,Pichincha,Sierra,Programado,Comercio minorista,5.9,136.0,0,,17.11,9.9
LA-000024,2026-01-01 07:35:00,Guayas,Costa,Estándar urbano,Comercio minorista,7.9,150.3,0,,17.04,8.9
LA-000178,2026-01-01 07:44:00,Guayas,Costa,Estándar urbano,Comercio minorista,5.4,118.4,0,,17.54,4.8
LA-004810,2026-01-01 07:59:00,Tungurahua,Sierra,Estándar urbano,Comercio minorista,9.9,135.9,0,,13.95,5.2
LA-000106,2026-01-01 08:01:00,Guayas,Costa,Estándar urbano,PyME,6.1,107.1,0,,30.47,8.9
LA-000397,2026-01-01 08:03:00,Guayas,Costa,Express,Comercio minorista,7.0,121.0,1,Demora en entrega,19.39,3.9
LA-001747,2026-01-01 08:09:00,Pichincha,Sierra,Estándar urbano,PyME,4.8,144.6,0,,21.38,4.6
LA-004896,2026-01-01 08:43:00,Tungurahua,Sierra,Programado,Comercio minorista,8.6,113.7,0,,18.46,2.1
LA-002142,2026-01-01 08:59:00,Pichincha,Sierra,Programado,PyME,8.0,166.9,0,,23.08,15.8
LA-000187,2026-01-01 09:12:00,Guayas,Costa,Estándar urbano,PyME,9.8,123.5,0,,24.45,24.7
LA-000168,2026-01-01 09:18:00,Guayas,Costa,Estándar urbano,Comercio minorista,10.4,251.9,0,,13.23,12.2
LA-000163,2026-01-01 09:31:00,Guayas,Costa,Estándar urbano,PyME,6.8,97.6,0,,15.62,8.7
LA-003465,2026-01-01 09:48:00,Azuay,Sierra,Programado,PyME,5.4,172.6,0,,15.06,6.9
LA-003312,2026-01-01 09:54:00,Azuay,Sierra,Estándar urbano,Comercio minorista,6.8,103.8,0,,11.69,7.0
LA-001776,2026-01-01 10:30:00,Pichincha,Sierra,Estándar urbano,PyME,7.5,149.4,0,,16.19,9.2
LA-002126,2026-01-01 10:35:00,Pichincha,Sierra,Programado,PyME,10.4,127.0,0,,21.42,5.1
LA-001915,2026-01-01 10:42:00,Pichincha,Sierra,Estándar urbano,PyME,7.6,121.9,0,,43.46,6.0
LA-000398,2026-01-01 11:09:00,Guayas,Costa,Express,Corporativo,7.0,37.0,0,,62.21,9.6
LA-000430,2026-01-01 11:27:00,Guayas,Costa,Express,PyME,10.7,82.0,0,,26.79,9.9
LA-002048,2026-01-01 11:28:00,Pichincha,Sierra,Express,Comercio minorista,9.6,131.4,0,,43.86,19.2
LA-002008,2026-01-01 11:31:00,Pichincha,Sierra,Express,Comercio minorista,8.0,68.7,0,,18.04,4.5
LA-000120,2026-01-01 11:32:00,Guayas,Costa,Estándar urbano,PyME,7.5,167.1,0,,18.58,26.8
LA-000314,2026-01-01 11:45:00,Guayas,Costa,Express,Corporativo,7.0,98.7,0,,34.33,12.4
LA-001723,2026-01-01 11:52:00,Pichincha,Sierra,Estándar urbano,Corporativo,5.3,251.0,0,,50.65,13.8
LA-003255,2026-01-01 11:56:00,Azuay,Sierra,Estándar urbano,PyME,6.4,127.4,0,,14.9,10.8
LA-000027,2026-01-01 12:04:00,Guayas,Costa,Estándar urbano,Corporativo,8.7,109.8,0,,22.84,6.4
LA-002072,2026-01-01 12:06:00,Pichincha,Sierra,Express,Corporativo,4.7,35.4,0,,24.64,2.8
LA-001717,2026-01-01 12:08:00,Pichincha,Sierra,Estándar urbano,Comercio minorista,5.5,116.6,0,,15.52,5.1
LA-000343,2026-01-01 12:10:00,Guayas,Costa,Express,PyME,7.4,93.7,0,,28.16,6.1
LA-001968,2026-01-01 12:10:00,Pichincha,Sierra,Express,PyME,7.2,68.4,0,,45.49,3.4
LA-003252,2026-01-01 12:11:00,Azuay,Sierra,Estándar urbano,Corporativo,7.8,130.0,0,,22.16,8.5
LA-000453,2026-01-01 12:14:00,Guayas,Costa,Express,Comercio minorista,6.4,150.1,0,,19.82,8.9
LA-003438,2026-01-01 12:27:00,Azuay,Sierra,Programado,PyME,7.0,113.7,0,,15.35,5.5
LA-005367,2026-01-01 12:53:00,Loja,Sierra,Estándar urbano,Comercio minorista,10.9,166.6,0,,25.84,13.1
LA-000493,2026-01-01 13:02:00,Guayas,Costa,Programado,PyME,6.8,149.1,0,,22.83,2.7
LA-001846,2026-01-01 13:06:00,Pichincha,Sierra,Estándar urbano,Comercio minorista,7.8,157.6,0,,16.47,5.6
LA-002060,2026-01-01 13:08:00,Pichincha,Sierra,Express,PyME,10.2,80.0,0,,52.17,8.5
LA-005446,2026-01-01 13:32:00,Loja,Sierra,Estándar urbano,PyME,8.9,92.8,0,,19.63,4.2
LA-000270,2026-01-01 13:44:00,Guayas,Costa,Estándar urbano,Comercio minorista,7.7,294.7,0,,14.97,4.9
LA-003393,2026-01-01 14:09:00,Azuay,Sierra,Express,Comercio minorista,11.5,57.4,0,,33.85,5.2
LA-004134,2026-01-01 14:11:00,Manabí,Costa,Estándar urbano,PyME,4.7,175.0,0,,28.04,8.1
LA-005444,2026-01-01 14:20:00,Loja,Sierra,Estándar urbano,Comercio minorista,5.0,172.8,0,,10.52,8.3
LA-004210,2026-01-01 14:26:00,Manabí,Costa,Programado,Comercio minorista,9.1,226.1,0,,13.68,3.2
LA-005488,2026-01-01 14:33:00,Loja,Sierra,Programado,Corporativo,4.3,146.9,0,,27.77,6.5
LA-004920,2026-01-01 14:37:00,Tungurahua,Sierra,Programado,PyME,7.7,121.1,0,,10.42,2.9
LA-003233,2026-01-01 14:45:00,Azuay,Sierra,Estándar urbano,PyME,7.0,111.6,0,,15.8,2.6
LA-001719,2026-01-01 14:47:00,Pichincha,Sierra,Estándar urbano,Comercio minorista,5.6,149.3,0,,35.8,12.1
LA-002058,2026-01-01 14:49:00,Pichincha,Sierra,Express,Comercio minorista,6.6,60.7,0,,24.8,1.0
LA-001721,2026-01-01 14:50:00,Pichincha,Sierra,Estándar urbano,Comercio minorista,6.1,139.9,0,,24.21,9.7
LA-000348,2026-01-01 15:02:00,Guayas,Costa,Express,PyME,10.2,246.4,0,,35.55,3.9
LA-000093,2026-01-01 15:43:00,Guayas,Costa,Estándar urbano,Corporativo,11.0,147.6,0,,28.22,24.8
LA-000289,2026-01-01 15:52:00,Guayas,Costa,Express,PyME,10.3,101.1,0,,38.38,11.8
LA-005460,2026-01-01 15:58:00,Loja,Sierra,Express,Corporativo,4.1,164.5,0,,36.22,20.9
LA-004195,2026-01-01 16:51:00,Manabí,Costa,Express,Corporativo,9.5,74.7,0,,64.62,8.0
LA-005448,2026-01-01 19:35:00,Loja,Sierra,Estándar urbano,Corporativo,8.4,149.2,0,,26.89,5.5
LA-001989,2026-01-02 07:13:00,Pichincha,Sierra,Express,Comercio minorista,10.6,117.4,0,,31.39,6.4
LA-004086,2026-01-02 07:37:00,Manabí,Costa,Estándar urbano,Comercio minorista,9.5,166.1,0,,25.95,8.9
LA-001855,2026-01-02 07:43:00,Pichincha,Sierra,Estándar urbano,PyME,9.6,124.7,0,,22.64,6.2
LA-000199,2026-01-02 07:51:00,Guayas,Costa,Estándar urbano,Comercio minorista,10.7,115.9,0,,12.96,8.8
LA-000399,2026-01-02 07:51:00,Guayas,Costa,Express,PyME,6.6,120.5,0,,36.13,7.6
LA-000144,2026-01-02 08:07:00,Guayas,Costa,Estándar urbano,Corporativo,8.9,216.7,0,,29.46,16.3
LA-000129,2026-01-02 08:23:00,Guayas,Costa,Estándar urbano,Corporativo,6.0,160.2,0,,34.39,7.3
LA-000209,2026-01-02 08:29:00,Guayas,Costa,Estándar urbano,Comercio minorista,6.8,149.8,0,,12.99,3.4
LA-000287,2026-01-02 08:40:00,Guayas,Costa,Express,Comercio minorista,5.6,44.9,0,,9.89,2.6
LA-000091,2026-01-02 09:16:00,Guayas,Costa,Estándar urbano,PyME,11.0,158.3,0,,13.6,3.2
LA-000220,2026-01-02 09:24:00,Guayas,Costa,Estándar urbano,Comercio minorista,11.9,156.1,0,,15.73,20.6
LA-001745,2026-01-02 09:24:00,Pichincha,Sierra,Estándar urbano,PyME,7.4,147.3,0,,21.7,6.1
LA-005382,2026-01-02 09:47:00,Loja,Sierra,Estándar urbano,PyME,9.2,175.3,0,,14.94,23.8
LA-000477,2026-01-02 10:05:00,Guayas,Costa,Programado,Comercio minorista,8.8,187.4,0,,26.53,13.5
LA-000119,2026-01-02 10:08:00,Guayas,Costa,Estándar urbano,Comercio minorista,8.5,109.2,0,,15.3,5.0
LA-000033,2026-01-02 10:10:00,Guayas,Costa,Estándar urbano,PyME,6.8,164.4,0,,20.15,15.3
LA-004814,2026-01-02 10:14:00,Tungurahua,Sierra,Estándar urbano,Comercio minorista,8.8,134.6,0,,17.08,7.4
LA-004771,2026-01-02 10:21:00,Tungurahua,Sierra,Estándar urbano,Comercio minorista,8.6,106.6,0,,19.04,2.1
LA-003458,2026-01-02 10:24:00,Azuay,Sierra,Programado,Comercio minorista,8.3,135.5,0,,18.33,5.3
LA-001903,2026-01-02 10:28:00,Pichincha,Sierra,Estándar urbano,Comercio minorista,6.1,140.4,0,,19.34,5.7
LA-003260,2026-01-02 10:31:00,Azuay,Sierra,Estándar urbano,PyME,6.4,109.0,0,,17.9,9.5
LA-003434,2026-01-02 10:38:00,Azuay,Sierra,Programado,Comercio minorista,5.5,152.9,0,,16.79,10.6
LA-000458,2026-01-02 10:58:00,Guayas,Costa,Express,PyME,8.9,95.8,0,,29.86,2.3
LA-003324,2026-01-02 11:14:00,Azuay,Sierra,Estándar urbano,Comercio minorista,6.3,117.8,0,,11.78,12.6
LA-001796,2026-01-02 11:18:00,Pichincha,Sierra,Estándar urbano,PyME,9.0,133.1,0,,21.48,12.5
LA-004021,2026-01-02 11:20:00,Manabí,Costa,Estándar urbano,Comercio minorista,10.9,151.9,0,,15.71,5.3
LA-002038,2026-01-02 11:27:00,Pichincha,Sierra,Express,Comercio minorista,8.7,84.6,0,,20.96,4.4
LA-002063,2026-01-02 11:31:00,Pichincha,Sierra,Express,Comercio minorista,13.5,79.7,0,,22.05,14.5
LA-000450,2026-01-02 11:35:00,Guayas,Costa,Express,Corporativo,9.5,28.0,0,,34.01,1.9
LA-003446,2026-01-02 11:46:00,Azuay,Sierra,Programado,Corporativo,7.0,150.7,0,,50.45,8.6
LA-004909,2026-01-02 11:50:00,Tungurahua,Sierra,Programado,Comercio minorista,8.2,166.1,0,,26.04,16.1
LA-004029,2026-01-02 11:58:00,Manabí,Costa,Estándar urbano,PyME,7.9,160.4,0,,13.23,4.1
LA-004173,2026-01-02 12:18:00,Manabí,Costa,Express,Comercio minorista,10.3,169.2,0,,21.66,9.7
LA-003379,2026-01-02 12:20:00,Azuay,Sierra,Express,Comercio minorista,9.0,86.2,0,,20.05,11.7
LA-005484,2026-01-02 12:20:00,Loja,Sierra,Express,Comercio minorista,10.6,160.2,0,,23.86,4.5
LA-003400,2026-01-02 12:23:00,Azuay,Sierra,Express,PyME,8.2,54.2,0,,39.04,5.3
LA-003228,2026-01-02 12:25:00,Azuay,Sierra,Estándar urbano,Corporativo,7.4,102.9,0,,16.61,9.3
LA-001812,2026-01-02 12:26:00,Pichincha,Sierra,Estándar urbano,Comercio minorista,6.8,108.0,0,,23.75,4.0
LA-005392,2026-01-02 12:27:00,Loja,Sierra,Estándar urbano,PyME,8.0,193.5,0,,28.08,40.5
LA-001929,2026-01-02 12:27:00,Pichincha,Sierra,Estándar urbano,Comercio minorista,8.8,101.0,0,,25.1,14.7
LA-000078,2026-01-02 12:39:00,Guayas,Costa,Estándar urbano,Comercio minorista,7.9,142.3,0,,17.56,6.5
LA-001817,2026-01-02 12:48:00,Pichincha,Sierra,Estándar urbano,Comercio minorista,8.4,114.1,0,,15.61,3.0
LA-000260,2026-01-02 13:10:00,Guayas,Costa,Estándar urbano,PyME,5.5,174.4,0,,23.14,6.4
LA-000006,2026-01-02 13:26:00,Guayas,Costa,Estándar urbano,Corporativo,2.0,96.1,0,,30.77,12.4
LA-000263,2026-01-02 13:28:00,Guayas,Costa,Estándar urbano,PyME,5.3,97.9,0,,17.8,7.2
LA-004796,2026-01-02 13:44:00,Tungurahua,Sierra,Estándar urbano,Comercio minorista,10.2,110.3,0,,17.18,6.7
LA-003392,2026-01-02 13:46:00,Azuay,Sierra,Express,PyME,3.2,64.3,0,,27.49,13.3
LA-002010,2026-01-02 13:50:00,Pichincha,Sierra,Express,Comercio minorista,9.8,119.6,0,,48.47,16.5
LA-004832,2026-01-02 13:51:00,Tungurahua,Sierra,Estándar urbano,PyME,7.7,103.7,0,,37.35,7.8
LA-002085,2026-01-02 14:00:00,Pichincha,Sierra,Express,PyME,9.4,275.5,0,,19.65,17.7
LA-004090,2026-01-02 14:08:00,Manabí,Costa,Estándar urbano,Comercio minorista,10.4,300.7,0,,30.03,21.8
LA-003461,2026-01-02 14:26:00,Azuay,Sierra,Programado,Comercio minorista,6.2,135.9,0,,20.4,9.2
LA-000165,2026-01-02 14:39:00,Guayas,Costa,Estándar urbano,Comercio minorista,10.7,138.6,0,,14.06,8.1
LA-001800,2026-01-02 14:48:00,Pichincha,Sierra,Estándar urbano,PyME,5.3,98.4,0,,17.55,1.7
LA-000218,2026-01-02 14:49:00,Guayas,Costa,Estándar urbano,Comercio minorista,7.0,145.0,0,,19.81,6.3
LA-000482,2026-01-02 15:01:00,Guayas,Costa,Programado,PyME,8.9,208.8,0,,15.31,18.5
LA-000057,2026-01-02 15:04:00,Guayas,Costa,Estándar urbano,Comercio minorista,5.8,166.9,0,,20.94,41.7
LA-004023,2026-01-02 15:45:00,Manabí,Costa,Estándar urbano,Comercio minorista,10.0,130.2,0,,10.81,11.7
LA-003376,2026-01-02 16:33:00,Azuay,Sierra,Express,PyME,8.5,48.0,0,,20.62,2.3
LA-005479,2026-01-02 16:36:00,Loja,Sierra,Express,PyME,5.9,98.5,0,,21.42,5.0
LA-005363,2026-01-02 17:02:00,Loja,Sierra,Estándar urbano,Comercio minorista,7.6,183.3,0,,12.05,18.4
LA-000180,2026-01-02 17:49:00,Guayas,Costa,Estándar urbano,Comercio minorista,8.6,112.8,0,,9.96,5.2
LA-000275,2026-01-02 18:14:00,Guayas,Costa,Estándar urbano,Comercio minorista,10.7,137.6,0,,20.4,5.2
LA-002016,2026-01-02 18:28:00,Pichincha,Sierra,Express,PyME,6.0,150.3,0,,31.46,16.1
LA-000228,2026-01-02 18:39:00,Guayas,Costa,Estándar urbano,Corporativo,9.3,90.3,0,,34.91,1.0
LA-000152,2026-01-03 07:04:00,Guayas,Costa,Estándar urbano,Comercio minorista,9.1,93.3,0,,31.96,3.1
LA-002144,2026-01-03 07:16:00,Pichincha,Sierra,Programado,Comercio minorista,9.9,113.1,0,,21.68,4.5
LA-000202,2026-01-03 07:30:00,Guayas,Costa,Estándar urbano,Comercio minorista,6.6,102.2,0,,14.5,9.2
LA-003402,2026-01-03 07:35:00,Azuay,Sierra,Express,Corporativo,4.0,50.0,0,,32.72,4.1
LA-001994,2026-01-03 07:43:00,Pichincha,Sierra,Express,Comercio minorista,9.4,62.0,0,,30.9,7.2
LA-003319,2026-01-03 07:45:00,Azuay,Sierra,Estándar urbano,PyME,4.9,125.7,0,,22.62,11.3
LA-004903,2026-01-03 08:32:00,Tungurahua,Sierra,Programado,PyME,7.1,190.6,0,,19.45,5.9
LA-002124,2026-01-03 08:43:00,Pichincha,Sierra,Programado,Comercio minorista,7.3,122.7,0,,16.76,3.8
LA-001868,2026-01-03 08:52:00,Pichincha,Sierra,Estándar urbano,PyME,8.2,131.8,0,,34.23,5.0
LA-000101,2026-01-03 08:56:00,Guayas,Costa,Estándar urbano,PyME,8.1,123.6,0,,19.23,2.7
LA-003340,2026-01-03 09:06:00,Azuay,Sierra,Estándar urbano,PyME,6.8,93.1,0,,17.18,3.6
LA-000049,2026-01-03 09:08:00,Guayas,Costa,Estándar urbano,Comercio minorista,9.9,125.7,0,,18.96,1.7
LA-004132,2026-01-03 09:31:00,Manabí,Costa,Estándar urbano,PyME,8.6,134.3,0,,29.41,21.5
LA-005355,2026-01-03 09:43:00,Loja,Sierra,Estándar urbano,Comercio minorista,11.2,132.1,0,,17.27,6.2
LA-000073,2026-01-03 09:45:00,Guayas,Costa,Estándar urbano,Corporativo,8.9,149.0,0,,29.66,14.5
LA-000346,2026-01-03 09:49:00,Guayas,Costa,Express,Comercio minorista,9.3,28.0,0,,19.84,1.0
LA-001942,2026-01-03 09:56:00,Pichincha,Sierra,Express,Comercio minorista,10.4,102.5,0,,28.79,9.3
LA-002077,2026-01-03 10:11:00,Pichincha,Sierra,Express,Comercio minorista,9.2,126.0,0,,34.32,13.2
LA-003282,2026-01-03 10:15:00,Azuay,Sierra,Estándar urbano,Comercio minorista,6.7,112.9,0,,18.57,10.0
LA-001742,2026-01-03 10:45:00,Pichincha,Sierra,Estándar urbano,PyME,7.0,150.3,0,,24.46,4.3
LA-002133,2026-01-03 10:55:00,Pichincha,Sierra,Programado,PyME,4.6,167.4,0,,19.51,14.3
LA-001842,2026-01-03 11:00:00,Pichincha,Sierra,Estándar urbano,Corporativo,7.3,80.1,0,,24.61,2.9
LA-000080,2026-01-03 11:14:00,Guayas,Costa,Estándar urbano,Comercio minorista,9.7,163.3,1,Falta de actualización,27.82,14.3
LA-003403,2026-01-03 11:18:00,Azuay,Sierra,Express,Comercio minorista,7.5,105.7,0,,21.0,10.6
LA-003395,2026-01-03 11:22:00,Azuay,Sierra,Express,Comercio minorista,7.3,96.5,0,,15.68,9.9
LA-000205,2026-01-03 11:22:00,Guayas,Costa,Estándar urbano,Corporativo,8.7,136.7,0,,50.77,14.2
LA-000069,2026-01-03 11:23:00,Guayas,Costa,Estándar urbano,PyME,6.9,149.8,0,,10.97,1.0
LA-000075,2026-01-03 11:38:00,Guayas,Costa,Estándar urbano,PyME,8.6,113.7,0,,12.59,1.9
LA-004056,2026-01-03 11:39:00,Manabí,Costa,Estándar urbano,Comercio minorista,4.3,127.3,0,,20.54,12.0
LA-001871,2026-01-03 11:56:00,Pichincha,Sierra,Estándar urbano,Comercio minorista,7.4,80.1,0,,17.2,7.9
LA-001838,2026-01-03 12:06:00,Pichincha,Sierra,Estándar urbano,PyME,6.8,136.0,0,,21.73,4.1
LA-001872,2026-01-03 12:12:00,Pichincha,Sierra,Estándar urbano,Comercio minorista,7.7,131.5,0,,21.61,5.0
LA-004217,2026-01-03 12:15:00,Manabí,Costa,Programado,Corporativo,9.4,226.9,0,,28.58,17.4
LA-001785,2026-01-03 12:19:00,Pichincha,Sierra,Estándar urbano,PyME,6.2,143.6,0,,13.21,8.6
LA-002131,2026-01-03 12:28:00,Pichincha,Sierra,Programado,PyME,6.7,153.5,0,,12.88,2.4
LA-004231,2026-01-03 12:37:00,Manabí,Costa,Programado,Comercio minorista,8.1,133.4,0,,24.51,25.8
LA-004016,2026-01-03 13:00:00,Manabí,Costa,Estándar urbano,PyME,7.4,55.1,0,,27.77,16.2
LA-001801,2026-01-03 13:31:00,Pichincha,Sierra,Estándar urbano,Corporativo,6.1,155.0,0,,28.21,12.3
LA-005437,2026-01-03 13:32:00,Loja,Sierra,Estándar urbano,Corporativo,6.4,197.3,0,,24.25,24.9
LA-005485,2026-01-03 13:41:00,Loja,Sierra,Express,Comercio minorista,9.8,161.0,0,,9.48,9.9
LA-002123,2026-01-03 13:43:00,Pichincha,Sierra,Programado,Comercio minorista,10.0,183.3,0,,11.93,14.1
LA-000498,2026-01-03 13:44:00,Guayas,Costa,Programado,PyME,9.2,453.8,0,,12.78,1.7
LA-000352,2026-01-03 13:45:00,Guayas,Costa,Express,Comercio minorista,12.1,112.6,0,,35.08,6.2
LA-000167,2026-01-03 13:46:00,Guayas,Costa,Estándar urbano,Comercio minorista,8.9,392.3,0,,21.25,6.6
LA-002031,2026-01-03 13:48:00,Pichincha,Sierra,Express,Comercio minorista,9.4,101.1,0,,19.76,7.3
LA-004202,2026-01-03 13:49:00,Manabí,Costa,Express,Comercio minorista,7.2,103.1,0,,29.72,3.9
LA-005455,2026-01-03 13:52:00,Loja,Sierra,Estándar urbano,Comercio minorista,5.6,98.8,0,,8.66,5.1
LA-002155,2026-01-03 13:53:00,Pichincha,Sierra,Programado,Comercio minorista,6.1,97.1,0,,19.38,2.7
LA-001794,2026-01-03 13:59:00,Pichincha,Sierra,Estándar urbano,Comercio minorista,8.1,129.6,0,,20.17,11.5
LA-001892,2026-01-03 14:01:00,Pichincha,Sierra,Estándar urbano,PyME,10.3,128.5,0,,20.28,11.3
LA-004891,2026-01-03 14:06:00,Tungurahua,Sierra,Programado,Comercio minorista,8.0,143.7,0,,24.3,1.6
LA-001714,2026-01-03 14:27:00,Pichincha,Sierra,Estándar urbano,PyME,6.6,121.0,0,,22.06,4.0
LA-000134,2026-01-03 14:38:00,Guayas,Costa,Estándar urbano,PyME,8.6,158.2,0,,21.19,13.2
LA-003303,2026-01-03 14:50:00,Azuay,Sierra,Estándar urbano,Comercio minorista,9.4,128.6,0,,11.14,4.6
LA-000445,2026-01-03 15:34:00,Guayas,Costa,Express,Comercio minorista,7.0,118.6,0,,20.14,6.4
LA-004756,2026-01-03 15:39:00,Tungurahua,Sierra,Estándar urbano,Comercio minorista,10.0,103.5,0,,23.66,5.9
LA-001893,2026-01-03 15:51:00,Pichincha,Sierra,Estándar urbano,Comercio minorista,7.0,173.7,0,,30.24,15.8
LA-003295,2026-01-03 15:54:00,Azuay,Sierra,Estándar urbano,Comercio minorista,5.9,72.3,0,,10.35,1.6
LA-001759,2026-01-03 16:01:00,Pichincha,Sierra,Estándar urbano,PyME,10.1,171.5,0,,22.47,17.1
LA-000375,2026-01-03 16:14:00,Guayas,Costa,Express,Corporativo,7.1,119.3,0,,23.89,31.5
LA-003356,2026-01-03 16:24:00,Azuay,Sierra,Estándar urbano,Comercio minorista,9.7,94.1,0,,13.42,1.0
LA-001977,2026-01-03 16:43:00,Pichincha,Sierra,Express,PyME,7.1,100.8,0,,23.01,4.6
LA-002011,2026-01-03 17:06:00,Pichincha,Sierra,Express,PyME,6.7,89.8,0,,33.91,7.7
LA-000009,2026-01-03 17:38:00,Guayas,Costa,Estándar urbano,Comercio minorista,8.9,281.2,0,,22.08,12.9
LA-001741,2026-01-03 18:24:00,Pichincha,Sierra,Estándar urbano,Corporativo,8.6,152.4,0,,20.64,4.5
LA-001814,2026-01-03 18:36:00,Pichincha,Sierra,Estándar urbano,Comercio minorista,5.7,94.7,0,,12.27,4.1
LA-004145,2026-01-04 07:18:00,Manabí,Costa,Estándar urbano,Comercio minorista,5.0,137.0,0,,19.54,8.3
LA-004024,2026-01-04 07:27:00,Manabí,Costa,Estándar urbano,Comercio minorista,13.0,191.4,0,,15.19,7.2
LA-003398,2026-01-04 07:28:00,Azuay,Sierra,Express,Comercio minorista,6.5,60.1,0,,35.99,4.3
LA-005403,2026-01-04 07:46:00,Loja,Sierra,Estándar urbano,Comercio minorista,7.1,286.2,0,,14.11,12.8
LA-004138,2026-01-04 07:47:00,Manabí,Costa,Estándar urbano,PyME,7.0,151.7,1,Incumplimiento de horario,17.49,10.4
LA-000018,2026-01-04 07:52:00,Guayas,Costa,Estándar urbano,PyME,10.2,151.2,0,,26.81,23.6
LA-000513,2026-01-04 07:56:00,Guayas,Costa,Programado,PyME,8.3,189.0,0,,25.11,11.3
LA-000217,2026-01-04 08:05:00,Guayas,Costa,Estándar urbano,Corporativo,12.8,119.9,0,,29.94,1.6
LA-001863,2026-01-04 08:09:00,Pichincha,Sierra,Estándar urbano,Comercio minorista,6.3,142.2,0,,13.58,4.5
LA-000065,2026-01-04 08:17:00,Guayas,Costa,Estándar urbano,PyME,8.1,179.7,0,,34.82,25.2
LA-002114,2026-01-04 08:33:00,Pichincha,Sierra,Programado,PyME,9.0,165.8,0,,23.48,14.9
LA-001768,2026-01-04 08:51:00,Pichincha,Sierra,Estándar urbano,Comercio minorista,8.0,134.5,0,,22.58,6.4
LA-001806,2026-01-04 09:27:00,Pichincha,Sierra,Estándar urbano,Corporativo,4.2,173.5,0,,31.62,13.9
LA-000487,2026-01-04 09:36:00,Guayas,Costa,Programado,Comercio minorista,9.7,149.2,0,,15.3,7.6
LA-000519,2026-01-04 09:59:00,Guayas,Costa,Programado,Comercio minorista,12.6,210.4,0,,27.68,16.3
LA-005470,2026-01-04 10:07:00,Loja,Sierra,Express,Corporativo,5.3,87.8,0,,31.47,9.5
LA-000324,2026-01-04 10:09:00,Guayas,Costa,Express,PyME,12.2,71.6,0,,28.9,8.7
LA-000311,2026-01-04 10:10:00,Guayas,Costa,Express,Corporativo,11.4,157.3,0,,40.44,15.7
LA-001779,2026-01-04 10:54:00,Pichincha,Sierra,Estándar urbano,PyME,5.7,99.5,0,,26.17,5.0
LA-004142,2026-01-04 11:24:00,Manabí,Costa,Estándar urbano,PyME,9.5,99.4,0,,26.34,10.1
LA-000297,2026-01-04 11:27:00,Guayas,Costa,Express,Comercio minorista,10.1,83.2,0,,50.31,10.5
LA-004757,2026-01-04 11:30:00,Tungurahua,Sierra,Estándar urbano,Comercio minorista,6.1,101.3,0,,22.41,12.7
LA-004740,2026-01-04 11:35:00,Tungurahua,Sierra,Estándar urbano,Corporativo,9.4,72.3,0,,48.61,1.0
LA-000480,2026-01-04 11:36:00,Guayas,Costa,Programado,PyME,7.0,155.8,0,,25.64,2.2
LA-005458,2026-01-04 11:39:00,Loja,Sierra,Express,PyME,8.4,133.8,0,,17.25,8.4
LA-005357,2026-01-04 11:49:00,Loja,Sierra,Estándar urbano,PyME,8.4,190.4,0,,49.27,10.3
LA-005386,2026-01-04 12:16:00,Loja,Sierra,Estándar urbano,PyME,8.2,140.9,0,,19.62,6.9
LA-002043,2026-01-04 12:29:00,Pichincha,Sierra,Express,PyME,7.4,78.8,0,,44.5,8.6
LA-001922,2026-01-04 12:50:00,Pichincha,Sierra,Estándar urbano,Corporativo,8.5,126.8,0,,37.73,9.4
LA-005500,2026-01-04 13:20:00,Loja,Sierra,Programado,Comercio minorista,10.5,145.1,0,,15.62,8.4
LA-004864,2026-01-04 13:22:00,Tungurahua,Sierra,Express,Corporativo,9.6,57.3,0,,53.95,6.3
LA-000143,2026-01-04 13:38:00,Guayas,Costa,Estándar urbano,Corporativo,8.0,203.3,1,Falta de actualización,32.81,20.5
LA-000322,2026-01-04 13:47:00,Guayas,Costa,Express,Comercio minorista,10.4,67.1,0,,29.96,7.6
LA-004206,2026-01-04 13:54:00,Manabí,Costa,Express,PyME,8.5,160.7,0,,48.84,26.4
LA-000355,2026-01-04 14:04:00,Guayas,Costa,Express,Comercio minorista,7.1,119.8,0,,29.38,17.1
LA-004830,2026-01-04 14:05:00,Tungurahua,Sierra,Estándar urbano,Corporativo,6.5,127.6,0,,39.41,14.8
LA-000301,2026-01-04 14:12:00,Guayas,Costa,Express,Comercio minorista,8.1,117.9,0,,34.89,18.8
LA-004177,2026-01-04 14:14:00,Manabí,Costa,Express,PyME,8.3,85.4,0,,17.44,16.4
LA-002080,2026-01-04 14:20:00,Pichincha,Sierra,Express,Comercio minorista,8.7,113.2,0,,33.95,3.0
LA-004791,2026-01-04 14:29:00,Tungurahua,Sierra,Estándar urbano,Comercio minorista,7.5,107.6,0,,13.09,4.2
LA-002039,2026-01-04 14:33:00,Pichincha,Sierra,Express,Comercio minorista,8.0,101.9,0,,19.21,12.4
LA-004113,2026-01-04 14:45:00,Manabí,Costa,Estándar urbano,PyME,9.4,167.2,0,,20.11,20.3
LA-002037,2026-01-04 14:53:00,Pichincha,Sierra,Express,Comercio minorista,7.0,95.3,0,,33.51,9.6
LA-000102,2026-01-04 14:59:00,Guayas,Costa,Estándar urbano,PyME,7.8,212.6,0,,27.99,18.8
LA-000198,2026-01-04 15:00:00,Guayas,Costa,Estándar urbano,Comercio minorista,12.9,109.4,0,,14.22,5.1
LA-000097,2026-01-04 15:16:00,Guayas,Costa,Estándar urbano,PyME,10.3,204.6,0,,27.51,27.0
LA-004785,2026-01-04 15:16:00,Tungurahua,Sierra,Estándar urbano,Comercio minorista,10.2,126.2,0,,11.68,1.9
LA-004171,2026-01-04 15:46:00,Manabí,Costa,Express,Comercio minorista,10.8,78.2,0,,32.05,8.6
LA-000133,2026-01-04 15:53:00,Guayas,Costa,Estándar urbano,Corporativo,4.2,125.4,0,,21.61,9.6
LA-004198,2026-01-04 15:58:00,Manabí,Costa,Express,Comercio minorista,8.7,66.7,0,,24.46,11.3
LA-000203,2026-01-04 15:59:00,Guayas,Costa,Estándar urbano,PyME,7.4,94.8,0,,19.51,3.6
LA-002148,2026-01-04 16:30:00,Pichincha,Sierra,Programado,PyME,6.0,186.2,0,,33.38,14.9
LA-000230,2026-01-04 16:38:00,Guayas,Costa,Estándar urbano,Comercio minorista,8.4,195.2,0,,24.05,17.3
LA-003320,2026-01-04 16:47:00,Azuay,Sierra,Estándar urbano,Comercio minorista,9.4,95.6,0,,10.34,3.2
LA-001786,2026-01-04 17:10:00,Pichincha,Sierra,Estándar urbano,Corporativo,9.6,134.5,0,,28.99,3.8
LA-000478,2026-01-04 18:49:00,Guayas,Costa,Programado,Comercio minorista,7.4,203.3,0,,33.81,19.9
LA-000524,2026-01-05 07:22:00,Guayas,Costa,Programado,PyME,5.3,125.0,0,,13.8,7.4
LA-002069,2026-01-05 07:26:00,Pichincha,Sierra,Express,Corporativo,9.9,135.1,0,,36.72,11.3
LA-000486,2026-01-05 07:43:00,Guayas,Costa,Programado,PyME,9.4,243.8,0,,39.81,43.3
LA-000389,2026-01-05 07:47:00,Guayas,Costa,Express,Comercio minorista,11.8,30.9,0,,22.6,7.2
LA-004020,2026-01-05 07:49:00,Manabí,Costa,Estándar urbano,Comercio minorista,11.2,194.8,1,Demora en atención,32.55,24.3
LA-000239,2026-01-05 08:11:00,Guayas,Costa,Estándar urbano,Comercio minorista,7.9,168.8,1,Demora en entrega,14.2,8.8
LA-004148,2026-01-05 08:30:00,Manabí,Costa,Estándar urbano,Comercio minorista,10.2,239.3,1,Demora en entrega,25.94,12.8
LA-000457,2026-01-05 08:48:00,Guayas,Costa,Express,Corporativo,5.1,159.0,0,,47.36,3.8
LA-001729,2026-01-05 08:56:00,Pichincha,Sierra,Estándar urbano,Comercio minorista,8.1,102.7,0,,26.33,2.7
LA-004866,2026-01-05 09:03:00,Tungurahua,Sierra,Express,PyME,8.5,28.0,0,,17.86,2.9
LA-000137,2026-01-05 09:13:00,Guayas,Costa,Estándar urbano,PyME,9.0,92.2,0,,30.78,6.6
LA-000494,2026-01-05 09:21:00,Guayas,Costa,Programado,Comercio minorista,5.2,145.4,0,,24.85,2.6
LA-005399,2026-01-05 09:25:00,Loja,Sierra,Estándar urbano,Corporativo,9.3,316.0,0,,35.03,4.7
LA-004059,2026-01-05 09:45:00,Manabí,Costa,Estándar urbano,Comercio minorista,9.2,84.8,0,,18.29,1.4
LA-000066,2026-01-05 09:47:00,Guayas,Costa,Estándar urbano,PyME,10.6,94.1,0,,14.9,15.5
LA-000025,2026-01-05 10:06:00,Guayas,Costa,Estándar urbano,Comercio minorista,8.9,75.1,0,,12.72,5.8
LA-005433,2026-01-05 10:06:00,Loja,Sierra,Estándar urbano,Comercio minorista,9.2,159.2,0,,18.61,14.6
LA-002032,2026-01-05 10:21:00,Pichincha,Sierra,Express,PyME,11.2,45.7,0,,37.96,18.1
LA-004042,2026-01-05 10:27:00,Manabí,Costa,Estándar urbano,PyME,8.1,127.5,0,,10.41,5.6
LA-004115,2026-01-05 10:36:00,Manabí,Costa,Estándar urbano,PyME,11.0,187.9,0,,13.4,21.8
LA-004828,2026-01-05 10:43:00,Tungurahua,Sierra,Estándar urbano,PyME,9.3,126.1,0,,20.58,14.1
LA-004174,2026-01-05 10:53:00,Manabí,Costa,Express,Comercio minorista,11.6,84.8,0,,38.8,24.8
LA-001826,2026-01-05 11:00:00,Pichincha,Sierra,Estándar urbano,Comercio minorista,10.2,130.3,0,,16.88,17.0
LA-000463,2026-01-05 11:01:00,Guayas,Costa,Programado,Comercio minorista,6.4,135.6,0,,14.17,6.9
LA-004732,2026-01-05 11:03:00,Tungurahua,Sierra,Estándar urbano,Comercio minorista,6.2,101.0,0,,13.68,3.2
LA-005385,2026-01-05 11:14:00,Loja,Sierra,Estándar urbano,Comercio minorista,8.2,190.4,0,,11.99,14.7
LA-000421,2026-01-05 11:17:00,Guayas,Costa,Express,Comercio minorista,6.8,75.6,0,,21.85,8.5
LA-000086,2026-01-05 11:18:00,Guayas,Costa,Estándar urbano,Comercio minorista,10.2,145.4,0,,18.28,8.0
LA-004829,2026-01-05 11:55:00,Tungurahua,Sierra,Estándar urbano,Corporativo,2.6,137.5,0,,36.77,28.2
LA-004755,2026-01-05 11:57:00,Tungurahua,Sierra,Estándar urbano,PyME,8.7,144.0,0,,13.96,20.3
LA-001805,2026-01-05 12:11:00,Pichincha,Sierra,Estándar urbano,Comercio minorista,6.8,168.9,0,,23.02,9.4
LA-000189,2026-01-05 12:17:00,Guayas,Costa,Estándar urbano,Comercio minorista,8.6,119.6,0,,18.46,2.9
LA-002081,2026-01-05 12:22:00,Pichincha,Sierra,Express,Comercio minorista,9.8,43.1,0,,26.03,2.7
LA-004045,2026-01-05 12:25:00,Manabí,Costa,Estándar urbano,PyME,10.2,89.1,0,,15.42,6.3
LA-002093,2026-01-05 12:31:00,Pichincha,Sierra,Express,PyME,7.8,61.1,0,,39.15,9.2
LA-000060,2026-01-05 12:48:00,Guayas,Costa,Estándar urbano,PyME,6.4,117.8,0,,15.04,3.1
LA-005426,2026-01-05 13:00:00,Loja,Sierra,Estándar urbano,Comercio minorista,8.5,183.3,0,,10.55,3.3
LA-000401,2026-01-05 13:15:00,Guayas,Costa,Express,PyME,10.7,121.4,0,,32.83,9.9
LA-002162,2026-01-05 13:29:00,Pichincha,Sierra,Programado,Comercio minorista,5.5,116.0,0,,22.08,2.7
LA-005487,2026-01-05 13:35:00,Loja,Sierra,Programado,Comercio minorista,6.9,196.9,0,,23.83,18.9
LA-000310,2026-01-05 13:45:00,Guayas,Costa,Express,Corporativo,8.4,141.5,0,,50.42,22.5
LA-000176,2026-01-05 14:17:00,Guayas,Costa,Estándar urbano,Comercio minorista,10.0,116.9,0,,11.82,1.1
LA-001775,2026-01-05 14:18:00,Pichincha,Sierra,Estándar urbano,Comercio minorista,8.7,116.8,0,,21.36,16.4
LA-000022,2026-01-05 14:30:00,Guayas,Costa,Estándar urbano,Comercio minorista,6.6,144.2,0,,41.82,6.1
LA-000098,2026-01-05 14:46:00,Guayas,Costa,Estándar urbano,Comercio minorista,8.5,377.5,0,,25.44,3.9
LA-000182,2026-01-05 14:46:00,Guayas,Costa,Estándar urbano,PyME,10.0,152.2,0,,31.47,11.6
LA-000061,2026-01-05 15:10:00,Guayas,Costa,Estándar urbano,PyME,8.5,148.5,0,,18.43,3.5
LA-000308,2026-01-05 15:22:00,Guayas,Costa,Express,PyME,6.3,115.4,0,,41.15,4.5
LA-000455,2026-01-05 15:22:00,Guayas,Costa,Express,Comercio minorista,9.3,110.8,0,,23.3,13.2
LA-000233,2026-01-05 15:32:00,Guayas,Costa,Estándar urbano,Comercio minorista,11.3,112.6,0,,14.95,9.6
LA-000229,2026-01-05 15:34:00,Guayas,Costa,Estándar urbano,PyME,8.6,159.7,0,,16.37,3.1
LA-000010,2026-01-05 15:47:00,Guayas,Costa,Estándar urbano,Comercio minorista,9.4,108.0,0,,19.65,1.9
LA-004096,2026-01-05 16:17:00,Manabí,Costa,Estándar urbano,PyME,7.9,88.2,0,,23.71,11.7
LA-002018,2026-01-05 16:26:00,Pichincha,Sierra,Express,PyME,9.4,41.2,0,,35.52,2.2
LA-000329,2026-01-05 17:06:00,Guayas,Costa,Express,Comercio minorista,8.9,70.3,0,,36.39,4.1
LA-003365,2026-01-05 17:42:00,Azuay,Sierra,Estándar urbano,Comercio minorista,8.4,95.3,0,,19.71,1.0
LA-004152,2026-01-05 17:48:00,Manabí,Costa,Estándar urbano,Comercio minorista,9.6,92.0,0,,16.27,5.2
LA-002050,2026-01-05 17:58:00,Pichincha,Sierra,Express,Comercio minorista,8.1,73.7,0,,22.77,2.3
LA-003348,2026-01-05 19:11:00,Azuay,Sierra,Estándar urbano,Comercio minorista,7.2,134.1,0,,20.77,10.5
LA-004820,2026-01-06 07:15:00,Tungurahua,Sierra,Estándar urbano,PyME,4.3,127.6,0,,11.24,12.1
LA-000169,2026-01-06 07:20:00,Guayas,Costa,Estándar urbano,PyME,11.8,155.7,0,,20.98,12.2
LA-001887,2026-01-06 07:25:00,Pichincha,Sierra,Estándar urbano,Comercio minorista,9.3,140.6,0,,22.86,5.8
LA-002026,2026-01-06 07:25:00,Pichincha,Sierra,Express,PyME,10.4,78.9,0,,46.4,6.8
LA-004049,2026-01-06 07:31:00,Manabí,Costa,Estándar urbano,Corporativo,8.6,169.5,0,,38.79,10.6
LA-004770,2026-01-06 07:55:00,Tungurahua,Sierra,Estándar urbano,Corporativo,8.6,89.8,0,,37.76,7.5
LA-001762,2026-01-06 07:57:00,Pichincha,Sierra,Estándar urbano,Corporativo,5.9,142.9,0,,25.43,3.8
LA-000286,2026-01-06 08:13:00,Guayas,Costa,Express,Comercio minorista,9.5,79.7,0,,29.73,3.7
LA-004808,2026-01-06 08:24:00,Tungurahua,Sierra,Estándar urbano,Comercio minorista,9.7,121.1,0,,16.21,21.2
LA-004189,2026-01-06 08:34:00,Manabí,Costa,Express,PyME,8.6,102.3,0,,26.56,2.3
LA-000225,2026-01-06 09:23:00,Guayas,Costa,Estándar urbano,Corporativo,9.7,104.1,0,,49.84,15.0
LA-005475,2026-01-06 09:30:00,Loja,Sierra,Express,Corporativo,7.7,131.1,0,,16.09,1.8
LA-001964,2026-01-06 09:38:00,Pichincha,Sierra,Express,Comercio minorista,9.4,97.0,0,,19.03,12.0
LA-000425,2026-01-06 09:41:00,Guayas,Costa,Express,PyME,10.5,151.3,0,,27.45,6.4
LA-001869,2026-01-06 09:45:00,Pichincha,Sierra,Estándar urbano,Comercio minorista,7.1,118.8,0,,10.22,2.3
LA-005471,2026-01-06 10:01:00,Loja,Sierra,Express,Comercio minorista,9.5,108.6,0,,20.13,15.3
LA-001930,2026-01-06 10:10:00,Pichincha,Sierra,Estándar urbano,PyME,4.1,124.8,0,,27.48,7.9
LA-004846,2026-01-06 10:14:00,Tungurahua,Sierra,Express,Comercio minorista,7.1,121.2,0,,17.5,13.9
LA-004778,2026-01-06 10:36:00,Tungurahua,Sierra,Estándar urbano,Corporativo,8.6,122.5,0,,30.54,3.6
LA-003218,2026-01-06 10:39:00,Azuay,Sierra,Estándar urbano,PyME,8.6,106.5,0,,14.3,6.8
LA-005372,2026-01-06 10:40:00,Loja,Sierra,Estándar urbano,Corporativo,6.9,201.3,0,,18.9,26.6
LA-003435,2026-01-06 10:46:00,Azuay,Sierra,Programado,Comercio minorista,6.4,124.4,0,,17.13,9.3
LA-004816,2026-01-06 10:50:00,Tungurahua,Sierra,Estándar urbano,Comercio minorista,5.9,107.7,0,,21.79,16.7
LA-001943,2026-01-06 10:51:00,Pichincha,Sierra,Express,Comercio minorista,8.8,101.9,0,,31.03,7.3
LA-003217,2026-01-06 11:01:00,Azuay,Sierra,Estándar urbano,Corporativo,4.2,125.0,0,,17.22,4.8
LA-004752,2026-01-06 11:14:00,Tungurahua,Sierra,Estándar urbano,PyME,3.8,215.8,0,,10.92,1.0
LA-005473,2026-01-06 11:33:00,Loja,Sierra,Express,Comercio minorista,8.1,100.9,0,,20.09,11.1
LA-000427,2026-01-06 11:51:00,Guayas,Costa,Express,PyME,10.0,37.1,0,,27.84,7.4
LA-002022,2026-01-06 12:22:00,Pichincha,Sierra,Express,Comercio minorista,8.7,77.4,0,,29.16,11.3
LA-000083,2026-01-06 12:29:00,Guayas,Costa,Estándar urbano,Corporativo,2.6,198.4,0,,64.24,7.4
LA-003219,2026-01-06 12:33:00,Azuay,Sierra,Estándar urbano,PyME,6.4,121.4,0,,15.53,11.9
LA-000127,2026-01-06 12:33:00,Guayas,Costa,Estándar urbano,Comercio minorista,7.3,141.1,0,,20.02,10.6
LA-002177,2026-01-06 12:36:00,Pichincha,Sierra,Programado,Comercio minorista,7.4,137.3,0,,11.49,8.9
LA-004102,2026-01-06 12:39:00,Manabí,Costa,Estándar urbano,Comercio minorista,7.6,108.3,0,,17.98,16.7
LA-000506,2026-01-06 12:40:00,Guayas,Costa,Programado,PyME,6.2,168.8,0,,15.88,10.7
LA-000242,2026-01-06 12:50:00,Guayas,Costa,Estándar urbano,PyME,6.7,141.8,0,,10.96,6.4
LA-002119,2026-01-06 12:57:00,Pichincha,Sierra,Programado,PyME,7.5,130.2,0,,50.48,1.4
LA-000068,2026-01-06 13:02:00,Guayas,Costa,Estándar urbano,PyME,5.4,159.9,0,,16.89,10.7
LA-002101,2026-01-06 13:11:00,Pichincha,Sierra,Programado,Comercio minorista,7.8,150.1,0,,28.37,4.1
LA-005450,2026-01-06 13:14:00,Loja,Sierra,Estándar urbano,Corporativo,8.5,189.2,0,,15.14,17.6
LA-000015,2026-01-06 13:19:00,Guayas,Costa,Estándar urbano,PyME,7.7,154.4,0,,47.53,3.2
LA-000012,2026-01-06 13:20:00,Guayas,Costa,Estándar urbano,Comercio minorista,8.0,101.6,0,,24.96,3.5
LA-002088,2026-01-06 13:46:00,Pichincha,Sierra,Express,PyME,7.6,102.8,0,,39.23,14.4
LA-004133,2026-01-06 13:47:00,Manabí,Costa,Estándar urbano,Corporativo,8.7,128.2,0,,18.51,11.6
LA-000255,2026-01-06 13:54:00,Guayas,Costa,Estándar urbano,Comercio minorista,5.1,154.6,0,,13.54,12.4
LA-004838,2026-01-06 14:00:00,Tungurahua,Sierra,Estándar urbano,Comercio minorista,2.3,128.3,1,Paquete con incidencia,12.36,15.2
LA-002007,2026-01-06 14:19:00,Pichincha,Sierra,Express,PyME,8.0,102.6,0,,27.94,8.8
LA-001803,2026-01-06 14:29:00,Pichincha,Sierra,Estándar urbano,Comercio minorista,9.6,113.4,0,,16.69,5.8
LA-000502,2026-01-06 14:32:00,Guayas,Costa,Programado,Comercio minorista,5.4,237.3,0,,43.44,34.4
LA-004918,2026-01-06 14:32:00,Tungurahua,Sierra,Programado,Comercio minorista,10.4,192.1,0,,15.67,20.6
LA-004041,2026-01-06 14:53:00,Manabí,Costa,Estándar urbano,Comercio minorista,10.0,148.6,0,,10.67,8.4
LA-001797,2026-01-06 15:10:00,Pichincha,Sierra,Estándar urbano,PyME,7.2,108.3,0,,12.37,6.5
LA-000380,2026-01-06 15:20:00,Guayas,Costa,Express,PyME,9.9,112.9,1,Falta de actualización,22.55,8.3
LA-001909,2026-01-06 15:35:00,Pichincha,Sierra,Estándar urbano,Corporativo,10.1,143.2,0,,27.83,18.5
LA-000029,2026-01-06 15:36:00,Guayas,Costa,Estándar urbano,Corporativo,8.8,112.2,0,,30.78,11.2
LA-002100,2026-01-06 15:36:00,Pichincha,Sierra,Express,Comercio minorista,9.5,91.8,0,,27.96,7.0
LA-004083,2026-01-06 15:40:00,Manabí,Costa,Estándar urbano,Comercio minorista,9.5,269.7,0,,26.88,13.2
LA-004753,2026-01-06 15:54:00,Tungurahua,Sierra,Estándar urbano,PyME,6.3,127.8,0,,25.91,10.0
LA-003469,2026-01-06 16:00:00,Azuay,Sierra,Programado,Comercio minorista,5.2,151.2,0,,14.28,3.1
LA-000056,2026-01-06 16:22:00,Guayas,Costa,Estándar urbano,Comercio minorista,11.6,239.0,0,,25.99,1.0
LA-004036,2026-01-06 16:22:00,Manabí,Costa,Estándar urbano,PyME,7.5,137.3,0,,20.86,1.7
LA-001905,2026-01-06 16:24:00,Pichincha,Sierra,Estándar urbano,PyME,7.7,149.1,0,,23.13,10.3
LA-004781,2026-01-06 16:26:00,Tungurahua,Sierra,Estándar urbano,Comercio minorista,10.5,127.0,0,,10.41,15.1
LA-004750,2026-01-06 17:02:00,Tungurahua,Sierra,Estándar urbano,PyME,4.9,128.5,0,,15.24,9.1
LA-003362,2026-01-06 17:58:00,Azuay,Sierra,Estándar urbano,Corporativo,7.1,119.3,0,,13.57,4.4
LA-001997,2026-01-07 07:00:00,Pichincha,Sierra,Express,Comercio minorista,8.8,100.4,0,,17.79,5.3
LA-001854,2026-01-07 07:07:00,Pichincha,Sierra,Estándar urbano,Comercio minorista,7.2,142.4,0,,10.13,5.9
LA-002157,2026-01-07 07:08:00,Pichincha,Sierra,Programado,Corporativo,5.3,129.1,0,,37.98,5.3
LA-000079,2026-01-07 07:12:00,Guayas,Costa,Estándar urbano,PyME,3.8,108.9,0,,25.3,7.0
LA-004902,2026-01-07 07:57:00,Tungurahua,Sierra,Programado,PyME,6.6,133.5,0,,36.0,6.4
LA-001969,2026-01-07 08:03:00,Pichincha,Sierra,Express,PyME,7.4,76.8,0,,29.99,3.1
LA-005496,2026-01-07 08:22:00,Loja,Sierra,Programado,Corporativo,6.9,245.8,0,,27.14,18.6
LA-004077,2026-01-07 08:32:00,Manabí,Costa,Estándar urbano,PyME,8.5,176.8,0,,13.29,3.0
LA-000234,2026-01-07 08:44:00,Guayas,Costa,Estándar urbano,Comercio minorista,5.8,139.5,0,,15.33,9.2
LA-000041,2026-01-07 08:53:00,Guayas,Costa,Estándar urbano,PyME,8.0,158.6,0,,19.62,17.0
LA-003443,2026-01-07 09:00:00,Azuay,Sierra,Programado,PyME,7.9,155.6,0,,17.37,1.5
LA-000094,2026-01-07 09:29:00,Guayas,Costa,Estándar urbano,Comercio minorista,5.4,133.1,0,,18.21,1.0
LA-004833,2026-01-07 09:41:00,Tungurahua,Sierra,Estándar urbano,Corporativo,6.8,127.7,0,,21.67,1.0
LA-002004,2026-01-07 09:45:00,Pichincha,Sierra,Express,PyME,9.0,77.6,0,,30.59,8.7
LA-000488,2026-01-07 10:05:00,Guayas,Costa,Programado,Corporativo,10.3,197.9,0,,24.31,7.7
LA-000271,2026-01-07 10:10:00,Guayas,Costa,Estándar urbano,PyME,6.5,162.0,0,,14.21,11.8
LA-004072,2026-01-07 10:13:00,Manabí,Costa,Estándar urbano,PyME,10.5,237.0,0,,13.98,15.8
LA-004081,2026-01-07 10:14:00,Manabí,Costa,Estándar urbano,PyME,6.6,99.5,0,,15.9,1.7
LA-000243,2026-01-07 10:19:00,Guayas,Costa,Estándar urbano,PyME,12.1,156.8,0,,17.98,5.2
LA-000446,2026-01-07 10:36:00,Guayas,Costa,Express,Comercio minorista,7.2,112.6,0,,20.67,9.8
LA-002053,2026-01-07 10:58:00,Pichincha,Sierra,Express,Comercio minorista,10.8,44.7,0,,25.29,5.2
LA-000188,2026-01-07 11:06:00,Guayas,Costa,Estándar urbano,PyME,9.8,156.4,0,,23.79,6.5
LA-002153,2026-01-07 11:19:00,Pichincha,Sierra,Programado,Comercio minorista,3.5,134.0,0,,11.9,5.7
LA-004742,2026-01-07 11:55:00,Tungurahua,Sierra,Estándar urbano,PyME,7.1,95.3,0,,26.23,1.5
LA-004156,2026-01-07 12:09:00,Manabí,Costa,Estándar urbano,PyME,9.4,136.5,0,,15.42,4.2
LA-002040,2026-01-07 12:14:00,Pichincha,Sierra,Express,PyME,9.1,81.0,0,,17.74,2.4
LA-000076,2026-01-07 12:15:00,Guayas,Costa,Estándar urbano,Comercio minorista,10.1,108.4,0,,21.86,5.9
LA-000442,2026-01-07 12:18:00,Guayas,Costa,Express,PyME,8.6,120.8,0,,40.05,4.4
LA-000448,2026-01-07 12:26:00,Guayas,Costa,Express,Comercio minorista,6.3,112.2,0,,40.12,10.3
LA-002096,2026-01-07 12:28:00,Pichincha,Sierra,Express,Comercio minorista,8.7,65.5,0,,28.99,9.6
LA-002172,2026-01-07 12:30:00,Pichincha,Sierra,Programado,PyME,5.8,144.0,0,,17.82,8.0
LA-004043,2026-01-07 12:44:00,Manabí,Costa,Estándar urbano,PyME,7.1,145.0,0,,21.22,3.1
LA-000150,2026-01-07 12:49:00,Guayas,Costa,Estándar urbano,Comercio minorista,8.9,132.6,0,,8.48,8.8
LA-002179,2026-01-07 12:51:00,Pichincha,Sierra,Programado,PyME,8.9,145.1,0,,25.76,15.3
LA-004218,2026-01-07 12:57:00,Manabí,Costa,Programado,Comercio minorista,7.8,143.3,0,,19.32,19.8
LA-000341,2026-01-07 13:02:00,Guayas,Costa,Express,PyME,8.8,87.8,0,,28.68,17.1
LA-004775,2026-01-07 13:16:00,Tungurahua,Sierra,Estándar urbano,PyME,5.3,137.9,0,,16.1,18.6
LA-003276,2026-01-07 13:20:00,Azuay,Sierra,Estándar urbano,Comercio minorista,4.5,134.2,0,,20.11,7.9
LA-000253,2026-01-07 13:21:00,Guayas,Costa,Estándar urbano,Comercio minorista,10.5,161.5,0,,18.61,5.0
LA-002061,2026-01-07 13:35:00,Pichincha,Sierra,Express,PyME,8.7,78.2,0,,41.4,5.7
LA-002084,2026-01-07 13:37:00,Pichincha,Sierra,Express,PyME,7.1,94.0,0,,20.57,5.9
LA-004795,2026-01-07 13:51:00,Tungurahua,Sierra,Estándar urbano,Comercio minorista,8.5,126.4,0,,17.0,6.3
LA-004800,2026-01-07 13:52:00,Tungurahua,Sierra,Estándar urbano,PyME,5.0,113.1,0,,23.09,2.7
LA-000019,2026-01-07 13:54:00,Guayas,Costa,Estándar urbano,Comercio minorista,10.6,134.5,0,,14.71,13.2
LA-000435,2026-01-07 14:04:00,Guayas,Costa,Express,Comercio minorista,10.7,119.4,0,,27.82,9.5
LA-004876,2026-01-07 14:15:00,Tungurahua,Sierra,Express,Comercio minorista,11.6,61.6,0,,12.99,3.3
LA-001823,2026-01-07 14:22:00,Pichincha,Sierra,Estándar urbano,Comercio minorista,8.0,100.1,0,,16.38,3.6
LA-001936,2026-01-07 14:28:00,Pichincha,Sierra,Estándar urbano,PyME,6.6,131.4,0,,19.41,9.0
LA-000325,2026-01-07 14:32:00,Guayas,Costa,Express,PyME,8.5,111.8,0,,41.14,15.2
LA-005358,2026-01-07 14:50:00,Loja,Sierra,Estándar urbano,Comercio minorista,8.0,162.0,0,,11.22,5.7
LA-002019,2026-01-07 14:59:00,Pichincha,Sierra,Express,Comercio minorista,8.9,59.4,0,,34.57,4.4
LA-004881,2026-01-07 14:59:00,Tungurahua,Sierra,Express,Corporativo,7.3,142.0,0,,40.79,6.4
LA-004018,2026-01-07 15:03:00,Manabí,Costa,Estándar urbano,Corporativo,9.0,224.9,1,Falta de actualización,19.31,16.4
LA-002028,2026-01-07 15:29:00,Pichincha,Sierra,Express,PyME,6.9,85.0,0,,50.05,11.1
LA-003345,2026-01-07 15:48:00,Azuay,Sierra,Estándar urbano,PyME,5.1,138.1,0,,15.56,2.5
LA-001839,2026-01-07 15:52:00,Pichincha,Sierra,Estándar urbano,PyME,10.1,146.5,0,,38.45,14.3
LA-000193,2026-01-07 15:57:00,Guayas,Costa,Estándar urbano,PyME,12.1,100.6,0,,25.41,6.1
LA-005456,2026-01-07 16:06:00,Loja,Sierra,Estándar urbano,Corporativo,6.4,196.9,0,,20.04,23.1
LA-001913,2026-01-07 16:08:00,Pichincha,Sierra,Estándar urbano,PyME,5.0,145.8,0,,36.7,3.2
LA-000510,2026-01-07 16:34:00,Guayas,Costa,Programado,Comercio minorista,7.9,165.2,0,,25.27,8.9
LA-004124,2026-01-07 16:50:00,Manabí,Costa,Estándar urbano,PyME,8.1,108.0,0,,34.38,22.5
LA-001837,2026-01-07 17:04:00,Pichincha,Sierra,Estándar urbano,PyME,4.0,172.8,0,,14.96,11.5
LA-001990,2026-01-07 17:30:00,Pichincha,Sierra,Express,Comercio minorista,10.2,126.6,0,,22.72,17.4
LA-004780,2026-01-07 17:46:00,Tungurahua,Sierra,Estándar urbano,PyME,6.8,100.9,0,,29.11,14.6
LA-004762,2026-01-07 18:19:00,Tungurahua,Sierra,Estándar urbano,Corporativo,11.9,129.4,0,,27.03,8.2
LA-000179,2026-01-07 18:28:00,Guayas,Costa,Estándar urbano,PyME,6.6,122.5,0,,26.24,4.6
LA-000422,2026-01-07 18:42:00,Guayas,Costa,Express,Comercio minorista,8.2,97.1,0,,43.31,12.5
LA-002167,2026-01-07 18:57:00,Pichincha,Sierra,Programado,PyME,5.9,171.5,0,,36.0,7.1
LA-000290,2026-01-07 19:04:00,Guayas,Costa,Express,PyME,7.2,133.6,0,,32.37,14.0
LA-001827,2026-01-07 19:04:00,Pichincha,Sierra,Estándar urbano,Comercio minorista,7.7,160.8,0,,16.07,11.1
LA-003390,2026-01-07 19:19:00,Azuay,Sierra,Express,Corporativo,8.1,75.1,0,,59.81,12.8
LA-004892,2026-01-08 07:09:00,Tungurahua,Sierra,Programado,Corporativo,8.1,96.9,0,,24.75,3.1
LA-000531,2026-01-08 07:55:00,Guayas,Costa,Programado,PyME,7.1,165.5,0,,18.66,9.3
LA-003229,2026-01-08 08:27:00,Azuay,Sierra,Estándar urbano,Corporativo,2.0,116.9,0,,25.78,1.7
LA-002113,2026-01-08 08:48:00,Pichincha,Sierra,Programado,PyME,8.2,157.9,0,,16.79,8.6
LA-000132,2026-01-08 08:54:00,Guayas,Costa,Estándar urbano,Corporativo,6.5,138.8,0,,65.5,18.3
LA-001755,2026-01-08 09:22:00,Pichincha,Sierra,Estándar urbano,PyME,8.6,150.1,0,,19.97,6.7
LA-000429,2026-01-08 09:26:00,Guayas,Costa,Express,Corporativo,10.6,94.6,0,,44.85,4.5
LA-000339,2026-01-08 09:28:00,Guayas,Costa,Express,PyME,5.8,86.2,0,,37.42,18.9
LA-000146,2026-01-08 09:34:00,Guayas,Costa,Estándar urbano,Comercio minorista,7.7,143.0,0,,18.84,5.5
LA-001849,2026-01-08 09:45:00,Pichincha,Sierra,Estándar urbano,Comercio minorista,5.8,134.9,0,,17.05,10.5
LA-004181,2026-01-08 09:46:00,Manabí,Costa,Express,Comercio minorista,11.3,464.3,0,,23.77,24.1
LA-004140,2026-01-08 09:51:00,Manabí,Costa,Estándar urbano,Comercio minorista,11.1,50.0,0,,20.29,1.0
LA-003227,2026-01-08 09:55:00,Azuay,Sierra,Estándar urbano,PyME,4.6,120.7,0,,13.5,7.3
LA-003231,2026-01-08 10:06:00,Azuay,Sierra,Estándar urbano,Comercio minorista,7.8,146.7,1,Paquete con incidencia,24.26,12.2
LA-001925,2026-01-08 10:09:00,Pichincha,Sierra,Estándar urbano,Comercio minorista,7.0,119.2,0,,14.65,4.1
LA-001904,2026-01-08 10:13:00,Pichincha,Sierra,Estándar urbano,PyME,5.6,84.4,0,,14.85,5.2
LA-002165,2026-01-08 10:13:00,Pichincha,Sierra,Programado,PyME,7.4,123.2,0,,32.79,2.1
LA-004798,2026-01-08 10:21:00,Tungurahua,Sierra,Estándar urbano,Comercio minorista,8.9,160.0,0,,14.8,18.1
LA-000473,2026-01-08 10:27:00,Guayas,Costa,Programado,PyME,8.2,157.5,0,,14.99,4.3
LA-000520,2026-01-08 10:28:00,Guayas,Costa,Programado,PyME,5.3,195.4,0,,30.6,15.7
LA-005435,2026-01-08 10:30:00,Loja,Sierra,Estándar urbano,Corporativo,8.7,175.5,0,,38.24,7.7
LA-004835,2026-01-08 10:40:00,Tungurahua,Sierra,Estándar urbano,Corporativo,7.7,118.2,0,,17.75,7.1
LA-000444,2026-01-08 10:43:00,Guayas,Costa,Express,Comercio minorista,8.6,148.0,0,,32.6,14.8
LA-000293,2026-01-08 11:22:00,Guayas,Costa,Express,Comercio minorista,11.4,74.0,0,,31.74,10.9
LA-004801,2026-01-08 11:35:00,Tungurahua,Sierra,Estándar urbano,Comercio minorista,8.0,135.1,0,,12.79,4.5
LA-000528,2026-01-08 11:48:00,Guayas,Costa,Programado,PyME,10.0,186.5,0,,19.6,6.7
LA-004037,2026-01-08 11:49:00,Manabí,Costa,Estándar urbano,Comercio minorista,8.9,212.4,1,Demora en entrega,16.71,8.9
LA-001940,2026-01-08 11:50:00,Pichincha,Sierra,Estándar urbano,PyME,5.6,128.8,0,,16.95,7.8
LA-000201,2026-01-08 11:51:00,Guayas,Costa,Estándar urbano,PyME,8.4,198.8,1,Demora en entrega,26.07,7.7
LA-000170,2026-01-08 11:56:00,Guayas,Costa,Estándar urbano,Corporativo,7.6,127.8,0,,35.08,3.1
LA-000500,2026-01-08 12:00:00,Guayas,Costa,Programado,Comercio minorista,11.8,159.2,0,,16.91,3.5
LA-000058,2026-01-08 12:04:00,Guayas,Costa,Estándar urbano,PyME,7.7,162.8,0,,12.39,13.2
LA-000459,2026-01-08 12:09:00,Guayas,Costa,Express,Comercio minorista,8.9,78.3,1,Demora en entrega,19.27,7.0
LA-004799,2026-01-08 12:18:00,Tungurahua,Sierra,Estándar urbano,Corporativo,6.9,149.0,0,,32.15,11.2
LA-000523,2026-01-08 12:22:00,Guayas,Costa,Programado,PyME,8.0,156.9,0,,37.99,4.5
LA-000470,2026-01-08 12:56:00,Guayas,Costa,Programado,PyME,6.8,133.4,0,,20.04,5.9
LA-003425,2026-01-08 13:09:00,Azuay,Sierra,Programado,PyME,8.5,177.9,0,,34.98,24.9
LA-004196,2026-01-08 13:11:00,Manabí,Costa,Express,Comercio minorista,10.5,62.7,0,,31.37,4.8
LA-005369,2026-01-08 13:14:00,Loja,Sierra,Estándar urbano,Comercio minorista,8.3,139.5,0,,17.69,5.2
LA-000171,2026-01-08 13:49:00,Guayas,Costa,Estándar urbano,Comercio minorista,9.6,131.0,0,,19.34,8.9
LA-004050,2026-01-08 13:52:00,Manabí,Costa,Estándar urbano,Comercio minorista,9.3,201.1,0,,20.69,14.9
LA-000522,2026-01-08 14:00:00,Guayas,Costa,Programado,PyME,8.3,226.5,0,,27.48,15.5
LA-001949,2026-01-08 14:14:00,Pichincha,Sierra,Express,Comercio minorista,8.4,78.0,0,,19.58,3.7
LA-003355,2026-01-08 14:48:00,Azuay,Sierra,Estándar urbano,Comercio minorista,3.8,193.2,0,,21.44,21.1
LA-005461,2026-01-08 14:50:00,Loja,Sierra,Express,Comercio minorista,7.7,128.8,0,,18.98,11.9
LA-004788,2026-01-08 15:09:00,Tungurahua,Sierra,Estándar urbano,Corporativo,6.7,131.3,0,,29.03,15.1
LA-001955,2026-01-08 15:23:00,Pichincha,Sierra,Express,PyME,9.7,142.5,1,Demora en entrega,25.44,8.8
LA-000244,2026-01-08 15:37:00,Guayas,Costa,Estándar urbano,Comercio minorista,4.1,126.8,0,,19.16,5.7
LA-001763,2026-01-08 15:55:00,Pichincha,Sierra,Estándar urbano,Comercio minorista,7.5,321.6,0,,12.25,7.2
LA-005464,2026-01-08 15:58:00,Loja,Sierra,Express,Comercio minorista,9.6,130.8,0,,26.07,29.8
LA-000045,2026-01-08 16:20:00,Guayas,Costa,Estándar urbano,Comercio minorista,6.8,117.5,0,,15.73,15.6
LA-003417,2026-01-08 16:33:00,Azuay,Sierra,Express,Comercio minorista,7.4,100.5,0,,22.97,15.4
LA-001831,2026-01-08 16:54:00,Pichincha,Sierra,Estándar urbano,PyME,7.2,185.4,0,,19.08,15.0
LA-000082,2026-01-08 17:45:00,Guayas,Costa,Estándar urbano,Comercio minorista,8.3,229.8,0,,27.36,4.0
LA-000140,2026-01-08 17:51:00,Guayas,Costa,Estándar urbano,Comercio minorista,8.7,212.5,0,,23.36,18.6
LA-000247,2026-01-09 07:06:00,Guayas,Costa,Estándar urbano,PyME,8.1,125.2,0,,23.98,6.5
LA-004187,2026-01-09 07:24:00,Manabí,Costa,Express,Comercio minorista,9.8,254.5,0,,15.0,22.5
LA-000302,2026-01-09 07:52:00,Guayas,Costa,Express,Comercio minorista,5.1,113.4,0,,15.9,8.3
LA-004066,2026-01-09 08:00:00,Manabí,Costa,Estándar urbano,Comercio minorista,9.1,296.5,0,,36.38,32.2
LA-000319,2026-01-09 08:57:00,Guayas,Costa,Express,Corporativo,5.9,85.2,0,,38.85,6.1
LA-000047,2026-01-09 09:07:00,Guayas,Costa,Estándar urbano,PyME,10.0,143.3,0,,16.29,8.6
LA-001956,2026-01-09 09:16:00,Pichincha,Sierra,Express,Comercio minorista,7.9,104.6,0,,27.35,13.4
LA-004058,2026-01-09 09:30:00,Manabí,Costa,Estándar urbano,PyME,7.3,148.5,0,,26.05,7.8
LA-002074,2026-01-09 09:37:00,Pichincha,Sierra,Express,Comercio minorista,6.5,137.6,0,,14.24,7.8
LA-004019,2026-01-09 09:49:00,Manabí,Costa,Estándar urbano,PyME,9.1,121.0,0,,13.12,6.0
LA-004215,2026-01-09 10:04:00,Manabí,Costa,Programado,Comercio minorista,7.9,166.0,0,,11.92,10.1
LA-000089,2026-01-09 10:06:00,Guayas,Costa,Estándar urbano,Comercio minorista,10.9,179.1,0,,23.87,25.7
LA-000031,2026-01-09 10:24:00,Guayas,Costa,Estándar urbano,Corporativo,7.4,114.2,0,,25.64,3.8
LA-000261,2026-01-09 10:44:00,Guayas,Costa,Estándar urbano,PyME,9.3,87.0,0,,47.35,2.9
LA-004164,2026-01-09 11:00:00,Manabí,Costa,Express,Comercio minorista,9.7,147.7,1,Demora en entrega,20.41,13.1
LA-000512,2026-01-09 11:01:00,Guayas,Costa,Programado,PyME,7.8,177.5,0,,27.52,11.7
LA-004822,2026-01-09 11:07:00,Tungurahua,Sierra,Estándar urbano,PyME,10.7,103.1,0,,13.52,10.7
LA-000215,2026-01-09 11:17:00,Guayas,Costa,Estándar urbano,PyME,8.5,67.7,0,,20.45,3.0
LA-003371,2026-01-09 11:18:00,Azuay,Sierra,Estándar urbano,Corporativo,7.7,135.7,0,,24.73,15.6
LA-004224,2026-01-09 11:18:00,Manabí,Costa,Programado,Comercio minorista,9.2,156.7,0,,20.81,9.3
LA-000074,2026-01-09 11:20:00,Guayas,Costa,Estándar urbano,PyME,5.8,181.7,0,,25.81,15.9
LA-004203,2026-01-09 11:28:00,Manabí,Costa,Express,Corporativo,7.2,178.8,1,Demora en entrega,26.77,9.8
LA-005428,2026-01-09 11:36:00,Loja,Sierra,Estándar urbano,PyME,7.6,192.8,1,Falta de actualización,17.73,32.7
LA-003354,2026-01-09 11:37:00,Azuay,Sierra,Estándar urbano,Comercio minorista,7.7,155.5,0,,14.11,10.2
LA-000413,2026-01-09 12:00:00,Guayas,Costa,Express,Corporativo,7.5,66.1,0,,42.36,18.7
LA-000071,2026-01-09 12:02:00,Guayas,Costa,Estándar urbano,Comercio minorista,8.5,149.8,0,,16.42,2.0
LA-000347,2026-01-09 12:07:00,Guayas,Costa,Express,Corporativo,6.1,102.0,0,,57.25,21.9
LA-001988,2026-01-09 12:10:00,Pichincha,Sierra,Express,Comercio minorista,7.2,86.5,0,,24.06,8.2
LA-000526,2026-01-09 12:11:00,Guayas,Costa,Programado,Corporativo,6.5,191.7,0,,20.41,12.7
LA-004170,2026-01-09 12:13:00,Manabí,Costa,Express,PyME,10.2,49.8,0,,34.65,10.8
LA-003401,2026-01-09 12:23:00,Azuay,Sierra,Express,PyME,8.9,81.7,0,,21.54,12.6
LA-003450,2026-01-09 12:24:00,Azuay,Sierra,Programado,PyME,6.9,114.2,0,,26.34,5.9
LA-005427,2026-01-09 12:32:00,Loja,Sierra,Estándar urbano,Comercio minorista,6.4,165.7,0,,10.0,4.2
LA-005373,2026-01-09 12:35:00,Loja,Sierra,Estándar urbano,Comercio minorista,9.5,200.6,1,Incumplimiento de horario,13.79,7.1
LA-001857,2026-01-09 12:44:00,Pichincha,Sierra,Estándar urbano,Comercio minorista,10.2,136.0,0,,23.59,13.1
LA-002102,2026-01-09 12:44:00,Pichincha,Sierra,Programado,PyME,6.8,136.2,0,,21.81,4.4
LA-001844,2026-01-09 12:48:00,Pichincha,Sierra,Estándar urbano,Comercio minorista,8.5,104.2,0,,9.53,10.1
LA-005391,2026-01-09 12:53:00,Loja,Sierra,Estándar urbano,PyME,3.3,172.4,1,Falta de actualización,18.39,19.2
LA-001811,2026-01-09 13:21:00,Pichincha,Sierra,Estándar urbano,PyME,8.0,132.1,0,,35.89,10.4
LA-001834,2026-01-09 14:00:00,Pichincha,Sierra,Estándar urbano,Corporativo,9.6,143.4,0,,20.59,9.3
LA-000467,2026-01-09 14:38:00,Guayas,Costa,Programado,PyME,4.2,175.9,0,,17.4,8.6
LA-002042,2026-01-09 14:53:00,Pichincha,Sierra,Express,Comercio minorista,9.0,100.8,0,,18.7,14.5
LA-000295,2026-01-09 15:00:00,Guayas,Costa,Express,Comercio minorista,8.0,136.4,0,,28.08,16.5
LA-005474,2026-01-09 15:04:00,Loja,Sierra,Express,Comercio minorista,10.8,84.4,0,,26.73,3.5
LA-004074,2026-01-09 15:31:00,Manabí,Costa,Estándar urbano,PyME,6.5,189.1,1,Incumplimiento de horario,18.94,13.8
LA-000525,2026-01-09 15:35:00,Guayas,Costa,Programado,PyME,8.4,175.2,0,,24.97,12.4
LA-004784,2026-01-09 15:42:00,Tungurahua,Sierra,Estándar urbano,PyME,3.2,134.8,0,,21.33,5.0
LA-004840,2026-01-09 16:21:00,Tungurahua,Sierra,Estándar urbano,Comercio minorista,8.1,80.1,0,,11.69,10.6
LA-000265,2026-01-09 16:34:00,Guayas,Costa,Estándar urbano,Comercio minorista,6.4,125.3,0,,22.32,15.9
LA-004122,2026-01-09 16:42:00,Manabí,Costa,Estándar urbano,PyME,5.2,264.1,0,,15.58,11.9
LA-000042,2026-01-09 17:54:00,Guayas,Costa,Estándar urbano,Comercio minorista,4.7,155.9,0,,20.01,13.1
LA-003281,2026-01-09 18:27:00,Azuay,Sierra,Estándar urbano,Comercio minorista,10.3,130.3,0,,6.5,4.4
LA-004831,2026-01-10 07:13:00,Tungurahua,Sierra,Estándar urbano,PyME,9.6,134.9,0,,36.52,16.5
LA-001840,2026-01-10 07:16:00,Pichincha,Sierra,Estándar urbano,Comercio minorista,6.0,93.8,0,,17.71,1.0
LA-004033,2026-01-10 07:17:00,Manabí,Costa,Estándar urbano,Corporativo,7.1,238.0,0,,20.22,21.4
LA-005371,2026-01-10 07:23:00,Loja,Sierra,Estándar urbano,PyME,9.3,242.6,0,,23.25,16.6
LA-004908,2026-01-10 07:26:00,Tungurahua,Sierra,Programado,Corporativo,6.5,138.5,0,,26.73,3.7
LA-000382,2026-01-10 08:30:00,Guayas,Costa,Express,Comercio minorista,12.7,101.9,0,,43.35,9.3
LA-004854,2026-01-10 08:59:00,Tungurahua,Sierra,Express,Comercio minorista,6.3,78.9,0,,22.22,3.7
LA-000300,2026-01-10 09:10:00,Guayas,Costa,Express,PyME,9.5,43.0,0,,68.49,4.0
LA-003298,2026-01-10 09:11:00,Azuay,Sierra,Estándar urbano,PyME,6.0,129.5,0,,17.8,9.1
LA-000161,2026-01-10 09:28:00,Guayas,Costa,Estándar urbano,Comercio minorista,6.6,157.4,0,,11.73,14.1
LA-003286,2026-01-10 09:30:00,Azuay,Sierra,Estándar urbano,PyME,7.7,136.6,0,,37.44,5.9
LA-004084,2026-01-10 09:39:00,Manabí,Costa,Estándar urbano,Comercio minorista,8.5,220.9,0,,9.8,33.2
LA-002036,2026-01-10 09:58:00,Pichincha,Sierra,Express,PyME,10.3,70.2,1,Falta de actualización,25.51,8.5
LA-001998,2026-01-10 10:50:00,Pichincha,Sierra,Express,Comercio minorista,7.1,65.9,0,,22.17,6.2
LA-003245,2026-01-10 10:52:00,Azuay,Sierra,Estándar urbano,Comercio minorista,9.2,118.8,0,,13.73,1.3
LA-000313,2026-01-10 11:08:00,Guayas,Costa,Express,Comercio minorista,6.2,70.6,0,,29.78,11.7
LA-005453,2026-01-10 11:08:00,Loja,Sierra,Estándar urbano,Corporativo,7.8,226.6,0,,36.67,16.1
LA-005384,2026-01-10 11:17:00,Loja,Sierra,Estándar urbano,PyME,9.4,166.3,0,,18.52,8.4
LA-003351,2026-01-10 11:30:00,Azuay,Sierra,Estándar urbano,Corporativo,6.0,99.1,0,,27.19,2.3
LA-000088,2026-01-10 11:37:00,Guayas,Costa,Estándar urbano,Comercio minorista,5.7,159.5,0,,13.17,20.3
LA-003253,2026-01-10 11:59:00,Azuay,Sierra,Estándar urbano,Comercio minorista,5.1,144.4,1,Falta de actualización,20.42,8.4
LA-004080,2026-01-10 12:01:00,Manabí,Costa,Estándar urbano,Comercio minorista,9.3,155.2,0,,21.44,12.6
LA-003412,2026-01-10 12:18:00,Azuay,Sierra,Express,PyME,4.8,59.5,0,,42.36,10.7
LA-000122,2026-01-10 12:34:00,Guayas,Costa,Estándar urbano,Comercio minorista,10.4,183.8,0,,22.29,11.0
LA-000305,2026-01-10 12:37:00,Guayas,Costa,Express,Comercio minorista,9.1,121.8,0,,33.82,6.1
LA-001780,2026-01-10 12:45:00,Pichincha,Sierra,Estándar urbano,Corporativo,9.4,156.2,0,,24.55,24.3
LA-001934,2026-01-10 12:47:00,Pichincha,Sierra,Estándar urbano,PyME,6.4,163.2,0,,30.56,16.2
LA-004880,2026-01-10 13:03:00,Tungurahua,Sierra,Express,PyME,6.7,49.8,0,,25.56,5.2
LA-004105,2026-01-10 13:33:00,Manabí,Costa,Estándar urbano,PyME,11.3,104.4,0,,22.21,4.2
LA-004153,2026-01-10 13:33:00,Manabí,Costa,Estándar urbano,PyME,11.6,241.8,0,,34.94,29.6
LA-000517,2026-01-10 13:48:00,Guayas,Costa,Programado,Corporativo,5.7,156.0,0,,31.54,5.8
LA-004106,2026-01-10 14:15:00,Manabí,Costa,Estándar urbano,Comercio minorista,10.2,113.9,0,,19.83,8.3
LA-001728,2026-01-10 14:16:00,Pichincha,Sierra,Estándar urbano,Comercio minorista,8.1,178.8,0,,15.92,20.3
LA-002049,2026-01-10 14:19:00,Pichincha,Sierra,Express,PyME,9.1,135.1,0,,17.33,15.4
LA-003394,2026-01-10 14:47:00,Azuay,Sierra,Express,Comercio minorista,8.6,85.0,0,,17.0,2.6
LA-004818,2026-01-10 14:56:00,Tungurahua,Sierra,Estándar urbano,PyME,4.9,137.4,0,,20.07,1.0
LA-002136,2026-01-10 15:02:00,Pichincha,Sierra,Programado,Comercio minorista,8.4,506.9,0,,38.38,19.1
LA-000368,2026-01-10 15:03:00,Guayas,Costa,Express,Comercio minorista,8.7,76.9,0,,23.12,3.8
LA-000390,2026-01-10 15:21:00,Guayas,Costa,Express,Comercio minorista,8.0,127.9,0,,32.24,8.5
LA-003248,2026-01-10 15:28:00,Azuay,Sierra,Estándar urbano,PyME,6.2,118.6,0,,19.15,13.0
LA-003317,2026-01-10 15:31:00,Azuay,Sierra,Estándar urbano,Corporativo,6.0,114.0,0,,14.16,7.5
LA-000016,2026-01-10 15:33:00,Guayas,Costa,Estándar urbano,Comercio minorista,10.6,156.5,0,,16.45,13.2
LA-002138,2026-01-10 15:41:00,Pichincha,Sierra,Programado,PyME,8.1,164.3,0,,21.18,18.2
LA-004190,2026-01-10 16:47:00,Manabí,Costa,Express,PyME,8.4,52.7,0,,20.24,14.2
LA-003391,2026-01-10 17:54:00,Azuay,Sierra,Express,Comercio minorista,8.5,70.1,0,,10.99,8.6
LA-004754,2026-01-10 19:42:00,Tungurahua,Sierra,Estándar urbano,Comercio minorista,10.8,123.4,0,,15.57,9.3
LA-002171,2026-01-11 07:03:00,Pichincha,Sierra,Programado,Comercio minorista,6.7,138.0,0,,19.51,1.3
LA-004759,2026-01-11 07:29:00,Tungurahua,Sierra,Estándar urbano,Comercio minorista,4.0,88.5,0,,12.38,3.0
LA-003292,2026-01-11 07:31:00,Azuay,Sierra,Estándar urbano,Comercio minorista,7.6,109.5,0,,16.6,5.0
LA-004201,2026-01-11 07:42:00,Manabí,Costa,Express,Comercio minorista,9.7,106.5,0,,17.81,14.0
LA-004773,2026-01-11 07:46:00,Tungurahua,Sierra,Estándar urbano,Corporativo,9.7,103.0,0,,24.5,14.9
LA-000489,2026-01-11 07:50:00,Guayas,Costa,Programado,PyME,6.0,134.9,0,,39.92,9.4
LA-004912,2026-01-11 07:52:00,Tungurahua,Sierra,Programado,PyME,7.1,110.7,0,,21.62,3.4
LA-005400,2026-01-11 08:11:00,Loja,Sierra,Estándar urbano,Comercio minorista,4.8,147.5,0,,14.75,8.5
LA-005492,2026-01-11 08:11:00,Loja,Sierra,Programado,Comercio minorista,7.6,181.6,0,,12.81,2.1
LA-005445,2026-01-11 08:56:00,Loja,Sierra,Estándar urbano,Comercio minorista,6.1,128.2,0,,17.07,6.4
LA-000281,2026-01-11 09:13:00,Guayas,Costa,Express,Comercio minorista,8.7,210.0,0,,33.28,2.6
LA-000116,2026-01-11 09:43:00,Guayas,Costa,Estándar urbano,Comercio minorista,9.1,156.7,0,,17.4,7.1
LA-003399,2026-01-11 09:46:00,Azuay,Sierra,Express,PyME,4.9,83.1,0,,31.28,4.2
LA-003451,2026-01-11 09:53:00,Azuay,Sierra,Programado,Comercio minorista,5.8,147.1,0,,19.51,12.3
LA-004165,2026-01-11 10:11:00,Manabí,Costa,Express,Corporativo,7.7,104.4,0,,53.49,1.9
LA-000439,2026-01-11 10:16:00,Guayas,Costa,Express,Corporativo,8.2,100.0,1,Demora en entrega,49.49,9.8
LA-000216,2026-01-11 10:23:00,Guayas,Costa,Estándar urbano,Corporativo,6.3,133.0,0,,28.05,11.1
LA-000490,2026-01-11 10:27:00,Guayas,Costa,Programado,PyME,6.5,180.9,0,,26.02,3.3
LA-004787,2026-01-11 10:38:00,Tungurahua,Sierra,Estándar urbano,PyME,9.9,112.2,0,,17.57,4.2
LA-000353,2026-01-11 11:01:00,Guayas,Costa,Express,Comercio minorista,5.2,104.3,0,,26.13,13.0
LA-004768,2026-01-11 11:01:00,Tungurahua,Sierra,Estándar urbano,PyME,9.2,147.9,0,,13.24,3.8
LA-004794,2026-01-11 11:08:00,Tungurahua,Sierra,Estándar urbano,Comercio minorista,5.5,116.3,0,,15.53,7.1
LA-003462,2026-01-11 11:11:00,Azuay,Sierra,Programado,Comercio minorista,3.5,145.7,0,,17.22,7.0
LA-000464,2026-01-11 11:13:00,Guayas,Costa,Programado,PyME,8.0,188.1,0,,14.29,15.7
LA-004213,2026-01-11 11:15:00,Manabí,Costa,Programado,Comercio minorista,6.5,239.7,0,,32.36,36.0
LA-000210,2026-01-11 11:19:00,Guayas,Costa,Estándar urbano,PyME,7.1,196.9,0,,32.63,35.9
LA-001965,2026-01-11 11:26:00,Pichincha,Sierra,Express,PyME,7.6,100.5,0,,48.98,1.2
LA-002132,2026-01-11 11:32:00,Pichincha,Sierra,Programado,Corporativo,5.0,161.8,0,,27.91,3.4
LA-000001,2026-01-11 11:34:00,Guayas,Costa,Estándar urbano,Corporativo,7.8,115.1,0,,35.27,8.5
LA-004147,2026-01-11 11:38:00,Manabí,Costa,Estándar urbano,PyME,10.5,198.6,0,,23.72,13.9
LA-002073,2026-01-11 11:44:00,Pichincha,Sierra,Express,Comercio minorista,9.3,94.2,0,,27.5,6.4
LA-004722,2026-01-11 11:45:00,Tungurahua,Sierra,Estándar urbano,PyME,8.1,132.6,0,,22.4,11.2
LA-004922,2026-01-11 11:51:00,Tungurahua,Sierra,Programado,PyME,7.0,133.4,0,,29.42,6.2
LA-000317,2026-01-11 11:54:00,Guayas,Costa,Express,PyME,7.3,57.7,0,,25.47,8.4
LA-005380,2026-01-11 11:56:00,Loja,Sierra,Estándar urbano,PyME,10.5,159.5,0,,10.77,4.9
LA-000370,2026-01-11 12:01:00,Guayas,Costa,Express,Comercio minorista,7.4,134.8,0,,23.37,5.5
LA-004040,2026-01-11 12:07:00,Manabí,Costa,Estándar urbano,Comercio minorista,9.6,151.8,0,,12.72,1.1
LA-001802,2026-01-11 12:10:00,Pichincha,Sierra,Estándar urbano,Comercio minorista,6.7,100.4,0,,27.14,1.9
LA-000257,2026-01-11 12:11:00,Guayas,Costa,Estándar urbano,Comercio minorista,8.0,129.9,0,,29.48,14.4
LA-004114,2026-01-11 12:22:00,Manabí,Costa,Estándar urbano,Comercio minorista,10.6,116.9,0,,17.37,6.0
LA-004179,2026-01-11 12:27:00,Manabí,Costa,Express,Comercio minorista,9.1,167.3,0,,55.34,21.2
LA-004123,2026-01-11 12:30:00,Manabí,Costa,Estándar urbano,PyME,11.1,78.2,0,,18.63,19.1
LA-003246,2026-01-11 12:31:00,Azuay,Sierra,Estándar urbano,PyME,4.5,112.4,0,,27.3,7.3
LA-001924,2026-01-11 12:31:00,Pichincha,Sierra,Estándar urbano,Corporativo,5.8,185.3,0,,32.68,20.4
LA-005383,2026-01-11 12:34:00,Loja,Sierra,Estándar urbano,PyME,7.3,192.4,0,,24.26,2.8
LA-000259,2026-01-11 12:35:00,Guayas,Costa,Estándar urbano,PyME,7.9,137.3,0,,28.97,4.1
LA-005396,2026-01-11 13:15:00,Loja,Sierra,Estándar urbano,PyME,6.4,130.5,0,,13.26,10.8
LA-002103,2026-01-11 13:16:00,Pichincha,Sierra,Programado,Comercio minorista,10.3,152.8,0,,14.8,7.1
LA-003373,2026-01-11 13:17:00,Azuay,Sierra,Estándar urbano,Corporativo,4.8,95.6,0,,18.15,2.1
LA-000395,2026-01-11 13:19:00,Guayas,Costa,Express,Corporativo,8.1,90.9,0,,36.97,1.0
LA-000172,2026-01-11 13:37:00,Guayas,Costa,Estándar urbano,Corporativo,2.0,158.3,0,,31.48,5.0
LA-003301,2026-01-11 13:45:00,Azuay,Sierra,Estándar urbano,Comercio minorista,9.0,115.1,1,Paquete con incidencia,26.51,2.0
LA-000184,2026-01-11 13:50:00,Guayas,Costa,Estándar urbano,Comercio minorista,9.4,164.1,0,,27.49,10.5
LA-000105,2026-01-11 14:02:00,Guayas,Costa,Estándar urbano,Comercio minorista,5.8,113.5,0,,17.19,8.4
LA-001749,2026-01-11 14:19:00,Pichincha,Sierra,Estándar urbano,PyME,7.2,124.4,0,,19.13,2.2
LA-000090,2026-01-11 14:22:00,Guayas,Costa,Estándar urbano,Comercio minorista,9.0,140.4,0,,7.48,8.7
LA-001836,2026-01-11 14:28:00,Pichincha,Sierra,Estándar urbano,Corporativo,6.8,127.7,0,,21.77,9.5
LA-001991,2026-01-11 14:34:00,Pichincha,Sierra,Express,Comercio minorista,11.6,125.9,0,,19.01,4.0
LA-005441,2026-01-11 14:35:00,Loja,Sierra,Estándar urbano,Comercio minorista,7.6,153.3,0,,19.1,3.6
LA-001983,2026-01-11 14:45:00,Pichincha,Sierra,Express,PyME,9.6,88.4,0,,54.0,10.5
LA-002104,2026-01-11 14:57:00,Pichincha,Sierra,Programado,Comercio minorista,8.2,167.7,0,,23.21,6.0
LA-002082,2026-01-11 15:03:00,Pichincha,Sierra,Express,Comercio minorista,10.4,72.3,0,,23.25,6.1
LA-000005,2026-01-11 15:20:00,Guayas,Costa,Estándar urbano,Comercio minorista,8.2,153.4,0,,16.51,17.1
LA-005376,2026-01-11 15:22:00,Loja,Sierra,Estándar urbano,Comercio minorista,8.7,156.8,0,,14.16,11.4
LA-004185,2026-01-11 15:54:00,Manabí,Costa,Express,Comercio minorista,10.9,228.4,1,Incumplimiento de horario,25.38,18.8
LA-005408,2026-01-11 16:11:00,Loja,Sierra,Estándar urbano,Corporativo,10.2,145.9,0,,19.24,1.5
LA-004076,2026-01-11 16:11:00,Manabí,Costa,Estándar urbano,Comercio minorista,10.4,133.4,0,,30.92,11.8
LA-003271,2026-01-11 16:31:00,Azuay,Sierra,Estándar urbano,PyME,4.9,112.8,0,,18.87,1.8
LA-002071,2026-01-11 16:33:00,Pichincha,Sierra,Express,Corporativo,4.3,73.8,0,,29.19,2.6
LA-000386,2026-01-11 18:57:00,Guayas,Costa,Express,Corporativo,9.1,133.2,0,,39.54,2.1
LA-001960,2026-01-12 07:16:00,Pichincha,Sierra,Express,PyME,10.7,83.1,0,,19.31,5.6
LA-004914,2026-01-12 07:29:00,Tungurahua,Sierra,Programado,PyME,10.3,139.2,0,,20.57,7.7
LA-001766,2026-01-12 07:36:00,Pichincha,Sierra,Estándar urbano,Comercio minorista,7.4,145.8,0,,17.11,4.1
LA-000115,2026-01-12 07:39:00,Guayas,Costa,Estándar urbano,PyME,8.6,151.3,0,,13.98,10.4
LA-003353,2026-01-12 07:41:00,Azuay,Sierra,Estándar urbano,Comercio minorista,7.4,129.9,0,,15.19,1.0
LA-000112,2026-01-12 07:49:00,Guayas,Costa,Estándar urbano,Comercio minorista,10.0,183.9,0,,9.44,13.8
LA-004111,2026-01-12 07:55:00,Manabí,Costa,Estándar urbano,Comercio minorista,6.7,150.8,0,,16.61,5.3
LA-003431,2026-01-12 08:12:00,Azuay,Sierra,Programado,PyME,2.0,116.7,0,,17.23,5.7
LA-000479,2026-01-12 08:13:00,Guayas,Costa,Programado,Comercio minorista,8.5,119.4,0,,33.72,6.3
LA-004767,2026-01-12 08:16:00,Tungurahua,Sierra,Estándar urbano,PyME,5.5,132.9,0,,14.73,10.0
LA-003442,2026-01-12 08:50:00,Azuay,Sierra,Programado,PyME,9.2,129.1,0,,16.17,2.4
LA-004751,2026-01-12 09:13:00,Tungurahua,Sierra,Estándar urbano,Comercio minorista,4.2,119.0,0,,11.59,18.8
LA-000219,2026-01-12 09:15:00,Guayas,Costa,Estándar urbano,Comercio minorista,6.2,237.0,0,,45.1,28.1
LA-003333,2026-01-12 09:19:00,Azuay,Sierra,Estándar urbano,PyME,6.2,111.6,0,,15.11,9.3
LA-003279,2026-01-12 09:34:00,Azuay,Sierra,Estándar urbano,Comercio minorista,7.7,147.6,0,,17.08,3.1
LA-000035,2026-01-12 09:34:00,Guayas,Costa,Estándar urbano,Comercio minorista,7.4,95.3,0,,14.81,3.0
LA-000222,2026-01-12 09:37:00,Guayas,Costa,Estándar urbano,PyME,8.8,286.8,0,,29.34,16.0
LA-003420,2026-01-12 09:47:00,Azuay,Sierra,Express,Comercio minorista,4.9,47.1,0,,16.73,4.1
LA-002066,2026-01-12 10:03:00,Pichincha,Sierra,Express,Corporativo,8.3,68.2,0,,42.61,6.7
LA-000504,2026-01-12 10:04:00,Guayas,Costa,Programado,Comercio minorista,4.7,209.2,0,,25.83,10.7
LA-005468,2026-01-12 10:08:00,Loja,Sierra,Express,PyME,7.3,115.4,0,,26.69,8.9
LA-005477,2026-01-12 10:16:00,Loja,Sierra,Express,PyME,10.0,105.5,0,,43.67,15.9
LA-002115,2026-01-12 10:18:00,Pichincha,Sierra,Programado,Comercio minorista,9.6,142.4,0,,19.19,7.5
LA-001963,2026-01-12 10:26:00,Pichincha,Sierra,Express,Comercio minorista,8.7,99.2,1,Demora en entrega,60.97,15.8
LA-001958,2026-01-12 10:30:00,Pichincha,Sierra,Express,PyME,9.2,51.3,0,,58.89,8.4
LA-000412,2026-01-12 10:35:00,Guayas,Costa,Express,Corporativo,11.0,113.4,0,,42.9,17.8
LA-001853,2026-01-12 10:45:00,Pichincha,Sierra,Estándar urbano,Comercio minorista,10.0,162.4,0,,24.76,10.1
LA-002154,2026-01-12 10:51:00,Pichincha,Sierra,Programado,PyME,9.1,141.4,0,,36.19,3.7
LA-004885,2026-01-12 10:56:00,Tungurahua,Sierra,Express,PyME,10.7,55.6,0,,29.87,4.3
LA-003304,2026-01-12 11:04:00,Azuay,Sierra,Estándar urbano,PyME,6.9,97.4,0,,17.2,1.3
LA-004782,2026-01-12 11:38:00,Tungurahua,Sierra,Estándar urbano,PyME,7.8,123.1,0,,24.07,12.2
LA-003370,2026-01-12 11:39:00,Azuay,Sierra,Estándar urbano,Comercio minorista,5.7,99.4,0,,19.12,6.8
LA-003452,2026-01-12 11:49:00,Azuay,Sierra,Programado,Comercio minorista,3.1,127.6,0,,25.29,3.9
LA-001765,2026-01-12 11:52:00,Pichincha,Sierra,Estándar urbano,Corporativo,4.0,143.4,0,,26.32,11.3
LA-001774,2026-01-12 11:55:00,Pichincha,Sierra,Estándar urbano,Comercio minorista,5.8,126.0,0,,33.56,3.8
LA-001987,2026-01-12 12:12:00,Pichincha,Sierra,Express,Comercio minorista,7.7,28.0,0,,25.36,3.2
LA-004166,2026-01-12 12:19:00,Manabí,Costa,Express,Corporativo,9.3,52.9,0,,37.89,13.6
LA-002156,2026-01-12 12:20:00,Pichincha,Sierra,Programado,PyME,7.5,123.8,0,,20.29,11.2
LA-002017,2026-01-12 12:26:00,Pichincha,Sierra,Express,PyME,10.3,64.7,0,,31.71,3.2
LA-001890,2026-01-12 12:32:00,Pichincha,Sierra,Estándar urbano,Comercio minorista,6.7,132.7,0,,9.49,9.3
LA-002146,2026-01-12 12:52:00,Pichincha,Sierra,Programado,PyME,4.8,183.9,0,,33.62,20.2
LA-004817,2026-01-12 12:54:00,Tungurahua,Sierra,Estándar urbano,Comercio minorista,5.5,126.5,0,,18.17,1.0
LA-000046,2026-01-12 12:59:00,Guayas,Costa,Estándar urbano,Comercio minorista,10.6,210.5,0,,17.96,25.9
LA-003432,2026-01-12 13:14:00,Azuay,Sierra,Programado,Comercio minorista,6.6,149.0,0,,33.0,8.5
LA-004139,2026-01-12 13:15:00,Manabí,Costa,Estándar urbano,Corporativo,6.2,179.8,0,,33.51,45.0
LA-001885,2026-01-12 13:15:00,Pichincha,Sierra,Estándar urbano,Comercio minorista,9.2,119.2,0,,16.5,5.3
LA-004110,2026-01-12 13:18:00,Manabí,Costa,Estándar urbano,Comercio minorista,8.6,238.4,1,Demora en entrega,10.34,28.8
LA-003225,2026-01-12 13:24:00,Azuay,Sierra,Estándar urbano,Comercio minorista,4.1,126.0,0,,13.46,16.4
LA-000236,2026-01-12 13:34:00,Guayas,Costa,Estándar urbano,Comercio minorista,8.8,193.0,0,,13.72,25.0
LA-001959,2026-01-12 13:43:00,Pichincha,Sierra,Express,Comercio minorista,5.8,94.7,0,,14.76,2.3
LA-003350,2026-01-12 13:49:00,Azuay,Sierra,Estándar urbano,Comercio minorista,5.7,116.8,0,,11.89,3.8
LA-005387,2026-01-12 13:49:00,Loja,Sierra,Estándar urbano,Comercio minorista,6.9,155.1,0,,10.39,22.5
LA-005443,2026-01-12 13:49:00,Loja,Sierra,Estándar urbano,Comercio minorista,6.3,226.2,0,,16.89,14.8
LA-004048,2026-01-12 14:00:00,Manabí,Costa,Estándar urbano,PyME,9.3,28.0,0,,18.88,3.8
LA-004727,2026-01-12 14:30:00,Tungurahua,Sierra,Estándar urbano,PyME,5.0,139.2,0,,16.54,8.6
LA-005393,2026-01-12 14:45:00,Loja,Sierra,Estándar urbano,Corporativo,10.4,200.1,0,,17.72,18.3
LA-004774,2026-01-12 15:17:00,Tungurahua,Sierra,Estándar urbano,Corporativo,8.9,135.0,0,,28.27,10.5
LA-000501,2026-01-12 15:43:00,Guayas,Costa,Programado,PyME,7.1,176.0,0,,15.36,3.1
LA-004906,2026-01-12 15:54:00,Tungurahua,Sierra,Programado,Comercio minorista,8.9,109.1,0,,15.51,11.8
LA-000208,2026-01-12 16:43:00,Guayas,Costa,Estándar urbano,Corporativo,9.5,211.2,0,,30.26,35.3
LA-004226,2026-01-12 16:44:00,Manabí,Costa,Programado,Comercio minorista,12.1,187.3,0,,20.48,18.8
LA-001995,2026-01-12 17:47:00,Pichincha,Sierra,Express,Comercio minorista,10.7,42.9,0,,25.79,17.7
LA-003382,2026-01-12 18:51:00,Azuay,Sierra,Express,Comercio minorista,8.3,74.0,0,,18.56,8.2
LA-004761,2026-01-12 18:51:00,Tungurahua,Sierra,Estándar urbano,Comercio minorista,9.2,131.6,0,,15.69,6.5
LA-003258,2026-01-13 07:02:00,Azuay,Sierra,Estándar urbano,Comercio minorista,5.9,133.7,0,,13.31,8.5
LA-004091,2026-01-13 07:05:00,Manabí,Costa,Estándar urbano,PyME,8.4,145.0,0,,17.27,3.7
LA-004227,2026-01-13 07:09:00,Manabí,Costa,Programado,Comercio minorista,9.0,197.0,0,,24.9,25.2
LA-004783,2026-01-13 07:34:00,Tungurahua,Sierra,Estándar urbano,Comercio minorista,6.1,146.1,0,,16.36,10.4
LA-000340,2026-01-13 07:48:00,Guayas,Costa,Express,Comercio minorista,7.4,55.2,0,,51.86,9.9
LA-002145,2026-01-13 07:50:00,Pichincha,Sierra,Programado,Comercio minorista,5.0,178.1,0,,20.0,9.4
LA-004057,2026-01-13 07:54:00,Manabí,Costa,Estándar urbano,PyME,11.0,236.2,0,,31.17,22.0
LA-005489,2026-01-13 08:06:00,Loja,Sierra,Programado,PyME,7.8,154.5,0,,23.88,5.0
LA-003467,2026-01-13 08:14:00,Azuay,Sierra,Programado,PyME,3.9,134.8,0,,20.57,6.3
LA-002013,2026-01-13 08:50:00,Pichincha,Sierra,Express,Comercio minorista,7.1,44.7,0,,33.59,8.5
LA-000527,2026-01-13 09:01:00,Guayas,Costa,Programado,PyME,7.2,185.4,0,,17.1,15.3
LA-003212,2026-01-13 09:26:00,Azuay,Sierra,Estándar urbano,Comercio minorista,7.3,117.3,0,,24.37,5.9
LA-004860,2026-01-13 09:48:00,Tungurahua,Sierra,Express,Comercio minorista,10.4,77.5,0,,19.6,5.4
LA-004228,2026-01-13 09:53:00,Manabí,Costa,Programado,PyME,6.9,164.2,0,,17.64,4.7
LA-000475,2026-01-13 10:01:00,Guayas,Costa,Programado,Comercio minorista,7.9,160.7,0,,32.21,1.7
LA-003468,2026-01-13 10:11:00,Azuay,Sierra,Programado,Corporativo,8.0,142.3,0,,43.97,11.7
LA-001748,2026-01-13 10:17:00,Pichincha,Sierra,Estándar urbano,Comercio minorista,8.0,120.0,0,,18.91,5.0
LA-003328,2026-01-13 10:32:00,Azuay,Sierra,Estándar urbano,Comercio minorista,5.2,137.9,0,,29.53,16.2
LA-003385,2026-01-13 10:33:00,Azuay,Sierra,Express,PyME,6.4,56.2,1,Falta de actualización,19.93,3.2
LA-004151,2026-01-13 10:33:00,Manabí,Costa,Estándar urbano,Comercio minorista,8.0,46.1,0,,31.27,16.9
LA-002009,2026-01-13 10:39:00,Pichincha,Sierra,Express,PyME,9.0,65.4,0,,28.92,1.5
LA-004779,2026-01-13 10:40:00,Tungurahua,Sierra,Estándar urbano,Comercio minorista,9.7,120.0,0,,8.94,18.5
LA-003325,2026-01-13 10:52:00,Azuay,Sierra,Estándar urbano,Comercio minorista,3.9,113.7,0,,15.25,5.0
LA-000003,2026-01-13 11:05:00,Guayas,Costa,Estándar urbano,PyME,8.2,108.6,0,,9.41,15.3
LA-004739,2026-01-13 11:20:00,Tungurahua,Sierra,Estándar urbano,PyME,4.7,83.6,0,,25.05,2.5
LA-000485,2026-01-13 11:30:00,Guayas,Costa,Programado,Comercio minorista,6.0,150.6,0,,17.23,5.6
LA-000443,2026-01-13 11:31:00,Guayas,Costa,Express,Comercio minorista,9.2,85.7,0,,36.09,12.4
LA-005497,2026-01-13 11:41:00,Loja,Sierra,Programado,PyME,5.7,156.6,0,,25.11,10.1
LA-004068,2026-01-13 11:42:00,Manabí,Costa,Estándar urbano,PyME,10.5,155.0,0,,16.87,9.9
LA-000099,2026-01-13 11:44:00,Guayas,Costa,Estándar urbano,PyME,10.7,336.1,0,,22.86,17.2
LA-000108,2026-01-13 11:48:00,Guayas,Costa,Estándar urbano,PyME,8.1,133.4,0,,27.85,2.5
LA-001819,2026-01-13 12:03:00,Pichincha,Sierra,Estándar urbano,PyME,5.2,120.6,0,,16.21,1.5
LA-004919,2026-01-13 12:05:00,Tungurahua,Sierra,Programado,Comercio minorista,11.4,116.5,0,,27.7,1.6
LA-000023,2026-01-13 12:06:00,Guayas,Costa,Estándar urbano,PyME,8.1,177.4,0,,20.18,17.1
LA-001971,2026-01-13 12:25:00,Pichincha,Sierra,Express,Comercio minorista,7.7,80.6,0,,32.67,12.3
LA-001715,2026-01-13 12:49:00,Pichincha,Sierra,Estándar urbano,PyME,4.4,102.8,0,,34.82,4.2
LA-000503,2026-01-13 13:10:00,Guayas,Costa,Programado,PyME,8.4,200.9,0,,48.1,32.5
LA-005481,2026-01-13 13:11:00,Loja,Sierra,Express,Corporativo,9.5,123.8,0,,47.8,12.4
LA-003214,2026-01-13 13:18:00,Azuay,Sierra,Estándar urbano,Comercio minorista,10.2,130.4,0,,11.1,6.5
LA-000223,2026-01-13 13:29:00,Guayas,Costa,Estándar urbano,Corporativo,9.1,175.8,0,,18.41,13.9
LA-001722,2026-01-13 13:34:00,Pichincha,Sierra,Estándar urbano,Comercio minorista,7.9,119.5,1,Falta de actualización,13.34,8.8
LA-000107,2026-01-13 13:53:00,Guayas,Costa,Estándar urbano,PyME,6.3,151.1,0,,13.62,7.7
LA-004862,2026-01-13 14:20:00,Tungurahua,Sierra,Express,Corporativo,6.3,33.4,0,,33.02,3.0
LA-000224,2026-01-13 14:23:00,Guayas,Costa,Estándar urbano,Corporativo,7.1,148.2,0,,31.17,6.8
LA-001764,2026-01-13 15:09:00,Pichincha,Sierra,Estándar urbano,Corporativo,4.5,129.6,0,,22.83,4.6
LA-004859,2026-01-13 15:14:00,Tungurahua,Sierra,Express,Comercio minorista,8.7,33.1,0,,22.63,2.1
LA-002092,2026-01-13 16:42:00,Pichincha,Sierra,Express,Corporativo,10.0,86.3,0,,30.34,7.6
LA-003439,2026-01-13 17:40:00,Azuay,Sierra,Programado,PyME,5.7,157.3,0,,23.94,13.7
LA-005414,2026-01-13 18:44:00,Loja,Sierra,Estándar urbano,Comercio minorista,8.7,149.4,0,,15.97,4.8
LA-004855,2026-01-13 19:24:00,Tungurahua,Sierra,Express,Comercio minorista,3.8,47.5,0,,19.75,9.6
LA-003342,2026-01-13 19:58:00,Azuay,Sierra,Estándar urbano,Comercio minorista,4.7,106.7,0,,17.43,5.9
LA-000366,2026-01-14 07:01:00,Guayas,Costa,Express,Comercio minorista,9.2,113.7,0,,31.18,21.4
LA-000481,2026-01-14 07:06:00,Guayas,Costa,Programado,Corporativo,7.7,131.1,0,,13.97,3.7
LA-005368,2026-01-14 07:18:00,Loja,Sierra,Estándar urbano,PyME,10.7,141.3,0,,11.53,9.9
LA-004744,2026-01-14 07:18:00,Tungurahua,Sierra,Estándar urbano,Comercio minorista,6.2,130.5,0,,31.82,29.4
LA-003308,2026-01-14 07:25:00,Azuay,Sierra,Estándar urbano,PyME,8.8,95.3,0,,13.27,4.2
LA-000509,2026-01-14 08:15:00,Guayas,Costa,Programado,Corporativo,10.4,159.4,0,,37.81,2.8
LA-001727,2026-01-14 08:21:00,Pichincha,Sierra,Estándar urbano,PyME,6.1,149.6,0,,23.3,3.3
LA-003406,2026-01-14 08:22:00,Azuay,Sierra,Express,Comercio minorista,6.3,67.3,0,,31.18,1.9
LA-004847,2026-01-14 08:23:00,Tungurahua,Sierra,Express,PyME,10.9,57.4,0,,21.97,7.9
LA-003337,2026-01-14 08:25:00,Azuay,Sierra,Estándar urbano,PyME,4.6,99.3,0,,18.67,3.9
LA-003334,2026-01-14 08:53:00,Azuay,Sierra,Estándar urbano,PyME,7.9,99.3,0,,17.42,3.1
LA-003326,2026-01-14 09:09:00,Azuay,Sierra,Estándar urbano,PyME,9.0,113.0,0,,14.9,5.7
LA-003235,2026-01-14 09:17:00,Azuay,Sierra,Estándar urbano,Comercio minorista,6.1,103.7,0,,14.95,6.8
LA-004052,2026-01-14 09:24:00,Manabí,Costa,Estándar urbano,Comercio minorista,13.8,118.3,0,,21.2,15.7
LA-002045,2026-01-14 09:42:00,Pichincha,Sierra,Express,Comercio minorista,10.0,48.7,0,,20.51,1.1
LA-001841,2026-01-14 09:53:00,Pichincha,Sierra,Estándar urbano,Comercio minorista,7.4,119.1,0,,10.67,7.7
LA-004803,2026-01-14 09:53:00,Tungurahua,Sierra,Estándar urbano,Comercio minorista,8.4,138.3,0,,7.84,4.1
LA-000331,2026-01-14 10:05:00,Guayas,Costa,Express,Corporativo,6.8,94.8,0,,47.0,10.3
LA-000345,2026-01-14 10:24:00,Guayas,Costa,Express,Comercio minorista,11.1,87.8,0,,42.09,5.2
LA-003427,2026-01-14 10:46:00,Azuay,Sierra,Programado,PyME,7.1,139.5,0,,29.99,5.0
LA-001825,2026-01-14 10:52:00,Pichincha,Sierra,Estándar urbano,Comercio minorista,8.0,138.6,0,,16.73,9.4
LA-000423,2026-01-14 10:59:00,Guayas,Costa,Express,PyME,9.2,45.1,0,,36.39,5.2
LA-001847,2026-01-14 11:09:00,Pichincha,Sierra,Estándar urbano,Comercio minorista,6.0,85.7,0,,14.19,2.5
LA-004917,2026-01-14 11:12:00,Tungurahua,Sierra,Programado,Comercio minorista,5.6,144.2,0,,14.78,12.7
LA-000125,2026-01-14 11:15:00,Guayas,Costa,Estándar urbano,Comercio minorista,7.5,231.9,0,,26.69,26.1
LA-003453,2026-01-14 11:28:00,Azuay,Sierra,Programado,Comercio minorista,2.0,146.4,0,,14.77,6.1
LA-003273,2026-01-14 12:02:00,Azuay,Sierra,Estándar urbano,PyME,4.5,100.3,0,,14.23,3.9
LA-000128,2026-01-14 12:11:00,Guayas,Costa,Estándar urbano,Comercio minorista,7.9,138.7,0,,15.62,3.8
LA-003368,2026-01-14 12:14:00,Azuay,Sierra,Estándar urbano,Comercio minorista,6.8,107.6,0,,12.52,6.7
LA-004065,2026-01-14 12:18:00,Manabí,Costa,Estándar urbano,Comercio minorista,8.1,91.4,0,,15.74,14.1
LA-001725,2026-01-14 12:52:00,Pichincha,Sierra,Estándar urbano,PyME,7.9,100.0,0,,21.72,2.0
LA-003266,2026-01-14 12:55:00,Azuay,Sierra,Estándar urbano,Corporativo,7.8,96.9,0,,27.83,5.3
LA-000130,2026-01-14 13:08:00,Guayas,Costa,Estándar urbano,Comercio minorista,8.4,114.5,0,,14.9,4.5
LA-004136,2026-01-14 13:34:00,Manabí,Costa,Estándar urbano,PyME,7.3,110.5,1,Falta de actualización,34.04,7.7
LA-004103,2026-01-14 13:41:00,Manabí,Costa,Estándar urbano,PyME,5.0,178.8,0,,15.67,10.1
LA-002159,2026-01-14 13:41:00,Pichincha,Sierra,Programado,Comercio minorista,6.9,169.3,0,,16.23,9.7
LA-001771,2026-01-14 13:44:00,Pichincha,Sierra,Estándar urbano,PyME,6.8,144.1,0,,16.47,2.2
LA-002086,2026-01-14 13:46:00,Pichincha,Sierra,Express,Comercio minorista,8.6,77.5,0,,25.87,9.6
LA-000114,2026-01-14 14:21:00,Guayas,Costa,Estándar urbano,Comercio minorista,9.9,121.7,0,,15.89,9.4
LA-003269,2026-01-14 14:22:00,Azuay,Sierra,Estándar urbano,PyME,5.9,100.5,0,,43.66,2.3
LA-001860,2026-01-14 14:23:00,Pichincha,Sierra,Estándar urbano,Comercio minorista,6.6,83.0,0,,11.95,5.3
LA-000291,2026-01-14 14:25:00,Guayas,Costa,Express,PyME,7.7,147.5,0,,35.14,19.8
LA-004013,2026-01-14 14:29:00,Manabí,Costa,Estándar urbano,PyME,9.1,148.2,0,,10.34,3.6
LA-004723,2026-01-14 14:37:00,Tungurahua,Sierra,Estándar urbano,Comercio minorista,8.8,113.4,0,,13.44,3.6
LA-004220,2026-01-14 14:40:00,Manabí,Costa,Programado,Comercio minorista,9.0,195.0,0,,18.87,17.1
LA-001754,2026-01-14 14:41:00,Pichincha,Sierra,Estándar urbano,PyME,5.7,179.5,0,,40.1,29.0
LA-000159,2026-01-14 15:20:00,Guayas,Costa,Estándar urbano,Comercio minorista,7.2,141.1,0,,35.66,14.1
LA-000269,2026-01-14 15:20:00,Guayas,Costa,Estándar urbano,PyME,11.1,93.3,0,,29.8,1.9
LA-001753,2026-01-14 15:22:00,Pichincha,Sierra,Estándar urbano,Comercio minorista,10.0,106.2,0,,20.22,7.3
LA-000141,2026-01-14 15:45:00,Guayas,Costa,Estándar urbano,Corporativo,10.1,106.6,0,,15.06,1.3
LA-003221,2026-01-14 18:48:00,Azuay,Sierra,Estándar urbano,Comercio minorista,10.0,95.6,0,,18.05,3.1
LA-001982,2026-01-14 18:59:00,Pichincha,Sierra,Express,PyME,9.3,128.1,0,,14.16,1.9
LA-003423,2026-01-15 07:16:00,Azuay,Sierra,Programado,Comercio minorista,3.5,170.7,0,,33.02,15.2
LA-004135,2026-01-15 07:21:00,Manabí,Costa,Estándar urbano,PyME,9.7,134.4,0,,20.12,11.9
LA-004737,2026-01-15 07:34:00,Tungurahua,Sierra,Estándar urbano,PyME,9.2,100.2,0,,9.72,5.1
LA-004877,2026-01-15 07:39:00,Tungurahua,Sierra,Express,PyME,6.6,86.6,0,,35.56,5.5
LA-002107,2026-01-15 07:53:00,Pichincha,Sierra,Programado,Corporativo,8.4,167.4,0,,25.54,21.2
LA-004104,2026-01-15 08:01:00,Manabí,Costa,Estándar urbano,Corporativo,9.0,231.7,0,,23.28,11.9
LA-004116,2026-01-15 08:06:00,Manabí,Costa,Estándar urbano,Comercio minorista,13.9,111.0,0,,15.73,14.7
LA-004223,2026-01-15 08:19:00,Manabí,Costa,Programado,Corporativo,10.0,152.4,0,,32.34,9.7
LA-000452,2026-01-15 08:29:00,Guayas,Costa,Express,PyME,9.3,55.9,1,Demora en entrega,32.56,11.0
LA-000166,2026-01-15 08:42:00,Guayas,Costa,Estándar urbano,PyME,7.9,102.0,0,,16.38,6.1
LA-003437,2026-01-15 09:00:00,Azuay,Sierra,Programado,PyME,7.8,114.7,0,,20.5,3.9
LA-000358,2026-01-15 09:02:00,Guayas,Costa,Express,Comercio minorista,11.3,39.1,0,,47.41,4.7
LA-003223,2026-01-15 09:13:00,Azuay,Sierra,Estándar urbano,PyME,2.3,64.1,0,,12.39,2.7
LA-000207,2026-01-15 09:42:00,Guayas,Costa,Estándar urbano,PyME,8.4,162.3,0,,21.55,6.8
LA-004887,2026-01-15 09:49:00,Tungurahua,Sierra,Express,PyME,5.6,67.7,0,,12.63,3.3
LA-003397,2026-01-15 09:50:00,Azuay,Sierra,Express,PyME,7.7,82.3,0,,31.54,11.2
LA-000095,2026-01-15 10:18:00,Guayas,Costa,Estándar urbano,Comercio minorista,8.3,237.7,0,,20.06,6.1
LA-001917,2026-01-15 10:25:00,Pichincha,Sierra,Estándar urbano,Comercio minorista,7.5,100.5,0,,15.84,4.7
LA-004811,2026-01-15 10:26:00,Tungurahua,Sierra,Estándar urbano,PyME,7.4,125.5,0,,16.55,12.5
LA-005375,2026-01-15 10:39:00,Loja,Sierra,Estándar urbano,Comercio minorista,10.4,155.5,0,,24.56,13.5
LA-005431,2026-01-15 10:47:00,Loja,Sierra,Estándar urbano,PyME,8.9,205.5,0,,38.43,12.6
LA-004868,2026-01-15 10:53:00,Tungurahua,Sierra,Express,Comercio minorista,9.7,39.0,0,,14.08,1.0
LA-001877,2026-01-15 11:04:00,Pichincha,Sierra,Estándar urbano,PyME,8.7,113.7,0,,38.96,8.0
LA-003294,2026-01-15 11:06:00,Azuay,Sierra,Estándar urbano,Comercio minorista,8.6,243.8,0,,25.2,18.3
LA-000124,2026-01-15 11:13:00,Guayas,Costa,Estándar urbano,Comercio minorista,4.5,133.8,0,,11.67,4.3
LA-000508,2026-01-15 11:13:00,Guayas,Costa,Programado,Corporativo,5.2,127.6,0,,44.47,5.1
LA-001894,2026-01-15 11:41:00,Pichincha,Sierra,Estándar urbano,Comercio minorista,7.4,119.0,0,,20.49,21.2
LA-003419,2026-01-15 12:07:00,Azuay,Sierra,Express,Comercio minorista,9.0,57.2,0,,43.04,10.8
LA-000334,2026-01-15 12:16:00,Guayas,Costa,Express,PyME,10.6,45.1,0,,39.85,6.8
LA-003360,2026-01-15 12:32:00,Azuay,Sierra,Estándar urbano,Comercio minorista,3.8,132.2,0,,11.98,1.7
LA-004852,2026-01-15 12:42:00,Tungurahua,Sierra,Express,PyME,6.7,43.7,0,,33.94,10.4
LA-000272,2026-01-15 12:47:00,Guayas,Costa,Estándar urbano,PyME,7.4,164.9,0,,22.68,15.6
LA-004089,2026-01-15 13:03:00,Manabí,Costa,Estándar urbano,PyME,7.9,147.5,1,Demora en entrega,25.06,20.1
LA-002135,2026-01-15 13:03:00,Pichincha,Sierra,Programado,Comercio minorista,5.7,158.5,0,,22.01,10.2
LA-000007,2026-01-15 13:10:00,Guayas,Costa,Estándar urbano,PyME,10.2,121.5,0,,23.29,8.4
LA-005409,2026-01-15 13:21:00,Loja,Sierra,Estándar urbano,PyME,8.2,138.9,0,,19.02,4.9
LA-001979,2026-01-15 13:22:00,Pichincha,Sierra,Express,Comercio minorista,8.2,77.0,0,,13.9,7.0
LA-000250,2026-01-15 13:48:00,Guayas,Costa,Estándar urbano,Corporativo,7.8,167.2,0,,42.37,21.6
LA-001716,2026-01-15 13:48:00,Pichincha,Sierra,Estándar urbano,Comercio minorista,6.2,168.5,0,,16.64,10.6
LA-000282,2026-01-15 13:57:00,Guayas,Costa,Express,PyME,9.7,133.8,0,,44.06,9.6
LA-002140,2026-01-15 14:05:00,Pichincha,Sierra,Programado,PyME,5.9,179.5,0,,43.39,9.1
LA-000256,2026-01-15 14:17:00,Guayas,Costa,Estándar urbano,PyME,6.1,134.1,0,,13.57,4.4
LA-001873,2026-01-15 14:26:00,Pichincha,Sierra,Estándar urbano,Comercio minorista,8.0,154.1,0,,20.11,10.1
LA-001833,2026-01-15 14:31:00,Pichincha,Sierra,Estándar urbano,Comercio minorista,6.3,136.2,0,,45.69,2.7
LA-004025,2026-01-15 14:41:00,Manabí,Costa,Estándar urbano,Comercio minorista,8.6,199.2,0,,13.94,22.6
LA-000374,2026-01-15 14:43:00,Guayas,Costa,Express,PyME,7.5,168.5,0,,41.55,6.4
LA-000160,2026-01-15 14:44:00,Guayas,Costa,Estándar urbano,Corporativo,6.0,133.7,0,,20.11,3.6
LA-001740,2026-01-15 15:07:00,Pichincha,Sierra,Estándar urbano,Corporativo,8.2,103.2,0,,23.53,16.0
LA-002062,2026-01-15 15:25:00,Pichincha,Sierra,Express,PyME,7.4,99.5,0,,52.48,25.7
LA-002014,2026-01-15 15:40:00,Pichincha,Sierra,Express,Comercio minorista,5.5,91.0,0,,22.04,13.9
LA-004843,2026-01-15 15:59:00,Tungurahua,Sierra,Estándar urbano,Corporativo,9.0,115.4,0,,19.19,6.7
LA-005423,2026-01-15 16:28:00,Loja,Sierra,Estándar urbano,PyME,12.2,180.1,0,,36.24,17.5
LA-004078,2026-01-15 16:49:00,Manabí,Costa,Estándar urbano,Comercio minorista,9.4,149.1,0,,16.56,12.6
LA-004162,2026-01-15 16:52:00,Manabí,Costa,Express,Comercio minorista,10.4,115.9,0,,19.79,17.1
LA-001918,2026-01-15 16:59:00,Pichincha,Sierra,Estándar urbano,Corporativo,4.1,108.4,0,,23.98,2.2
LA-004819,2026-01-15 18:01:00,Tungurahua,Sierra,Estándar urbano,Corporativo,6.1,135.9,0,,34.13,6.5
LA-004765,2026-01-15 19:49:00,Tungurahua,Sierra,Estándar urbano,Comercio minorista,8.5,155.9,0,,16.14,7.9
LA-005424,2026-01-16 07:12:00,Loja,Sierra,Estándar urbano,Comercio minorista,9.3,146.6,0,,14.84,7.2
LA-000285,2026-01-16 07:23:00,Guayas,Costa,Express,PyME,8.2,74.7,0,,14.1,12.4
LA-005438,2026-01-16 07:47:00,Loja,Sierra,Estándar urbano,Comercio minorista,8.1,138.1,0,,33.08,9.6
LA-004172,2026-01-16 08:04:00,Manabí,Costa,Express,PyME,11.5,163.2,0,,38.67,36.8
LA-001952,2026-01-16 08:12:00,Pichincha,Sierra,Express,Comercio minorista,12.0,123.9,0,,48.69,23.9
LA-000077,2026-01-16 09:20:00,Guayas,Costa,Estándar urbano,PyME,9.7,149.8,0,,22.16,8.1
LA-003293,2026-01-16 09:23:00,Azuay,Sierra,Estándar urbano,Comercio minorista,9.5,105.0,0,,11.23,4.9
LA-002105,2026-01-16 09:35:00,Pichincha,Sierra,Programado,Comercio minorista,7.8,196.2,0,,38.1,16.3
LA-000499,2026-01-16 09:59:00,Guayas,Costa,Programado,Corporativo,7.1,153.3,0,,26.58,11.0
LA-004225,2026-01-16 10:04:00,Manabí,Costa,Programado,Corporativo,6.8,200.3,0,,27.83,8.4
LA-005405,2026-01-16 10:13:00,Loja,Sierra,Estándar urbano,Comercio minorista,9.4,195.3,0,,24.94,27.8
LA-000433,2026-01-16 10:14:00,Guayas,Costa,Express,Corporativo,5.7,93.1,0,,31.07,7.5
LA-004054,2026-01-16 10:14:00,Manabí,Costa,Estándar urbano,PyME,9.5,110.9,0,,12.89,11.0
LA-003265,2026-01-16 10:55:00,Azuay,Sierra,Estándar urbano,PyME,9.6,110.0,0,,19.99,1.0
LA-000514,2026-01-16 11:27:00,Guayas,Costa,Programado,PyME,7.5,150.4,0,,7.93,9.8
LA-001720,2026-01-16 11:28:00,Pichincha,Sierra,Estándar urbano,PyME,9.2,144.0,0,,25.43,7.8
LA-004821,2026-01-16 11:31:00,Tungurahua,Sierra,Estándar urbano,Comercio minorista,6.5,128.1,0,,21.49,19.6
LA-000483,2026-01-16 11:40:00,Guayas,Costa,Programado,PyME,7.3,164.1,0,,22.6,8.3
LA-005434,2026-01-16 11:40:00,Loja,Sierra,Estándar urbano,PyME,10.7,129.6,0,,22.56,9.5
LA-004895,2026-01-16 11:44:00,Tungurahua,Sierra,Programado,PyME,11.3,159.4,0,,29.22,10.6
LA-004126,2026-01-16 11:54:00,Manabí,Costa,Estándar urbano,PyME,8.2,162.7,0,,21.38,15.3
LA-001799,2026-01-16 12:06:00,Pichincha,Sierra,Estándar urbano,Corporativo,5.6,94.0,0,,25.31,1.5
LA-003310,2026-01-16 12:19:00,Azuay,Sierra,Estándar urbano,PyME,5.5,114.5,0,,22.23,4.5
LA-000268,2026-01-16 12:20:00,Guayas,Costa,Estándar urbano,Corporativo,6.0,145.4,1,Falta de actualización,28.7,8.3
LA-000404,2026-01-16 12:23:00,Guayas,Costa,Express,PyME,10.5,113.6,0,,46.33,7.7
LA-004146,2026-01-16 12:24:00,Manabí,Costa,Estándar urbano,PyME,10.6,175.3,0,,27.08,20.5
LA-001783,2026-01-16 12:25:00,Pichincha,Sierra,Estándar urbano,Corporativo,6.8,126.6,0,,33.01,5.6
LA-001986,2026-01-16 12:26:00,Pichincha,Sierra,Express,Corporativo,8.0,30.2,0,,27.44,2.4
LA-002108,2026-01-16 12:50:00,Pichincha,Sierra,Programado,Comercio minorista,7.9,130.9,0,,31.86,2.0
LA-000411,2026-01-16 12:51:00,Guayas,Costa,Express,Comercio minorista,10.0,75.3,0,,15.99,10.3
LA-002070,2026-01-16 12:58:00,Pichincha,Sierra,Express,Comercio minorista,8.4,46.5,0,,28.84,10.2
LA-004792,2026-01-16 13:02:00,Tungurahua,Sierra,Estándar urbano,Comercio minorista,10.0,96.7,0,,15.19,9.4
LA-002176,2026-01-16 13:16:00,Pichincha,Sierra,Programado,Comercio minorista,9.5,143.1,0,,31.65,11.4
LA-001888,2026-01-16 13:32:00,Pichincha,Sierra,Estándar urbano,Comercio minorista,7.4,93.7,0,,20.06,7.8
LA-001920,2026-01-16 13:32:00,Pichincha,Sierra,Estándar urbano,Corporativo,6.1,124.6,0,,25.54,9.9
LA-003250,2026-01-16 13:40:00,Azuay,Sierra,Estándar urbano,Comercio minorista,10.8,127.4,0,,16.08,8.3
LA-004143,2026-01-16 13:42:00,Manabí,Costa,Estándar urbano,Comercio minorista,9.0,123.9,0,,21.03,5.5
LA-001810,2026-01-16 13:49:00,Pichincha,Sierra,Estándar urbano,PyME,8.1,117.9,0,,18.12,1.7
LA-004073,2026-01-16 13:56:00,Manabí,Costa,Estándar urbano,Corporativo,7.7,90.2,0,,29.21,10.2
LA-003349,2026-01-16 14:01:00,Azuay,Sierra,Estándar urbano,Corporativo,7.8,93.7,0,,26.05,2.1
LA-000318,2026-01-16 14:10:00,Guayas,Costa,Express,PyME,8.1,59.5,0,,30.47,12.4
LA-004212,2026-01-16 14:14:00,Manabí,Costa,Programado,PyME,8.5,192.5,0,,30.04,14.8
LA-004731,2026-01-16 14:19:00,Tungurahua,Sierra,Estándar urbano,Comercio minorista,7.9,158.0,0,,13.01,15.3
LA-000495,2026-01-16 14:51:00,Guayas,Costa,Programado,Comercio minorista,8.1,158.5,0,,24.4,13.7
LA-000135,2026-01-16 15:05:00,Guayas,Costa,Estándar urbano,Comercio minorista,6.4,133.6,0,,42.61,5.4
LA-005353,2026-01-16 15:21:00,Loja,Sierra,Estándar urbano,Corporativo,6.0,121.3,0,,31.77,5.1
LA-000357,2026-01-16 15:28:00,Guayas,Costa,Express,Comercio minorista,8.5,70.1,0,,27.8,6.0
LA-004161,2026-01-16 15:28:00,Manabí,Costa,Estándar urbano,PyME,8.4,135.0,0,,19.34,16.2
LA-002095,2026-01-16 15:49:00,Pichincha,Sierra,Express,PyME,6.6,90.4,0,,15.46,4.1
LA-000240,2026-01-16 16:19:00,Guayas,Costa,Estándar urbano,PyME,9.5,112.0,0,,26.83,4.5
LA-002006,2026-01-16 16:38:00,Pichincha,Sierra,Express,PyME,8.0,100.2,0,,33.95,2.3
LA-000387,2026-01-16 17:03:00,Guayas,Costa,Express,PyME,9.0,119.0,0,,25.41,14.6
LA-001867,2026-01-16 17:05:00,Pichincha,Sierra,Estándar urbano,Comercio minorista,7.4,189.8,0,,13.24,37.1
LA-003422,2026-01-16 17:12:00,Azuay,Sierra,Programado,PyME,7.9,121.0,0,,26.42,2.2
LA-000151,2026-01-16 17:57:00,Guayas,Costa,Estándar urbano,PyME,8.2,140.5,0,,11.05,2.8
LA-001743,2026-01-16 18:19:00,Pichincha,Sierra,Estándar urbano,Comercio minorista,4.6,140.6,0,,12.06,5.8
LA-002112,2026-01-16 19:47:00,Pichincha,Sierra,Programado,PyME,5.6,130.1,0,,31.48,2.6
LA-001790,2026-01-16 19:52:00,Pichincha,Sierra,Estándar urbano,PyME,7.0,137.9,0,,11.4,13.3
LA-003291,2026-01-17 07:12:00,Azuay,Sierra,Estándar urbano,PyME,8.0,121.9,0,,13.34,9.4
LA-000440,2026-01-17 07:23:00,Guayas,Costa,Express,Corporativo,8.5,148.1,1,Demora en entrega,57.71,11.5
LA-001907,2026-01-17 07:26:00,Pichincha,Sierra,Estándar urbano,Corporativo,7.0,130.6,0,,23.71,8.4
LA-001791,2026-01-17 07:41:00,Pichincha,Sierra,Estándar urbano,Comercio minorista,8.8,154.4,0,,23.1,19.3
LA-000183,2026-01-17 09:06:00,Guayas,Costa,Estándar urbano,PyME,7.3,159.5,1,Demora en entrega,13.48,5.1
LA-004234,2026-01-17 09:23:00,Manabí,Costa,Programado,PyME,7.7,176.7,0,,23.58,15.7
LA-000104,2026-01-17 09:40:00,Guayas,Costa,Estándar urbano,Comercio minorista,11.9,102.1,0,,19.03,8.6
LA-005447,2026-01-17 09:40:00,Loja,Sierra,Estándar urbano,PyME,8.7,179.2,0,,14.89,15.8
LA-004032,2026-01-17 09:51:00,Manabí,Costa,Estándar urbano,Comercio minorista,11.1,93.2,1,Demora en entrega,27.09,1.4
LA-000306,2026-01-17 10:23:00,Guayas,Costa,Express,Corporativo,8.1,64.4,0,,43.03,8.1
LA-000332,2026-01-17 10:25:00,Guayas,Costa,Express,Corporativo,6.9,76.7,0,,42.44,17.4
LA-005490,2026-01-17 10:41:00,Loja,Sierra,Programado,Corporativo,5.7,287.1,0,,22.67,16.9
LA-000338,2026-01-17 11:04:00,Guayas,Costa,Express,Comercio minorista,8.8,118.5,0,,39.58,5.2
LA-003277,2026-01-17 11:08:00,Azuay,Sierra,Estándar urbano,Corporativo,5.4,121.7,0,,41.02,10.7
LA-003440,2026-01-17 11:08:00,Azuay,Sierra,Programado,PyME,7.9,139.0,0,,18.03,8.3
LA-003209,2026-01-17 11:12:00,Azuay,Sierra,Estándar urbano,Comercio minorista,5.6,91.2,0,,11.8,3.5
LA-004069,2026-01-17 11:15:00,Manabí,Costa,Estándar urbano,PyME,6.4,153.8,0,,26.53,9.1
LA-005417,2026-01-17 11:30:00,Loja,Sierra,Estándar urbano,Corporativo,7.1,139.7,0,,23.57,10.9
LA-003409,2026-01-17 11:42:00,Azuay,Sierra,Express,PyME,7.6,41.5,0,,21.26,5.2
LA-004736,2026-01-17 12:05:00,Tungurahua,Sierra,Estándar urbano,Comercio minorista,7.1,118.8,0,,16.39,10.1
LA-004772,2026-01-17 12:25:00,Tungurahua,Sierra,Estándar urbano,PyME,8.9,131.3,0,,13.96,7.7
LA-004844,2026-01-17 12:33:00,Tungurahua,Sierra,Estándar urbano,PyME,4.6,95.7,0,,19.15,8.7
LA-001944,2026-01-17 12:34:00,Pichincha,Sierra,Express,Corporativo,5.9,93.2,1,Demora en entrega,38.83,4.2
LA-003449,2026-01-17 13:26:00,Azuay,Sierra,Programado,PyME,2.1,142.5,0,,19.56,5.9
LA-001784,2026-01-17 13:36:00,Pichincha,Sierra,Estándar urbano,Corporativo,5.6,144.7,0,,35.45,7.9
LA-001820,2026-01-17 14:03:00,Pichincha,Sierra,Estándar urbano,Comercio minorista,6.9,166.4,0,,30.02,17.0
LA-003388,2026-01-17 14:18:00,Azuay,Sierra,Express,Comercio minorista,5.9,75.5,0,,32.7,9.1
LA-001962,2026-01-17 14:34:00,Pichincha,Sierra,Express,Comercio minorista,8.0,79.8,0,,28.8,1.0
LA-000320,2026-01-17 14:38:00,Guayas,Costa,Express,Comercio minorista,8.8,83.6,0,,36.48,6.2
LA-000417,2026-01-17 14:40:00,Guayas,Costa,Express,Comercio minorista,10.0,90.6,0,,33.61,22.1
LA-001978,2026-01-17 14:54:00,Pichincha,Sierra,Express,Corporativo,5.5,79.7,0,,46.93,18.4
LA-004812,2026-01-17 15:04:00,Tungurahua,Sierra,Estándar urbano,PyME,6.5,101.2,0,,9.73,5.6
LA-001852,2026-01-17 15:06:00,Pichincha,Sierra,Estándar urbano,Comercio minorista,11.4,157.7,0,,31.87,8.7
LA-000036,2026-01-17 15:19:00,Guayas,Costa,Estándar urbano,PyME,7.2,165.2,0,,17.97,19.9
LA-005430,2026-01-17 15:41:00,Loja,Sierra,Estándar urbano,PyME,5.9,81.9,0,,14.13,5.9
LA-005501,2026-01-17 16:13:00,Loja,Sierra,Programado,PyME,9.7,206.6,0,,16.96,8.5
LA-004038,2026-01-17 16:14:00,Manabí,Costa,Estándar urbano,Comercio minorista,9.6,302.0,0,,28.29,33.2
LA-001951,2026-01-17 16:35:00,Pichincha,Sierra,Express,PyME,9.5,229.7,0,,37.13,7.2
LA-000388,2026-01-17 17:05:00,Guayas,Costa,Express,PyME,9.6,101.9,0,,32.77,9.9
LA-001782,2026-01-17 19:05:00,Pichincha,Sierra,Estándar urbano,Comercio minorista,4.8,145.6,0,,17.88,22.1
LA-000251,2026-01-17 19:53:00,Guayas,Costa,Estándar urbano,Comercio minorista,4.3,184.5,0,,18.13,19.6
LA-003408,2026-01-18 07:01:00,Azuay,Sierra,Express,PyME,2.0,99.4,0,,36.81,12.6
LA-002122,2026-01-18 07:21:00,Pichincha,Sierra,Programado,PyME,8.2,142.5,0,,28.0,10.3
LA-001828,2026-01-18 07:24:00,Pichincha,Sierra,Estándar urbano,Corporativo,8.9,171.6,0,,43.45,29.8
LA-002161,2026-01-18 07:25:00,Pichincha,Sierra,Programado,Corporativo,7.5,151.6,0,,68.03,7.3
LA-002090,2026-01-18 07:27:00,Pichincha,Sierra,Express,Comercio minorista,7.7,79.6,0,,28.14,1.2
LA-003313,2026-01-18 07:31:00,Azuay,Sierra,Estándar urbano,PyME,8.6,116.7,0,,12.63,2.2
LA-002094,2026-01-18 07:32:00,Pichincha,Sierra,Express,PyME,5.3,82.0,0,,27.09,4.5
LA-004061,2026-01-18 07:49:00,Manabí,Costa,Estándar urbano,PyME,8.4,121.8,0,,12.86,11.4
LA-000431,2026-01-18 08:13:00,Guayas,Costa,Express,Comercio minorista,9.5,37.7,0,,39.57,9.1
LA-001752,2026-01-18 08:13:00,Pichincha,Sierra,Estándar urbano,Corporativo,5.6,111.4,0,,34.08,4.4
LA-005466,2026-01-18 08:26:00,Loja,Sierra,Express,PyME,11.1,172.2,0,,35.49,35.8
LA-000392,2026-01-18 08:54:00,Guayas,Costa,Express,Comercio minorista,10.2,97.4,0,,26.8,26.7
LA-001736,2026-01-18 09:02:00,Pichincha,Sierra,Estándar urbano,Comercio minorista,7.4,191.0,0,,23.04,17.9
LA-001756,2026-01-18 09:24:00,Pichincha,Sierra,Estándar urbano,Comercio minorista,9.3,147.7,0,,14.69,8.8
LA-003332,2026-01-18 09:38:00,Azuay,Sierra,Estándar urbano,Comercio minorista,8.0,106.0,0,,18.44,7.1
LA-000407,2026-01-18 09:46:00,Guayas,Costa,Express,Corporativo,9.5,106.3,0,,57.12,8.3
LA-000072,2026-01-18 10:00:00,Guayas,Costa,Estándar urbano,PyME,7.6,164.2,0,,16.57,15.6
LA-003254,2026-01-18 10:02:00,Azuay,Sierra,Estándar urbano,PyME,7.0,115.3,0,,32.71,4.3
LA-000376,2026-01-18 10:10:00,Guayas,Costa,Express,Comercio minorista,10.3,120.8,0,,19.05,8.6
LA-003210,2026-01-18 10:13:00,Azuay,Sierra,Estándar urbano,Corporativo,6.2,141.7,0,,32.09,3.8
LA-003272,2026-01-18 10:20:00,Azuay,Sierra,Estándar urbano,Comercio minorista,5.8,127.8,0,,38.29,6.0
LA-003299,2026-01-18 10:31:00,Azuay,Sierra,Estándar urbano,PyME,6.4,135.4,0,,15.13,5.9
LA-000277,2026-01-18 10:35:00,Guayas,Costa,Estándar urbano,Corporativo,5.9,95.4,0,,24.91,3.9
LA-002047,2026-01-18 10:44:00,Pichincha,Sierra,Express,Comercio minorista,9.1,77.3,0,,19.73,10.7
LA-004118,2026-01-18 10:56:00,Manabí,Costa,Estándar urbano,PyME,7.8,309.6,0,,18.61,11.3
LA-003346,2026-01-18 11:18:00,Azuay,Sierra,Estándar urbano,Comercio minorista,6.4,117.9,0,,19.29,7.1
LA-000365,2026-01-18 11:26:00,Guayas,Costa,Express,Comercio minorista,9.6,103.8,0,,32.64,10.7
LA-001793,2026-01-18 11:47:00,Pichincha,Sierra,Estándar urbano,PyME,6.2,183.9,0,,21.13,8.6
LA-003445,2026-01-18 11:52:00,Azuay,Sierra,Programado,Corporativo,5.8,138.3,0,,45.46,1.0
LA-003372,2026-01-18 11:57:00,Azuay,Sierra,Estándar urbano,PyME,8.4,120.2,0,,8.42,5.6
LA-000465,2026-01-18 11:58:00,Guayas,Costa,Programado,Comercio minorista,7.9,219.6,0,,39.57,8.0
LA-004183,2026-01-18 12:01:00,Manabí,Costa,Express,Corporativo,6.7,413.4,0,,34.75,45.0
LA-005449,2026-01-18 12:09:00,Loja,Sierra,Estándar urbano,Comercio minorista,11.0,168.1,0,,22.39,6.1
LA-002033,2026-01-18 12:16:00,Pichincha,Sierra,Express,Comercio minorista,7.9,75.5,0,,23.19,13.6
LA-000038,2026-01-18 12:17:00,Guayas,Costa,Estándar urbano,Comercio minorista,7.9,132.9,0,,29.42,9.5
LA-001921,2026-01-18 12:18:00,Pichincha,Sierra,Estándar urbano,Comercio minorista,7.1,133.7,0,,12.75,6.9
LA-000118,2026-01-18 12:21:00,Guayas,Costa,Estándar urbano,Comercio minorista,10.1,168.5,0,,15.07,18.0
LA-001984,2026-01-18 12:24:00,Pichincha,Sierra,Express,PyME,6.4,52.7,0,,30.95,1.9
LA-004039,2026-01-18 12:26:00,Manabí,Costa,Estándar urbano,Comercio minorista,5.9,188.2,0,,28.44,4.4
LA-003322,2026-01-18 12:43:00,Azuay,Sierra,Estándar urbano,PyME,6.8,115.9,0,,16.41,7.0
LA-002078,2026-01-18 12:46:00,Pichincha,Sierra,Express,Comercio minorista,7.7,90.1,0,,29.52,7.6
LA-001713,2026-01-18 12:50:00,Pichincha,Sierra,Estándar urbano,PyME,9.6,163.7,0,,37.62,18.2
LA-003327,2026-01-18 13:15:00,Azuay,Sierra,Estándar urbano,PyME,5.1,158.7,0,,17.79,18.5
LA-000466,2026-01-18 13:27:00,Guayas,Costa,Programado,PyME,8.9,265.9,0,,47.92,31.5
LA-000158,2026-01-18 13:35:00,Guayas,Costa,Estándar urbano,Comercio minorista,9.1,85.2,0,,13.1,2.7
LA-004144,2026-01-18 13:36:00,Manabí,Costa,Estándar urbano,PyME,8.8,163.6,0,,27.81,16.6
LA-000432,2026-01-18 13:38:00,Guayas,Costa,Express,PyME,9.1,55.5,0,,31.68,3.9
LA-003211,2026-01-18 13:42:00,Azuay,Sierra,Estándar urbano,Corporativo,5.7,99.1,0,,32.83,5.1
LA-004150,2026-01-18 13:43:00,Manabí,Costa,Estándar urbano,Corporativo,9.5,109.7,0,,29.41,13.0
LA-000157,2026-01-18 14:14:00,Guayas,Costa,Estándar urbano,Comercio minorista,6.4,113.0,0,,19.41,9.3
LA-004060,2026-01-18 14:18:00,Manabí,Costa,Estándar urbano,Comercio minorista,7.0,267.0,0,,21.81,39.1
LA-005389,2026-01-18 14:22:00,Loja,Sierra,Estándar urbano,Comercio minorista,9.6,154.6,0,,16.77,13.7
LA-005413,2026-01-18 14:29:00,Loja,Sierra,Estándar urbano,Comercio minorista,8.8,198.3,0,,11.64,3.9
LA-003389,2026-01-18 14:36:00,Azuay,Sierra,Express,Comercio minorista,6.4,72.7,0,,50.35,12.2
LA-004848,2026-01-18 14:52:00,Tungurahua,Sierra,Express,PyME,7.6,54.8,0,,17.44,4.3
LA-000111,2026-01-18 14:58:00,Guayas,Costa,Estándar urbano,Corporativo,7.4,109.5,0,,32.14,10.6
LA-002116,2026-01-18 15:02:00,Pichincha,Sierra,Programado,Corporativo,6.7,206.6,0,,41.99,20.8
LA-003426,2026-01-18 15:04:00,Azuay,Sierra,Programado,Comercio minorista,5.0,135.5,0,,17.6,8.8
LA-004095,2026-01-18 15:22:00,Manabí,Costa,Estándar urbano,Comercio minorista,9.8,96.2,0,,18.87,15.2
LA-004044,2026-01-18 15:35:00,Manabí,Costa,Estándar urbano,Comercio minorista,8.0,219.2,0,,19.9,18.3
LA-001848,2026-01-18 15:44:00,Pichincha,Sierra,Estándar urbano,PyME,9.1,127.3,0,,16.86,2.1
LA-000333,2026-01-18 15:47:00,Guayas,Costa,Express,Comercio minorista,11.7,125.7,1,Demora en entrega,24.35,29.8
LA-001816,2026-01-18 16:45:00,Pichincha,Sierra,Estándar urbano,Corporativo,8.9,234.8,0,,41.72,30.8
LA-004160,2026-01-18 17:55:00,Manabí,Costa,Estándar urbano,Corporativo,6.7,233.4,0,,21.35,8.6
LA-000021,2026-01-18 17:57:00,Guayas,Costa,Estándar urbano,PyME,10.3,129.2,0,,16.27,21.5
LA-002015,2026-01-19 07:01:00,Pichincha,Sierra,Express,PyME,9.7,80.8,0,,67.41,11.1
LA-000292,2026-01-19 07:04:00,Guayas,Costa,Express,PyME,7.4,113.9,0,,24.65,4.8
LA-004893,2026-01-19 07:32:00,Tungurahua,Sierra,Programado,Corporativo,4.8,213.8,0,,17.34,3.5
LA-000258,2026-01-19 07:57:00,Guayas,Costa,Estándar urbano,Comercio minorista,7.8,176.7,0,,19.55,14.3
LA-004834,2026-01-19 08:22:00,Tungurahua,Sierra,Estándar urbano,Comercio minorista,8.0,130.3,0,,14.33,7.6
LA-002160,2026-01-19 09:09:00,Pichincha,Sierra,Programado,Comercio minorista,6.8,171.7,0,,25.69,11.3
LA-005432,2026-01-19 09:29:00,Loja,Sierra,Estándar urbano,PyME,3.9,226.9,0,,13.63,13.2
LA-003261,2026-01-19 09:51:00,Azuay,Sierra,Estándar urbano,Corporativo,5.0,131.3,0,,32.34,6.6
LA-000034,2026-01-19 10:05:00,Guayas,Costa,Estándar urbano,Comercio minorista,9.8,160.1,1,Falta de actualización,23.19,9.9
LA-005442,2026-01-19 10:13:00,Loja,Sierra,Estándar urbano,Comercio minorista,9.8,202.2,0,,16.57,26.7
LA-003216,2026-01-19 10:21:00,Azuay,Sierra,Estándar urbano,Comercio minorista,6.7,133.5,0,,15.76,6.5
LA-004214,2026-01-19 10:35:00,Manabí,Costa,Programado,PyME,5.0,136.8,0,,10.38,5.3
LA-001945,2026-01-19 10:48:00,Pichincha,Sierra,Express,Comercio minorista,6.8,63.5,0,,24.35,10.1
LA-001739,2026-01-19 10:50:00,Pichincha,Sierra,Estándar urbano,PyME,8.0,87.0,0,,12.93,2.6
LA-001861,2026-01-19 11:07:00,Pichincha,Sierra,Estándar urbano,Comercio minorista,6.8,107.7,0,,21.63,4.5
LA-001927,2026-01-19 11:07:00,Pichincha,Sierra,Estándar urbano,PyME,6.2,137.5,0,,21.28,8.2
LA-000221,2026-01-19 11:14:00,Guayas,Costa,Estándar urbano,Comercio minorista,5.9,174.5,0,,15.45,15.3
LA-000328,2026-01-19 11:14:00,Guayas,Costa,Express,Comercio minorista,10.4,152.4,0,,18.99,9.9
LA-003455,2026-01-19 11:21:00,Azuay,Sierra,Programado,PyME,3.9,164.9,0,,17.5,19.7
LA-003289,2026-01-19 11:41:00,Azuay,Sierra,Estándar urbano,PyME,4.2,110.5,0,,17.62,5.7
LA-000416,2026-01-19 12:04:00,Guayas,Costa,Express,PyME,8.8,136.8,0,,25.35,9.6
LA-001970,2026-01-19 12:06:00,Pichincha,Sierra,Express,Comercio minorista,10.2,124.9,0,,66.0,17.1
LA-001750,2026-01-19 12:08:00,Pichincha,Sierra,Estándar urbano,PyME,5.1,108.3,0,,21.59,3.7
LA-000192,2026-01-19 12:17:00,Guayas,Costa,Estándar urbano,PyME,10.3,136.8,0,,22.74,8.9
LA-003306,2026-01-19 13:12:00,Azuay,Sierra,Estándar urbano,Comercio minorista,4.7,135.4,0,,11.21,6.8
LA-003321,2026-01-19 13:13:00,Azuay,Sierra,Estándar urbano,Comercio minorista,8.5,101.0,0,,16.71,2.1
LA-002120,2026-01-19 13:30:00,Pichincha,Sierra,Programado,Corporativo,5.7,217.0,0,,49.94,33.7
LA-002029,2026-01-19 13:45:00,Pichincha,Sierra,Express,PyME,9.7,106.4,0,,30.15,1.0
LA-004209,2026-01-19 14:03:00,Manabí,Costa,Programado,Comercio minorista,7.0,200.1,0,,17.76,10.9
LA-003242,2026-01-19 14:08:00,Azuay,Sierra,Estándar urbano,Comercio minorista,4.5,132.5,0,,16.52,15.5
LA-004071,2026-01-19 14:56:00,Manabí,Costa,Estándar urbano,PyME,8.0,131.7,0,,22.29,11.3
LA-001851,2026-01-19 15:49:00,Pichincha,Sierra,Estándar urbano,PyME,8.1,116.1,0,,13.57,10.1
LA-003383,2026-01-19 15:51:00,Azuay,Sierra,Express,Comercio minorista,8.7,87.9,0,,16.83,7.0
LA-001813,2026-01-19 16:12:00,Pichincha,Sierra,Estándar urbano,Comercio minorista,8.7,177.9,0,,21.46,17.7
LA-002054,2026-01-19 16:19:00,Pichincha,Sierra,Express,Corporativo,6.2,28.1,0,,43.89,3.1
LA-004901,2026-01-19 16:22:00,Tungurahua,Sierra,Programado,Corporativo,7.0,121.3,0,,24.59,2.0
LA-003364,2026-01-19 16:50:00,Azuay,Sierra,Estándar urbano,PyME,7.5,103.5,0,,25.24,4.6
LA-000484,2026-01-19 16:53:00,Guayas,Costa,Programado,Comercio minorista,6.8,158.2,0,,42.95,11.0
LA-000028,2026-01-19 17:28:00,Guayas,Costa,Estándar urbano,Comercio minorista,8.1,181.4,0,,36.74,12.2
LA-003302,2026-01-19 18:30:00,Azuay,Sierra,Estándar urbano,PyME,2.6,114.7,0,,15.52,7.4
LA-003386,2026-01-19 19:04:00,Azuay,Sierra,Express,Corporativo,9.7,80.6,0,,46.14,6.7
LA-000420,2026-01-19 19:15:00,Guayas,Costa,Express,PyME,10.2,133.2,0,,38.75,6.3
LA-005362,2026-01-19 19:49:00,Loja,Sierra,Estándar urbano,PyME,8.7,154.1,0,,20.76,5.9
LA-000037,2026-01-19 19:56:00,Guayas,Costa,Estándar urbano,Corporativo,8.6,188.2,0,,13.65,20.5
LA-000307,2026-01-20 07:28:00,Guayas,Costa,Express,Corporativo,10.0,134.2,0,,81.84,9.1
LA-004856,2026-01-20 07:39:00,Tungurahua,Sierra,Express,PyME,8.0,48.0,0,,44.98,3.0
LA-000426,2026-01-20 07:55:00,Guayas,Costa,Express,Comercio minorista,7.8,28.0,0,,39.81,4.3
LA-002046,2026-01-20 07:56:00,Pichincha,Sierra,Express,Comercio minorista,14.2,94.3,0,,21.84,5.6
LA-003418,2026-01-20 07:59:00,Azuay,Sierra,Express,Comercio minorista,7.2,96.7,0,,25.11,12.9
LA-003405,2026-01-20 08:00:00,Azuay,Sierra,Express,Comercio minorista,8.6,58.7,0,,14.66,5.4
LA-001919,2026-01-20 08:02:00,Pichincha,Sierra,Estándar urbano,Corporativo,7.1,145.3,0,,23.83,9.1
LA-000511,2026-01-20 08:20:00,Guayas,Costa,Programado,PyME,7.3,165.9,0,,24.96,6.9
LA-004233,2026-01-20 08:31:00,Manabí,Costa,Programado,PyME,7.3,181.3,0,,34.92,8.9
LA-004097,2026-01-20 08:42:00,Manabí,Costa,Estándar urbano,PyME,8.2,160.4,0,,12.48,6.0
LA-000191,2026-01-20 08:56:00,Guayas,Costa,Estándar urbano,Comercio minorista,7.8,142.4,0,,12.06,8.4
LA-004180,2026-01-20 09:06:00,Manabí,Costa,Express,Corporativo,8.9,112.9,0,,25.96,12.5
LA-000360,2026-01-20 09:10:00,Guayas,Costa,Express,Comercio minorista,8.3,100.7,0,,28.23,6.9
LA-000026,2026-01-20 09:27:00,Guayas,Costa,Estándar urbano,Comercio minorista,5.5,134.4,0,,40.21,15.3
LA-001937,2026-01-20 09:29:00,Pichincha,Sierra,Estándar urbano,PyME,7.3,116.6,0,,37.92,10.6
LA-001757,2026-01-20 09:39:00,Pichincha,Sierra,Estándar urbano,PyME,10.9,113.8,0,,20.98,4.4
LA-000408,2026-01-20 09:44:00,Guayas,Costa,Express,Comercio minorista,8.3,127.5,0,,22.44,8.0
LA-000403,2026-01-20 10:14:00,Guayas,Costa,Express,PyME,9.7,116.1,0,,21.91,7.2
LA-004121,2026-01-20 10:16:00,Manabí,Costa,Estándar urbano,Comercio minorista,11.0,220.8,0,,18.81,15.8
LA-003444,2026-01-20 10:27:00,Azuay,Sierra,Programado,Corporativo,6.7,124.3,0,,19.36,3.4
LA-000214,2026-01-20 11:08:00,Guayas,Costa,Estándar urbano,Comercio minorista,9.3,143.3,0,,38.93,8.5
LA-002164,2026-01-20 11:10:00,Pichincha,Sierra,Programado,PyME,8.7,109.4,0,,20.69,4.3
LA-002059,2026-01-20 11:25:00,Pichincha,Sierra,Express,Comercio minorista,10.4,55.8,0,,24.87,1.6
LA-001950,2026-01-20 11:26:00,Pichincha,Sierra,Express,Comercio minorista,6.7,50.8,0,,17.42,2.8
LA-003344,2026-01-20 11:41:00,Azuay,Sierra,Estándar urbano,PyME,5.3,123.6,0,,23.03,1.7
LA-000449,2026-01-20 11:43:00,Guayas,Costa,Express,PyME,8.1,68.8,0,,31.44,6.6
LA-003339,2026-01-20 11:46:00,Azuay,Sierra,Estándar urbano,PyME,7.8,107.3,0,,17.8,2.8
LA-000296,2026-01-20 11:50:00,Guayas,Costa,Express,Comercio minorista,8.3,133.2,0,,31.5,14.2
LA-005498,2026-01-20 11:53:00,Loja,Sierra,Programado,Corporativo,4.5,149.7,0,,16.86,10.3
LA-000050,2026-01-20 11:58:00,Guayas,Costa,Estándar urbano,Comercio minorista,10.4,148.3,0,,18.66,4.5
LA-001882,2026-01-20 12:00:00,Pichincha,Sierra,Estándar urbano,Comercio minorista,8.0,161.3,0,,17.21,2.4
LA-000472,2026-01-20 12:05:00,Guayas,Costa,Programado,PyME,12.3,148.8,0,,21.51,12.8
LA-005493,2026-01-20 12:17:00,Loja,Sierra,Programado,Corporativo,4.5,162.9,0,,35.29,4.4
LA-001773,2026-01-20 12:20:00,Pichincha,Sierra,Estándar urbano,PyME,7.7,168.5,0,,15.41,2.5
LA-001912,2026-01-20 12:23:00,Pichincha,Sierra,Estándar urbano,PyME,6.8,121.9,0,,15.42,8.5
LA-000053,2026-01-20 12:25:00,Guayas,Costa,Estándar urbano,Comercio minorista,8.9,157.8,0,,44.13,29.1
LA-005360,2026-01-20 12:26:00,Loja,Sierra,Estándar urbano,Comercio minorista,7.8,152.2,1,Falta de actualización,10.87,14.1
LA-000054,2026-01-20 12:28:00,Guayas,Costa,Estándar urbano,Corporativo,10.4,223.8,0,,29.74,9.2
LA-000298,2026-01-20 12:29:00,Guayas,Costa,Express,Comercio minorista,9.0,150.3,0,,38.43,10.9
LA-000521,2026-01-20 12:32:00,Guayas,Costa,Programado,Comercio minorista,9.1,209.1,0,,16.71,19.1
LA-000405,2026-01-20 12:37:00,Guayas,Costa,Express,Comercio minorista,9.7,131.7,0,,16.78,7.8
LA-000393,2026-01-20 12:39:00,Guayas,Costa,Express,PyME,6.7,71.1,0,,20.0,4.6
LA-002087,2026-01-20 12:45:00,Pichincha,Sierra,Express,PyME,9.6,91.2,0,,25.4,10.4
LA-005494,2026-01-20 12:49:00,Loja,Sierra,Programado,Comercio minorista,9.0,198.6,0,,12.74,7.2
LA-000227,2026-01-20 12:55:00,Guayas,Costa,Estándar urbano,PyME,13.7,148.8,1,Demora en atención,25.05,10.0
LA-000378,2026-01-20 12:58:00,Guayas,Costa,Express,Comercio minorista,8.5,84.7,0,,21.69,8.1
LA-000451,2026-01-20 12:58:00,Guayas,Costa,Express,Comercio minorista,6.3,89.4,0,,19.75,23.8
LA-004776,2026-01-20 13:02:00,Tungurahua,Sierra,Estándar urbano,Corporativo,6.3,95.9,0,,14.43,1.0
LA-001769,2026-01-20 13:22:00,Pichincha,Sierra,Estándar urbano,Corporativo,6.6,126.9,0,,24.42,3.8
LA-004130,2026-01-20 13:25:00,Manabí,Costa,Estándar urbano,Comercio minorista,9.8,132.0,0,,14.2,2.5
LA-003415,2026-01-20 13:39:00,Azuay,Sierra,Express,PyME,9.0,56.5,0,,25.3,4.4
LA-002178,2026-01-20 14:05:00,Pichincha,Sierra,Programado,Comercio minorista,6.8,145.7,0,,19.04,2.7
LA-004735,2026-01-20 14:10:00,Tungurahua,Sierra,Estándar urbano,Comercio minorista,7.9,137.4,0,,13.2,4.6
LA-004027,2026-01-20 14:18:00,Manabí,Costa,Estándar urbano,Comercio minorista,10.3,114.2,0,,16.47,5.0
LA-001954,2026-01-20 14:32:00,Pichincha,Sierra,Express,PyME,4.1,82.2,0,,19.38,13.1
LA-000496,2026-01-20 14:40:00,Guayas,Costa,Programado,PyME,8.8,148.1,0,,20.63,9.0
LA-001829,2026-01-20 14:42:00,Pichincha,Sierra,Estándar urbano,Corporativo,7.4,81.0,0,,30.89,1.0
LA-000032,2026-01-20 14:50:00,Guayas,Costa,Estándar urbano,Corporativo,6.7,155.4,0,,25.38,1.2
LA-002041,2026-01-20 14:50:00,Pichincha,Sierra,Express,Comercio minorista,6.3,32.3,0,,28.93,1.9
LA-000110,2026-01-20 14:53:00,Guayas,Costa,Estándar urbano,PyME,7.7,130.5,0,,24.25,3.0
LA-000211,2026-01-20 15:25:00,Guayas,Costa,Estándar urbano,Comercio minorista,8.1,122.4,0,,17.37,5.2
LA-000048,2026-01-20 15:26:00,Guayas,Costa,Estándar urbano,Comercio minorista,8.1,177.5,0,,15.68,1.6
LA-000267,2026-01-20 15:46:00,Guayas,Costa,Estándar urbano,Corporativo,8.7,146.7,0,,31.62,7.2
LA-004911,2026-01-20 16:15:00,Tungurahua,Sierra,Programado,Corporativo,7.3,149.2,0,,15.89,6.5
LA-000051,2026-01-20 16:51:00,Guayas,Costa,Estándar urbano,Comercio minorista,7.0,129.6,0,,17.15,11.5
LA-004182,2026-01-20 16:52:00,Manabí,Costa,Express,Comercio minorista,10.2,100.6,0,,32.25,24.0
LA-003236,2026-01-20 18:37:00,Azuay,Sierra,Estándar urbano,PyME,7.2,115.6,0,,28.51,6.5
LA-001947,2026-01-20 19:31:00,Pichincha,Sierra,Express,Comercio minorista,7.6,56.9,0,,21.99,8.0
LA-003297,2026-01-20 19:40:00,Azuay,Sierra,Estándar urbano,Comercio minorista,6.7,107.6,0,,14.35,5.6
LA-004824,2026-01-21 07:22:00,Tungurahua,Sierra,Estándar urbano,PyME,6.5,85.8,1,Demora en entrega,12.33,4.9
LA-004729,2026-01-21 07:34:00,Tungurahua,Sierra,Estándar urbano,PyME,6.6,99.4,0,,17.65,3.6
LA-004205,2026-01-21 07:54:00,Manabí,Costa,Express,Corporativo,9.2,182.3,0,,43.37,15.9
LA-000273,2026-01-21 08:07:00,Guayas,Costa,Estándar urbano,PyME,8.2,153.4,0,,16.94,3.8
LA-003331,2026-01-21 08:39:00,Azuay,Sierra,Estándar urbano,Comercio minorista,7.4,128.4,0,,17.59,10.5
LA-002137,2026-01-21 08:49:00,Pichincha,Sierra,Programado,Comercio minorista,8.2,162.6,0,,20.07,8.1
LA-004853,2026-01-21 09:00:00,Tungurahua,Sierra,Express,Comercio minorista,7.0,55.9,0,,17.36,4.7
LA-000354,2026-01-21 09:01:00,Guayas,Costa,Express,Comercio minorista,8.3,28.0,0,,21.44,4.2
LA-001818,2026-01-21 09:25:00,Pichincha,Sierra,Estándar urbano,Comercio minorista,8.2,129.6,0,,19.61,2.6
LA-003424,2026-01-21 09:32:00,Azuay,Sierra,Programado,Comercio minorista,5.6,146.3,0,,19.19,5.0
LA-004758,2026-01-21 10:10:00,Tungurahua,Sierra,Estándar urbano,Comercio minorista,5.1,116.1,0,,40.5,2.9
LA-005463,2026-01-21 10:13:00,Loja,Sierra,Express,PyME,9.0,103.2,0,,32.46,6.3
LA-002125,2026-01-21 10:30:00,Pichincha,Sierra,Programado,PyME,8.9,122.6,0,,20.68,6.1
LA-000190,2026-01-21 10:37:00,Guayas,Costa,Estándar urbano,Comercio minorista,7.9,110.9,0,,12.19,5.1
LA-004726,2026-01-21 10:43:00,Tungurahua,Sierra,Estándar urbano,Corporativo,8.5,101.8,0,,28.79,11.9
LA-001788,2026-01-21 10:55:00,Pichincha,Sierra,Estándar urbano,Comercio minorista,9.6,142.0,0,,14.6,3.8
LA-000213,2026-01-21 11:16:00,Guayas,Costa,Estándar urbano,Comercio minorista,8.0,126.2,0,,13.41,5.8
LA-004913,2026-01-21 11:16:00,Tungurahua,Sierra,Programado,Corporativo,8.5,146.4,0,,18.77,10.5
LA-003283,2026-01-21 11:20:00,Azuay,Sierra,Estándar urbano,PyME,8.3,149.2,0,,16.44,5.7
LA-002035,2026-01-21 11:22:00,Pichincha,Sierra,Express,PyME,9.7,90.1,0,,28.97,4.2
LA-000372,2026-01-21 11:58:00,Guayas,Costa,Express,Comercio minorista,9.6,266.0,0,,24.75,10.7
LA-002141,2026-01-21 12:09:00,Pichincha,Sierra,Programado,Comercio minorista,7.0,179.2,0,,25.41,12.5
LA-001726,2026-01-21 12:12:00,Pichincha,Sierra,Estándar urbano,Comercio minorista,11.8,137.8,0,,14.0,3.4
LA-003430,2026-01-21 12:21:00,Azuay,Sierra,Programado,PyME,9.2,124.2,0,,29.85,4.4
LA-004053,2026-01-21 12:21:00,Manabí,Costa,Estándar urbano,Corporativo,8.8,297.2,0,,35.38,20.3
LA-002098,2026-01-21 12:29:00,Pichincha,Sierra,Express,Corporativo,8.8,52.4,0,,39.11,1.0
LA-003380,2026-01-21 12:32:00,Azuay,Sierra,Express,Comercio minorista,8.1,43.1,0,,25.87,2.2
LA-003323,2026-01-21 12:33:00,Azuay,Sierra,Estándar urbano,PyME,8.7,105.2,0,,20.03,4.8
LA-000113,2026-01-21 12:37:00,Guayas,Costa,Estándar urbano,Comercio minorista,9.2,188.5,0,,26.51,16.5
LA-002121,2026-01-21 12:44:00,Pichincha,Sierra,Programado,Comercio minorista,5.5,130.7,0,,21.29,2.2
LA-003318,2026-01-21 12:46:00,Azuay,Sierra,Estándar urbano,Comercio minorista,7.7,124.7,0,,11.55,12.2
LA-003369,2026-01-21 12:50:00,Azuay,Sierra,Estándar urbano,Comercio minorista,10.1,127.8,0,,12.02,7.5
LA-000156,2026-01-21 12:54:00,Guayas,Costa,Estándar urbano,Comercio minorista,7.7,134.9,0,,13.16,2.0
LA-001914,2026-01-21 12:56:00,Pichincha,Sierra,Estándar urbano,Comercio minorista,9.0,144.6,0,,22.83,23.9
LA-002002,2026-01-21 12:56:00,Pichincha,Sierra,Express,Corporativo,7.2,65.4,0,,24.57,12.3
LA-004882,2026-01-21 12:56:00,Tungurahua,Sierra,Express,Comercio minorista,8.0,68.2,0,,17.42,2.6
LA-000070,2026-01-21 13:20:00,Guayas,Costa,Estándar urbano,Comercio minorista,8.8,188.7,0,,16.99,26.6
LA-000043,2026-01-21 13:30:00,Guayas,Costa,Estándar urbano,PyME,6.1,218.2,0,,27.23,19.4
LA-004858,2026-01-21 13:30:00,Tungurahua,Sierra,Express,PyME,10.4,104.6,0,,26.15,14.6
LA-004888,2026-01-21 13:32:00,Tungurahua,Sierra,Express,Comercio minorista,7.9,68.4,0,,22.71,17.6
LA-004769,2026-01-21 13:40:00,Tungurahua,Sierra,Estándar urbano,Comercio minorista,7.7,90.0,0,,14.13,6.6
LA-000226,2026-01-21 14:01:00,Guayas,Costa,Estándar urbano,Comercio minorista,8.1,204.3,0,,23.65,10.3
LA-002110,2026-01-21 14:02:00,Pichincha,Sierra,Programado,PyME,3.0,105.7,0,,23.69,2.7
LA-004923,2026-01-21 14:09:00,Tungurahua,Sierra,Programado,Corporativo,6.5,221.1,0,,34.24,5.1
LA-004777,2026-01-21 14:14:00,Tungurahua,Sierra,Estándar urbano,Comercio minorista,7.6,151.0,0,,19.52,14.4
LA-004092,2026-01-21 14:18:00,Manabí,Costa,Estándar urbano,Comercio minorista,12.1,106.5,0,,12.39,8.8
LA-004109,2026-01-21 14:19:00,Manabí,Costa,Estándar urbano,Comercio minorista,9.7,145.6,0,,8.53,10.9
LA-003358,2026-01-21 14:20:00,Azuay,Sierra,Estándar urbano,Comercio minorista,3.4,131.2,0,,13.59,10.6
LA-004730,2026-01-21 14:22:00,Tungurahua,Sierra,Estándar urbano,Comercio minorista,7.0,82.5,0,,26.16,7.6
LA-002001,2026-01-21 14:28:00,Pichincha,Sierra,Express,Corporativo,5.7,70.8,0,,57.26,2.0
LA-004786,2026-01-21 14:49:00,Tungurahua,Sierra,Estándar urbano,Comercio minorista,7.6,135.6,0,,27.05,9.8
LA-004128,2026-01-21 14:59:00,Manabí,Costa,Estándar urbano,PyME,6.4,257.8,0,,13.74,22.1
LA-000002,2026-01-21 15:43:00,Guayas,Costa,Estándar urbano,Corporativo,5.3,162.6,0,,28.98,10.3
LA-004207,2026-01-21 15:51:00,Manabí,Costa,Express,PyME,10.4,266.0,0,,46.0,34.0
LA-005397,2026-01-21 15:54:00,Loja,Sierra,Estándar urbano,PyME,11.0,113.4,0,,20.61,4.3
LA-001906,2026-01-21 16:16:00,Pichincha,Sierra,Estándar urbano,Comercio minorista,8.8,163.5,0,,19.47,13.2
LA-002152,2026-01-21 16:33:00,Pichincha,Sierra,Programado,Comercio minorista,6.3,169.0,0,,16.62,2.0
LA-005407,2026-01-21 16:45:00,Loja,Sierra,Estándar urbano,PyME,7.0,178.5,0,,14.25,1.8
LA-000415,2026-01-21 17:04:00,Guayas,Costa,Express,PyME,9.1,89.0,0,,49.82,15.0
LA-004229,2026-01-21 17:39:00,Manabí,Costa,Programado,PyME,7.4,153.7,0,,19.16,21.4
LA-000424,2026-01-22 07:05:00,Guayas,Costa,Express,Comercio minorista,10.4,161.7,0,,22.82,6.3
LA-005452,2026-01-22 07:12:00,Loja,Sierra,Estándar urbano,Comercio minorista,8.4,235.7,0,,12.26,35.1
LA-000044,2026-01-22 07:17:00,Guayas,Costa,Estándar urbano,Corporativo,8.6,140.7,0,,21.84,3.3
LA-002075,2026-01-22 07:23:00,Pichincha,Sierra,Express,Comercio minorista,8.5,87.7,0,,36.05,11.8
LA-001900,2026-01-22 07:40:00,Pichincha,Sierra,Estándar urbano,Comercio minorista,8.6,123.2,0,,17.01,7.3
LA-004900,2026-01-22 07:58:00,Tungurahua,Sierra,Programado,Corporativo,5.7,145.9,0,,22.7,8.3
LA-000361,2026-01-22 09:10:00,Guayas,Costa,Express,Comercio minorista,9.5,79.4,0,,36.32,13.9
LA-000181,2026-01-22 09:29:00,Guayas,Costa,Estándar urbano,PyME,9.3,177.4,0,,26.44,23.9
LA-001830,2026-01-22 09:32:00,Pichincha,Sierra,Estándar urbano,Comercio minorista,9.3,125.1,0,,15.9,4.3
LA-003414,2026-01-22 09:45:00,Azuay,Sierra,Express,PyME,11.0,95.5,0,,22.05,7.4
LA-004098,2026-01-22 09:46:00,Manabí,Costa,Estándar urbano,Corporativo,11.0,218.9,1,Demora en atención,18.27,6.1
LA-003256,2026-01-22 09:55:00,Azuay,Sierra,Estándar urbano,PyME,7.8,101.5,0,,17.55,1.8
LA-000507,2026-01-22 09:58:00,Guayas,Costa,Programado,Comercio minorista,6.4,143.9,0,,14.69,6.4
LA-000377,2026-01-22 09:59:00,Guayas,Costa,Express,PyME,11.1,38.8,0,,24.96,3.7
LA-005429,2026-01-22 10:05:00,Loja,Sierra,Estándar urbano,PyME,9.1,109.3,0,,19.28,2.3
LA-002143,2026-01-22 10:11:00,Pichincha,Sierra,Programado,Corporativo,7.3,168.7,0,,59.23,13.7
LA-004733,2026-01-22 10:16:00,Tungurahua,Sierra,Estándar urbano,PyME,9.8,108.3,0,,21.71,1.0
LA-002111,2026-01-22 10:18:00,Pichincha,Sierra,Programado,PyME,4.8,170.8,0,,26.87,3.9
LA-000278,2026-01-22 10:44:00,Guayas,Costa,Express,Corporativo,5.5,99.2,0,,54.44,6.4
LA-003381,2026-01-22 10:45:00,Azuay,Sierra,Express,Comercio minorista,7.7,56.5,0,,31.61,2.8
LA-003416,2026-01-22 10:55:00,Azuay,Sierra,Express,Comercio minorista,5.9,57.2,0,,16.37,13.6
LA-001875,2026-01-22 11:03:00,Pichincha,Sierra,Estándar urbano,Comercio minorista,4.9,98.9,0,,23.98,1.2
LA-005495,2026-01-22 11:11:00,Loja,Sierra,Programado,Corporativo,8.5,200.6,0,,25.43,8.8
LA-002109,2026-01-22 11:13:00,Pichincha,Sierra,Programado,Comercio minorista,7.1,138.3,0,,21.2,6.8
LA-005406,2026-01-22 11:17:00,Loja,Sierra,Estándar urbano,PyME,7.9,289.7,0,,11.21,8.1
LA-003374,2026-01-22 11:23:00,Azuay,Sierra,Express,Comercio minorista,8.5,54.5,0,,50.32,4.1
LA-004871,2026-01-22 11:24:00,Tungurahua,Sierra,Express,Corporativo,6.6,66.5,0,,44.56,5.5
LA-000092,2026-01-22 11:40:00,Guayas,Costa,Estándar urbano,PyME,8.4,172.4,0,,17.31,15.6
LA-000428,2026-01-22 11:46:00,Guayas,Costa,Express,Comercio minorista,8.2,151.2,0,,18.0,21.7
LA-004734,2026-01-22 11:53:00,Tungurahua,Sierra,Estándar urbano,Corporativo,9.3,149.4,0,,38.26,24.9
LA-000123,2026-01-22 12:43:00,Guayas,Costa,Estándar urbano,Comercio minorista,8.0,88.7,0,,18.61,12.0
LA-000312,2026-01-22 12:44:00,Guayas,Costa,Express,PyME,9.4,94.3,0,,69.94,9.3
LA-004184,2026-01-22 13:00:00,Manabí,Costa,Express,Comercio minorista,9.7,101.1,0,,16.25,17.7
LA-004837,2026-01-22 13:03:00,Tungurahua,Sierra,Estándar urbano,PyME,7.2,87.1,0,,15.71,3.1
LA-000337,2026-01-22 13:13:00,Guayas,Costa,Express,Comercio minorista,10.8,76.8,0,,31.16,7.5
LA-002091,2026-01-22 13:17:00,Pichincha,Sierra,Express,PyME,7.6,132.2,1,Incumplimiento de horario,50.48,5.1
LA-005401,2026-01-22 13:20:00,Loja,Sierra,Estándar urbano,Comercio minorista,5.6,160.9,0,,6.74,1.8
LA-004070,2026-01-22 13:34:00,Manabí,Costa,Estándar urbano,Comercio minorista,11.9,194.2,0,,33.9,41.6
LA-001931,2026-01-22 13:43:00,Pichincha,Sierra,Estándar urbano,Comercio minorista,8.0,165.7,0,,9.83,12.4
LA-000237,2026-01-22 13:55:00,Guayas,Costa,Estándar urbano,Corporativo,6.2,158.3,0,,25.74,9.3
LA-000100,2026-01-22 14:01:00,Guayas,Costa,Estándar urbano,Comercio minorista,6.9,115.6,0,,21.53,5.2
LA-003274,2026-01-22 14:02:00,Azuay,Sierra,Estándar urbano,PyME,6.7,153.3,0,,32.23,21.7
LA-004034,2026-01-22 14:06:00,Manabí,Costa,Estándar urbano,Comercio minorista,7.7,236.3,0,,21.63,22.2
LA-000402,2026-01-22 14:07:00,Guayas,Costa,Express,Comercio minorista,7.0,145.6,1,Falta de actualización,36.34,11.3
LA-003263,2026-01-22 14:26:00,Azuay,Sierra,Estándar urbano,PyME,5.5,92.0,0,,14.15,1.0
LA-003249,2026-01-22 14:32:00,Azuay,Sierra,Estándar urbano,PyME,4.0,133.2,0,,23.79,16.3
LA-000014,2026-01-22 14:34:00,Guayas,Costa,Estándar urbano,PyME,7.9,127.6,0,,13.19,10.2
LA-001878,2026-01-22 14:35:00,Pichincha,Sierra,Estándar urbano,Comercio minorista,7.9,131.6,0,,38.47,9.4
LA-004101,2026-01-22 14:43:00,Manabí,Costa,Estándar urbano,Comercio minorista,9.3,150.6,0,,20.91,8.0
LA-001972,2026-01-22 15:26:00,Pichincha,Sierra,Express,PyME,7.8,126.7,1,Paquete con incidencia,32.17,3.6
LA-005354,2026-01-22 15:50:00,Loja,Sierra,Estándar urbano,PyME,10.1,179.1,0,,19.87,19.2
LA-002099,2026-01-22 15:54:00,Pichincha,Sierra,Express,PyME,10.2,89.0,0,,22.05,11.8
LA-001980,2026-01-22 16:21:00,Pichincha,Sierra,Express,Comercio minorista,11.5,122.5,0,,12.31,10.2
LA-000204,2026-01-22 16:23:00,Guayas,Costa,Estándar urbano,Comercio minorista,7.0,197.5,0,,25.18,29.3
LA-000299,2026-01-22 16:36:00,Guayas,Costa,Express,Comercio minorista,9.2,159.0,0,,36.38,17.8
LA-000369,2026-01-22 17:07:00,Guayas,Costa,Express,Corporativo,9.9,95.3,0,,52.58,2.5
LA-001996,2026-01-22 17:09:00,Pichincha,Sierra,Express,PyME,7.1,129.0,1,Falta de actualización,25.87,13.0
LA-004082,2026-01-22 17:18:00,Manabí,Costa,Estándar urbano,Comercio minorista,7.6,93.3,0,,20.17,2.5
LA-004219,2026-01-22 18:03:00,Manabí,Costa,Programado,PyME,8.1,263.4,0,,29.85,2.2
LA-004839,2026-01-22 18:35:00,Tungurahua,Sierra,Estándar urbano,Comercio minorista,8.1,78.4,0,,16.44,1.4
LA-000371,2026-01-22 19:00:00,Guayas,Costa,Express,Corporativo,7.0,117.0,0,,29.59,5.5
LA-005370,2026-01-23 07:02:00,Loja,Sierra,Estándar urbano,PyME,9.1,143.7,0,,20.26,8.2
LA-003316,2026-01-23 07:10:00,Azuay,Sierra,Estándar urbano,Comercio minorista,6.9,110.8,0,,16.05,3.8
LA-000174,2026-01-23 07:30:00,Guayas,Costa,Estándar urbano,Comercio minorista,4.4,160.2,0,,18.12,12.7
LA-001792,2026-01-23 07:38:00,Pichincha,Sierra,Estándar urbano,PyME,7.4,129.2,0,,24.39,4.6
LA-002003,2026-01-23 07:39:00,Pichincha,Sierra,Express,Comercio minorista,7.7,91.8,0,,36.87,8.7
LA-000327,2026-01-23 07:44:00,Guayas,Costa,Express,PyME,5.9,77.4,0,,28.02,3.8
LA-001777,2026-01-23 07:48:00,Pichincha,Sierra,Estándar urbano,Comercio minorista,6.5,148.8,0,,23.45,16.5
LA-002057,2026-01-23 07:53:00,Pichincha,Sierra,Express,Comercio minorista,7.8,80.2,0,,22.64,4.8
LA-003305,2026-01-23 08:06:00,Azuay,Sierra,Estándar urbano,Comercio minorista,6.5,131.4,0,,15.95,7.9
LA-000530,2026-01-23 08:16:00,Guayas,Costa,Programado,PyME,4.9,174.1,0,,36.25,11.3
LA-001946,2026-01-23 08:16:00,Pichincha,Sierra,Express,PyME,13.0,104.8,0,,49.17,18.5
LA-005422,2026-01-23 08:52:00,Loja,Sierra,Estándar urbano,PyME,9.3,178.2,1,Demora en entrega,18.08,3.7
LA-003264,2026-01-23 09:22:00,Azuay,Sierra,Estándar urbano,Comercio minorista,5.6,107.9,0,,33.05,3.4
LA-001992,2026-01-23 09:25:00,Pichincha,Sierra,Express,PyME,10.1,126.5,0,,25.38,6.2
LA-003428,2026-01-23 09:32:00,Azuay,Sierra,Programado,Comercio minorista,8.4,140.3,0,,22.85,6.0
LA-004062,2026-01-23 09:33:00,Manabí,Costa,Estándar urbano,PyME,6.6,194.0,0,,8.4,6.3
LA-001879,2026-01-23 09:33:00,Pichincha,Sierra,Estándar urbano,Corporativo,8.9,116.2,0,,23.81,8.0
LA-004093,2026-01-23 09:34:00,Manabí,Costa,Estándar urbano,PyME,10.4,240.1,0,,15.12,20.3
LA-000321,2026-01-23 09:39:00,Guayas,Costa,Express,Corporativo,5.0,129.9,0,,39.01,36.7
LA-004169,2026-01-23 09:41:00,Manabí,Costa,Express,PyME,9.6,88.7,0,,20.57,16.3
LA-001957,2026-01-23 09:48:00,Pichincha,Sierra,Express,Comercio minorista,8.4,115.0,0,,23.9,9.4
LA-003433,2026-01-23 10:16:00,Azuay,Sierra,Programado,PyME,8.6,172.5,0,,16.44,16.4
LA-000351,2026-01-23 10:25:00,Guayas,Costa,Express,Corporativo,7.0,149.9,0,,52.47,9.6
LA-001724,2026-01-23 10:27:00,Pichincha,Sierra,Estándar urbano,PyME,7.8,131.5,0,,28.12,4.2
LA-002158,2026-01-23 10:37:00,Pichincha,Sierra,Programado,PyME,6.6,157.5,0,,17.49,7.4
LA-002134,2026-01-23 10:46:00,Pichincha,Sierra,Programado,Comercio minorista,7.8,173.5,0,,19.93,5.1
LA-001730,2026-01-23 10:53:00,Pichincha,Sierra,Estándar urbano,PyME,9.1,140.2,0,,24.45,9.1
LA-003463,2026-01-23 11:02:00,Azuay,Sierra,Programado,PyME,5.0,129.3,0,,16.08,6.7
LA-005472,2026-01-23 11:14:00,Loja,Sierra,Express,Comercio minorista,13.6,134.1,0,,37.18,16.1
LA-002044,2026-01-23 11:30:00,Pichincha,Sierra,Express,PyME,7.5,106.0,0,,48.78,4.1
LA-001804,2026-01-23 11:55:00,Pichincha,Sierra,Estándar urbano,PyME,7.5,146.6,0,,22.6,15.5
LA-004178,2026-01-23 12:12:00,Manabí,Costa,Express,Comercio minorista,11.5,149.3,0,,34.83,18.1
LA-000084,2026-01-23 12:15:00,Guayas,Costa,Estándar urbano,Comercio minorista,8.7,164.4,0,,18.99,7.8
LA-005462,2026-01-23 12:17:00,Loja,Sierra,Express,PyME,8.4,163.8,0,,18.01,15.1
LA-001787,2026-01-23 12:19:00,Pichincha,Sierra,Estándar urbano,PyME,7.6,74.7,0,,17.9,2.5
LA-001973,2026-01-23 12:31:00,Pichincha,Sierra,Express,PyME,8.0,84.4,0,,15.34,4.7
LA-004874,2026-01-23 12:34:00,Tungurahua,Sierra,Express,Comercio minorista,7.4,102.7,0,,15.14,7.3
LA-005439,2026-01-23 12:42:00,Loja,Sierra,Estándar urbano,Corporativo,6.2,323.5,0,,20.78,6.4
LA-001908,2026-01-23 12:49:00,Pichincha,Sierra,Estándar urbano,Corporativo,6.9,95.7,0,,37.17,5.1
LA-000385,2026-01-23 12:54:00,Guayas,Costa,Express,PyME,7.1,48.2,0,,43.73,4.0
LA-000067,2026-01-23 13:02:00,Guayas,Costa,Estándar urbano,Comercio minorista,6.7,125.1,0,,15.6,12.4
LA-004055,2026-01-23 13:04:00,Manabí,Costa,Estándar urbano,PyME,7.5,111.2,0,,33.05,19.8
LA-002163,2026-01-23 13:08:00,Pichincha,Sierra,Programado,Corporativo,8.2,150.5,0,,39.42,17.1
LA-004886,2026-01-23 13:09:00,Tungurahua,Sierra,Express,PyME,6.4,97.6,0,,50.48,24.6
LA-000103,2026-01-23 13:17:00,Guayas,Costa,Estándar urbano,PyME,8.1,118.9,0,,22.52,3.0
LA-000020,2026-01-23 13:20:00,Guayas,Costa,Estándar urbano,Comercio minorista,10.1,133.9,0,,15.79,17.4
LA-005394,2026-01-23 13:21:00,Loja,Sierra,Estándar urbano,Comercio minorista,8.5,188.7,0,,15.93,17.5
LA-001966,2026-01-23 13:26:00,Pichincha,Sierra,Express,PyME,7.9,81.5,0,,28.36,5.3
LA-002149,2026-01-23 13:36:00,Pichincha,Sierra,Programado,PyME,5.6,182.9,0,,24.13,10.0
LA-003454,2026-01-23 13:40:00,Azuay,Sierra,Programado,Comercio minorista,7.8,150.6,0,,21.62,15.9
LA-001761,2026-01-23 13:42:00,Pichincha,Sierra,Estándar urbano,Corporativo,6.5,137.5,0,,39.85,5.9
LA-002118,2026-01-23 13:57:00,Pichincha,Sierra,Programado,PyME,5.7,178.1,0,,58.56,29.3
LA-003375,2026-01-23 14:03:00,Azuay,Sierra,Express,Corporativo,5.0,92.6,0,,46.9,17.5
LA-001926,2026-01-23 14:16:00,Pichincha,Sierra,Estándar urbano,Comercio minorista,7.2,157.9,0,,35.57,12.0
LA-003234,2026-01-23 14:20:00,Azuay,Sierra,Estándar urbano,Corporativo,6.9,122.4,0,,30.95,3.8
LA-004094,2026-01-23 14:23:00,Manabí,Costa,Estándar urbano,Comercio minorista,10.3,100.3,0,,17.06,4.6
LA-003232,2026-01-23 14:25:00,Azuay,Sierra,Estándar urbano,PyME,5.8,117.2,0,,15.88,7.1
LA-002055,2026-01-23 14:31:00,Pichincha,Sierra,Express,Comercio minorista,8.5,89.9,0,,31.52,6.9
LA-004823,2026-01-23 14:32:00,Tungurahua,Sierra,Estándar urbano,PyME,9.4,129.5,0,,23.47,13.9
LA-000138,2026-01-23 15:06:00,Guayas,Costa,Estándar urbano,Corporativo,7.6,168.3,0,,26.54,16.1
LA-000303,2026-01-23 15:08:00,Guayas,Costa,Express,PyME,8.6,70.0,0,,20.55,20.4
LA-000039,2026-01-23 15:19:00,Guayas,Costa,Estándar urbano,PyME,9.3,167.8,0,,12.46,6.5
LA-004841,2026-01-23 15:39:00,Tungurahua,Sierra,Estándar urbano,Comercio minorista,9.2,90.5,0,,18.08,6.3
LA-004031,2026-01-23 15:55:00,Manabí,Costa,Estándar urbano,Comercio minorista,9.3,181.8,0,,14.75,19.8
LA-003338,2026-01-23 16:08:00,Azuay,Sierra,Estándar urbano,PyME,9.2,126.9,0,,17.5,6.1
LA-004236,2026-01-23 16:12:00,Manabí,Costa,Programado,Comercio minorista,10.1,162.3,0,,14.82,25.8
LA-000175,2026-01-23 16:34:00,Guayas,Costa,Estándar urbano,Comercio minorista,8.0,182.6,0,,37.91,14.8
LA-001795,2026-01-23 16:51:00,Pichincha,Sierra,Estándar urbano,Comercio minorista,5.8,177.9,0,,17.64,10.0
LA-000518,2026-01-23 17:30:00,Guayas,Costa,Programado,Comercio minorista,6.8,188.7,0,,14.13,16.2
LA-003262,2026-01-23 17:49:00,Azuay,Sierra,Estándar urbano,Comercio minorista,6.8,126.6,0,,15.65,9.9
LA-001835,2026-01-23 18:35:00,Pichincha,Sierra,Estándar urbano,PyME,7.8,120.3,0,,22.28,2.4
LA-000139,2026-01-23 19:29:00,Guayas,Costa,Estándar urbano,Comercio minorista,10.3,179.1,0,,22.91,16.1
LA-003330,2026-01-24 07:03:00,Azuay,Sierra,Estándar urbano,PyME,5.3,111.8,0,,34.22,2.7
LA-001967,2026-01-24 07:03:00,Pichincha,Sierra,Express,Comercio minorista,8.6,108.3,0,,31.37,3.5
LA-004809,2026-01-24 07:03:00,Tungurahua,Sierra,Estándar urbano,Comercio minorista,7.3,110.6,0,,9.91,4.9
LA-000460,2026-01-24 07:13:00,Guayas,Costa,Express,Comercio minorista,8.6,141.5,0,,28.1,30.6
LA-002000,2026-01-24 07:37:00,Pichincha,Sierra,Express,Comercio minorista,6.8,109.4,0,,31.66,16.6
LA-000364,2026-01-24 07:39:00,Guayas,Costa,Express,Corporativo,7.7,76.0,0,,74.71,7.5
LA-002056,2026-01-24 07:52:00,Pichincha,Sierra,Express,Comercio minorista,7.3,48.7,0,,18.58,3.0
LA-003378,2026-01-24 08:19:00,Azuay,Sierra,Express,PyME,6.1,86.0,0,,27.57,4.1
LA-000145,2026-01-24 08:22:00,Guayas,Costa,Estándar urbano,PyME,10.2,229.4,0,,24.74,13.3
LA-000162,2026-01-24 09:21:00,Guayas,Costa,Estándar urbano,PyME,5.4,64.6,0,,23.27,2.8
LA-001884,2026-01-24 09:28:00,Pichincha,Sierra,Estándar urbano,Comercio minorista,8.1,124.2,0,,17.68,9.3
LA-000011,2026-01-24 09:47:00,Guayas,Costa,Estándar urbano,Comercio minorista,8.0,187.4,0,,18.82,5.7
LA-004890,2026-01-24 09:53:00,Tungurahua,Sierra,Express,PyME,5.4,57.3,0,,41.88,2.6
LA-000249,2026-01-24 10:07:00,Guayas,Costa,Estándar urbano,Comercio minorista,5.3,104.9,0,,16.51,2.8
LA-005377,2026-01-24 10:12:00,Loja,Sierra,Estándar urbano,Comercio minorista,8.7,221.1,0,,12.35,21.9
LA-001760,2026-01-24 10:14:00,Pichincha,Sierra,Estándar urbano,PyME,5.4,168.6,0,,26.89,10.9
LA-003410,2026-01-24 10:21:00,Azuay,Sierra,Express,PyME,5.9,91.4,0,,35.75,8.5
LA-002166,2026-01-24 10:33:00,Pichincha,Sierra,Programado,Comercio minorista,4.8,185.7,0,,25.34,15.3
LA-002067,2026-01-24 10:51:00,Pichincha,Sierra,Express,Comercio minorista,7.8,42.4,0,,29.1,6.6
LA-004237,2026-01-24 10:53:00,Manabí,Costa,Programado,PyME,7.2,163.3,0,,29.02,9.0
LA-001974,2026-01-24 10:56:00,Pichincha,Sierra,Express,PyME,7.0,91.7,0,,21.08,7.1
LA-001895,2026-01-24 11:08:00,Pichincha,Sierra,Estándar urbano,Comercio minorista,9.2,121.3,0,,21.19,1.8
LA-003436,2026-01-24 11:11:00,Azuay,Sierra,Programado,PyME,5.9,152.6,0,,20.43,7.3
LA-002034,2026-01-24 11:12:00,Pichincha,Sierra,Express,Comercio minorista,7.5,65.2,0,,31.66,8.4
LA-005395,2026-01-24 11:19:00,Loja,Sierra,Estándar urbano,PyME,6.5,159.4,0,,20.59,7.3
LA-001889,2026-01-24 11:19:00,Pichincha,Sierra,Estándar urbano,PyME,5.0,187.8,0,,21.5,20.8
LA-002089,2026-01-24 11:28:00,Pichincha,Sierra,Express,Comercio minorista,10.2,70.4,0,,25.12,3.0
LA-001932,2026-01-24 11:46:00,Pichincha,Sierra,Estándar urbano,PyME,8.9,136.8,0,,12.2,14.2
LA-005402,2026-01-24 11:51:00,Loja,Sierra,Estándar urbano,Comercio minorista,9.1,292.1,0,,10.91,21.1
LA-000063,2026-01-24 12:00:00,Guayas,Costa,Estándar urbano,Comercio minorista,9.0,106.7,0,,16.11,6.8
LA-005410,2026-01-24 12:18:00,Loja,Sierra,Estándar urbano,PyME,7.4,162.5,0,,11.75,14.4
LA-000254,2026-01-24 12:25:00,Guayas,Costa,Estándar urbano,PyME,7.2,133.2,0,,15.17,17.5
LA-003259,2026-01-24 12:46:00,Azuay,Sierra,Estándar urbano,Comercio minorista,7.4,97.9,0,,17.91,1.7
LA-000304,2026-01-24 13:17:00,Guayas,Costa,Express,Corporativo,10.8,159.2,0,,20.28,36.9
LA-001999,2026-01-24 13:21:00,Pichincha,Sierra,Express,Comercio minorista,9.8,56.8,0,,42.59,12.7
LA-002068,2026-01-24 13:25:00,Pichincha,Sierra,Express,Comercio minorista,9.9,142.7,0,,48.12,35.9
LA-000515,2026-01-24 13:39:00,Guayas,Costa,Programado,PyME,6.8,190.9,0,,27.28,16.5
LA-002012,2026-01-24 14:04:00,Pichincha,Sierra,Express,Corporativo,6.0,137.8,0,,44.04,18.7
LA-001961,2026-01-24 14:10:00,Pichincha,Sierra,Express,Comercio minorista,7.3,29.4,0,,17.8,7.4
LA-001985,2026-01-24 14:16:00,Pichincha,Sierra,Express,PyME,8.6,121.8,0,,22.0,9.5
LA-000245,2026-01-24 14:24:00,Guayas,Costa,Estándar urbano,PyME,7.8,185.6,0,,19.79,4.8
LA-004200,2026-01-24 14:27:00,Manabí,Costa,Express,PyME,10.0,182.0,1,Demora en entrega,28.17,8.3
LA-000055,2026-01-24 14:30:00,Guayas,Costa,Estándar urbano,Corporativo,8.1,114.7,0,,27.16,5.9
LA-000121,2026-01-24 14:39:00,Guayas,Costa,Estándar urbano,PyME,9.7,126.5,0,,17.83,5.5
LA-005491,2026-01-24 14:51:00,Loja,Sierra,Programado,PyME,8.1,190.2,0,,22.26,8.1
LA-003367,2026-01-24 15:02:00,Azuay,Sierra,Estándar urbano,Comercio minorista,7.2,104.6,0,,12.98,2.4
LA-005502,2026-01-24 15:15:00,Loja,Sierra,Programado,Comercio minorista,7.5,238.4,0,,24.32,14.7
LA-001953,2026-01-24 15:32:00,Pichincha,Sierra,Express,PyME,6.8,87.8,0,,26.65,2.8
LA-004797,2026-01-24 15:50:00,Tungurahua,Sierra,Estándar urbano,PyME,7.6,129.9,0,,15.84,5.0
LA-003267,2026-01-24 15:53:00,Azuay,Sierra,Estándar urbano,Comercio minorista,7.1,111.2,0,,13.67,4.4
LA-004915,2026-01-24 16:05:00,Tungurahua,Sierra,Programado,Corporativo,6.1,121.7,1,Paquete con incidencia,20.75,9.4
LA-003244,2026-01-24 16:30:00,Azuay,Sierra,Estándar urbano,PyME,6.2,123.5,0,,12.66,7.3
LA-003448,2026-01-24 16:36:00,Azuay,Sierra,Programado,Corporativo,9.1,129.5,0,,27.41,2.0
LA-005421,2026-01-24 16:43:00,Loja,Sierra,Estándar urbano,Comercio minorista,12.6,227.3,0,,18.03,12.0
LA-004805,2026-01-24 16:49:00,Tungurahua,Sierra,Estándar urbano,Corporativo,8.4,185.5,0,,46.09,15.1
LA-001938,2026-01-24 17:10:00,Pichincha,Sierra,Estándar urbano,PyME,9.4,201.0,0,,36.51,26.7
LA-000052,2026-01-24 18:50:00,Guayas,Costa,Estándar urbano,Corporativo,8.1,179.8,0,,32.35,20.7
LA-000396,2026-01-24 19:41:00,Guayas,Costa,Express,Corporativo,6.8,138.4,1,Incumplimiento de horario,41.78,6.4
LA-005411,2026-01-25 07:03:00,Loja,Sierra,Estándar urbano,PyME,10.1,155.9,0,,24.43,4.9
LA-004194,2026-01-25 07:04:00,Manabí,Costa,Express,Comercio minorista,10.6,188.2,1,Incumplimiento de horario,22.32,19.2
LA-003285,2026-01-25 07:06:00,Azuay,Sierra,Estándar urbano,Corporativo,4.1,106.7,0,,21.09,2.7
LA-004728,2026-01-25 07:21:00,Tungurahua,Sierra,Estándar urbano,PyME,5.1,132.2,0,,13.89,5.7
LA-004760,2026-01-25 07:24:00,Tungurahua,Sierra,Estándar urbano,Comercio minorista,5.6,100.7,0,,18.61,9.5
LA-000231,2026-01-25 07:32:00,Guayas,Costa,Estándar urbano,Corporativo,8.1,177.6,0,,37.55,12.1
LA-003275,2026-01-25 07:37:00,Azuay,Sierra,Estándar urbano,PyME,10.2,130.3,0,,30.31,18.3
LA-000315,2026-01-25 07:40:00,Guayas,Costa,Express,Comercio minorista,6.9,88.6,0,,45.57,7.5
LA-003240,2026-01-25 07:56:00,Azuay,Sierra,Estándar urbano,PyME,9.8,134.0,0,,15.12,7.1
LA-005476,2026-01-25 08:23:00,Loja,Sierra,Express,PyME,12.7,95.7,0,,24.41,2.1
LA-004745,2026-01-25 08:35:00,Tungurahua,Sierra,Estándar urbano,PyME,7.8,110.2,0,,16.21,6.9
LA-000419,2026-01-25 08:44:00,Guayas,Costa,Express,Corporativo,8.8,79.6,0,,51.92,15.7
LA-004186,2026-01-25 08:53:00,Manabí,Costa,Express,Corporativo,9.3,73.1,0,,35.6,19.5
LA-002064,2026-01-25 08:57:00,Pichincha,Sierra,Express,PyME,6.5,85.6,0,,33.13,8.1
LA-003421,2026-01-25 09:07:00,Azuay,Sierra,Express,Comercio minorista,9.7,71.4,0,,24.49,4.5
LA-000062,2026-01-25 09:16:00,Guayas,Costa,Estándar urbano,Comercio minorista,7.6,119.0,0,,10.81,14.2
LA-000474,2026-01-25 09:29:00,Guayas,Costa,Programado,PyME,4.6,160.7,0,,32.46,16.4
LA-000200,2026-01-25 09:49:00,Guayas,Costa,Estándar urbano,Comercio minorista,8.4,433.9,0,,10.75,6.6
LA-000238,2026-01-25 09:54:00,Guayas,Costa,Estándar urbano,Corporativo,7.6,193.3,0,,60.39,15.7
LA-003243,2026-01-25 09:58:00,Azuay,Sierra,Estándar urbano,PyME,7.0,131.7,0,,13.28,7.1
LA-005420,2026-01-25 10:00:00,Loja,Sierra,Estándar urbano,Comercio minorista,5.4,121.5,0,,11.47,10.4
LA-004075,2026-01-25 10:15:00,Manabí,Costa,Estándar urbano,Corporativo,10.5,128.0,0,,34.19,8.1
LA-003230,2026-01-25 10:20:00,Azuay,Sierra,Estándar urbano,PyME,10.6,129.6,0,,21.16,6.4
LA-004051,2026-01-25 10:26:00,Manabí,Costa,Estándar urbano,Corporativo,7.1,192.0,0,,20.48,7.6
LA-002027,2026-01-25 10:30:00,Pichincha,Sierra,Express,Corporativo,8.4,37.6,0,,37.5,3.3
LA-004842,2026-01-25 10:50:00,Tungurahua,Sierra,Estándar urbano,PyME,4.5,97.8,0,,13.64,2.0
LA-003466,2026-01-25 11:06:00,Azuay,Sierra,Programado,Comercio minorista,5.3,141.1,0,,16.95,3.4
LA-004869,2026-01-25 11:25:00,Tungurahua,Sierra,Express,PyME,10.4,83.8,0,,23.41,14.8
LA-004763,2026-01-25 11:27:00,Tungurahua,Sierra,Estándar urbano,Comercio minorista,6.4,113.3,0,,19.23,14.8
LA-001935,2026-01-25 11:32:00,Pichincha,Sierra,Estándar urbano,PyME,8.3,149.8,0,,31.64,9.4
LA-000081,2026-01-25 11:36:00,Guayas,Costa,Estándar urbano,Comercio minorista,9.4,114.5,1,Demora en entrega,19.86,5.6
LA-000491,2026-01-25 11:37:00,Guayas,Costa,Programado,Comercio minorista,5.3,207.0,0,,21.22,45.0
LA-004192,2026-01-25 11:43:00,Manabí,Costa,Express,PyME,7.4,154.4,0,,22.38,12.6
LA-000279,2026-01-25 11:44:00,Guayas,Costa,Express,Corporativo,9.4,70.3,0,,54.35,35.4
LA-000185,2026-01-25 11:46:00,Guayas,Costa,Estándar urbano,PyME,6.6,148.1,0,,27.5,10.2
LA-004063,2026-01-25 11:48:00,Manabí,Costa,Estándar urbano,PyME,7.3,162.1,0,,13.05,6.6
LA-000149,2026-01-25 11:50:00,Guayas,Costa,Estándar urbano,Corporativo,9.3,142.7,0,,61.83,20.4
LA-004154,2026-01-25 11:54:00,Manabí,Costa,Estándar urbano,Comercio minorista,7.5,88.0,0,,11.8,11.6
LA-001772,2026-01-25 11:54:00,Pichincha,Sierra,Estándar urbano,Corporativo,7.1,106.3,0,,38.29,9.5
LA-001898,2026-01-25 11:56:00,Pichincha,Sierra,Estándar urbano,Corporativo,6.7,126.8,0,,19.82,8.6
LA-001822,2026-01-25 11:59:00,Pichincha,Sierra,Estándar urbano,Comercio minorista,8.5,131.7,0,,17.48,3.8
LA-000177,2026-01-25 12:05:00,Guayas,Costa,Estándar urbano,PyME,8.2,94.7,1,Paquete con incidencia,13.84,5.1
LA-000461,2026-01-25 12:30:00,Guayas,Costa,Programado,PyME,5.7,161.8,0,,29.66,20.6
LA-003407,2026-01-25 12:47:00,Azuay,Sierra,Express,Comercio minorista,7.7,78.6,0,,18.96,11.0
LA-003287,2026-01-25 12:57:00,Azuay,Sierra,Estándar urbano,PyME,7.1,124.2,0,,9.6,4.9
LA-000359,2026-01-25 12:57:00,Guayas,Costa,Express,Comercio minorista,12.3,60.7,0,,27.06,7.3
LA-000336,2026-01-25 13:04:00,Guayas,Costa,Express,PyME,7.3,34.8,0,,12.65,4.4
LA-002106,2026-01-25 13:06:00,Pichincha,Sierra,Programado,PyME,8.2,169.2,0,,12.11,7.6
LA-001778,2026-01-25 13:18:00,Pichincha,Sierra,Estándar urbano,PyME,6.8,137.8,0,,23.32,6.2
LA-000447,2026-01-25 13:20:00,Guayas,Costa,Express,PyME,10.1,90.0,0,,32.19,10.3
LA-001789,2026-01-25 13:23:00,Pichincha,Sierra,Estándar urbano,Comercio minorista,6.5,108.2,0,,16.14,2.6
LA-000030,2026-01-25 13:25:00,Guayas,Costa,Estándar urbano,Corporativo,5.1,163.1,0,,42.68,13.7
LA-003456,2026-01-25 13:29:00,Azuay,Sierra,Programado,Comercio minorista,8.8,127.1,0,,22.31,3.2
LA-000409,2026-01-25 13:33:00,Guayas,Costa,Express,Comercio minorista,9.8,74.5,0,,40.84,20.7
LA-004216,2026-01-25 13:50:00,Manabí,Costa,Programado,Comercio minorista,12.4,217.0,0,,30.0,5.0
LA-004793,2026-01-25 13:53:00,Tungurahua,Sierra,Estándar urbano,PyME,9.1,190.3,0,,21.7,4.3
LA-000013,2026-01-25 14:08:00,Guayas,Costa,Estándar urbano,Comercio minorista,8.1,174.9,0,,16.27,18.9
LA-001866,2026-01-25 14:27:00,Pichincha,Sierra,Estándar urbano,PyME,11.2,148.5,0,,16.21,1.6
LA-003341,2026-01-25 14:52:00,Azuay,Sierra,Estándar urbano,Corporativo,8.4,123.2,1,Paquete con incidencia,19.83,13.2
LA-004815,2026-01-25 15:16:00,Tungurahua,Sierra,Estándar urbano,Corporativo,8.4,119.2,0,,21.51,4.0
LA-000438,2026-01-25 15:37:00,Guayas,Costa,Express,Corporativo,9.9,150.0,0,,65.47,16.9
LA-002051,2026-01-25 15:53:00,Pichincha,Sierra,Express,Corporativo,3.6,104.5,0,,52.0,24.2
LA-000350,2026-01-25 16:52:00,Guayas,Costa,Express,Comercio minorista,9.7,97.2,0,,21.52,4.7
LA-002083,2026-01-25 17:45:00,Pichincha,Sierra,Express,PyME,7.5,28.0,0,,25.57,7.0
LA-000195,2026-01-25 17:54:00,Guayas,Costa,Estándar urbano,Comercio minorista,6.0,155.9,0,,21.45,5.9
LA-003343,2026-01-25 18:36:00,Azuay,Sierra,Estándar urbano,Comercio minorista,8.5,123.5,0,,22.93,2.5
LA-004047,2026-01-25 18:44:00,Manabí,Costa,Estándar urbano,PyME,7.3,214.3,0,,30.12,22.8
LA-004149,2026-01-26 07:09:00,Manabí,Costa,Estándar urbano,Corporativo,10.1,186.3,0,,19.23,13.7
LA-001798,2026-01-26 07:24:00,Pichincha,Sierra,Estándar urbano,Corporativo,8.4,102.1,0,,19.28,6.1
LA-003404,2026-01-26 07:27:00,Azuay,Sierra,Express,PyME,8.7,52.6,0,,37.81,10.2
LA-003220,2026-01-26 07:43:00,Azuay,Sierra,Estándar urbano,Comercio minorista,6.5,120.7,0,,18.47,13.3
LA-002023,2026-01-26 07:43:00,Pichincha,Sierra,Express,Comercio minorista,7.8,72.9,0,,38.29,2.9
LA-004088,2026-01-26 07:53:00,Manabí,Costa,Estándar urbano,Comercio minorista,7.7,149.3,0,,26.29,19.5
LA-001843,2026-01-26 07:59:00,Pichincha,Sierra,Estándar urbano,Comercio minorista,5.9,136.1,0,,23.19,5.4
LA-004804,2026-01-26 08:10:00,Tungurahua,Sierra,Estándar urbano,PyME,8.9,80.9,0,,26.31,5.8
LA-001858,2026-01-26 08:32:00,Pichincha,Sierra,Estándar urbano,PyME,10.9,121.8,0,,13.65,6.0
LA-002129,2026-01-26 09:16:00,Pichincha,Sierra,Programado,PyME,8.7,151.2,0,,19.6,2.6
LA-000264,2026-01-26 09:28:00,Guayas,Costa,Estándar urbano,PyME,5.0,191.6,0,,27.66,32.4
LA-003357,2026-01-26 09:41:00,Azuay,Sierra,Estándar urbano,PyME,7.2,113.6,0,,17.14,5.7
LA-001850,2026-01-26 09:48:00,Pichincha,Sierra,Estándar urbano,Comercio minorista,6.7,124.0,0,,22.1,6.2
LA-005469,2026-01-26 10:01:00,Loja,Sierra,Express,Comercio minorista,11.5,38.3,0,,21.43,7.4
LA-000131,2026-01-26 10:09:00,Guayas,Costa,Estándar urbano,Comercio minorista,7.0,149.8,0,,23.37,9.3
LA-000414,2026-01-26 10:11:00,Guayas,Costa,Express,Corporativo,6.7,82.6,0,,55.87,12.4
LA-000064,2026-01-26 10:13:00,Guayas,Costa,Estándar urbano,Comercio minorista,9.9,160.3,0,,13.91,7.5
LA-000241,2026-01-26 10:16:00,Guayas,Costa,Estándar urbano,Comercio minorista,7.3,143.9,0,,27.26,3.3
LA-001948,2026-01-26 10:29:00,Pichincha,Sierra,Express,Comercio minorista,7.9,92.8,0,,24.89,7.9
LA-003441,2026-01-26 10:45:00,Azuay,Sierra,Programado,Corporativo,4.4,142.5,0,,18.31,4.7
LA-004168,2026-01-26 10:46:00,Manabí,Costa,Express,PyME,9.9,119.5,0,,14.95,5.4
LA-001807,2026-01-26 10:56:00,Pichincha,Sierra,Estándar urbano,PyME,6.1,141.2,0,,34.6,12.6
LA-004849,2026-01-26 11:17:00,Tungurahua,Sierra,Express,Corporativo,8.6,82.3,0,,67.47,22.6
LA-000344,2026-01-26 11:19:00,Guayas,Costa,Express,Corporativo,8.2,63.6,0,,22.33,3.5
LA-001832,2026-01-26 11:40:00,Pichincha,Sierra,Estándar urbano,Comercio minorista,8.7,139.6,0,,15.98,11.7
LA-005465,2026-01-26 12:03:00,Loja,Sierra,Express,Comercio minorista,6.6,117.6,0,,20.88,12.3
LA-004861,2026-01-26 12:03:00,Tungurahua,Sierra,Express,Comercio minorista,6.3,39.0,0,,24.41,6.8
LA-002147,2026-01-26 12:09:00,Pichincha,Sierra,Programado,PyME,3.4,139.0,0,,20.01,14.4
LA-001751,2026-01-26 12:16:00,Pichincha,Sierra,Estándar urbano,PyME,6.0,104.5,0,,23.66,6.3
LA-000326,2026-01-26 12:20:00,Guayas,Costa,Express,PyME,9.7,89.1,0,,19.68,4.1
LA-003384,2026-01-26 12:27:00,Azuay,Sierra,Express,PyME,7.2,109.9,0,,24.33,12.9
LA-001902,2026-01-26 12:29:00,Pichincha,Sierra,Estándar urbano,Comercio minorista,7.0,150.1,0,,24.74,8.8
LA-005379,2026-01-26 12:36:00,Loja,Sierra,Estándar urbano,PyME,11.9,152.5,0,,27.91,6.5
LA-001910,2026-01-26 12:36:00,Pichincha,Sierra,Estándar urbano,Comercio minorista,4.1,164.6,0,,12.8,4.5
LA-004017,2026-01-26 12:38:00,Manabí,Costa,Estándar urbano,PyME,9.6,118.2,0,,38.33,18.7
LA-000373,2026-01-26 12:41:00,Guayas,Costa,Express,PyME,6.6,82.7,0,,33.49,10.1
LA-002005,2026-01-26 12:45:00,Pichincha,Sierra,Express,Comercio minorista,11.1,55.8,0,,29.4,8.3
LA-003363,2026-01-26 12:46:00,Azuay,Sierra,Estándar urbano,Comercio minorista,11.4,155.5,0,,15.08,11.7
LA-001744,2026-01-26 12:46:00,Pichincha,Sierra,Estándar urbano,PyME,6.9,194.6,0,,17.24,25.3
LA-004921,2026-01-26 12:52:00,Tungurahua,Sierra,Programado,Comercio minorista,8.3,146.4,0,,7.03,2.1
LA-001856,2026-01-26 12:53:00,Pichincha,Sierra,Estándar urbano,PyME,4.5,118.3,0,,18.69,9.1
LA-000117,2026-01-26 13:06:00,Guayas,Costa,Estándar urbano,PyME,6.8,132.3,0,,13.65,18.2
LA-000441,2026-01-26 13:11:00,Guayas,Costa,Express,Comercio minorista,9.7,77.2,0,,27.68,7.1
LA-005482,2026-01-26 13:17:00,Loja,Sierra,Express,PyME,10.7,110.2,0,,48.68,25.4
LA-003222,2026-01-26 13:26:00,Azuay,Sierra,Estándar urbano,Comercio minorista,11.2,120.8,0,,25.48,2.6
LA-001933,2026-01-26 13:30:00,Pichincha,Sierra,Estándar urbano,PyME,6.7,100.5,0,,15.2,4.8
LA-004905,2026-01-26 13:37:00,Tungurahua,Sierra,Programado,Comercio minorista,8.2,152.2,0,,19.29,16.1
LA-002024,2026-01-26 13:49:00,Pichincha,Sierra,Express,PyME,6.6,49.4,0,,36.38,4.4
LA-004087,2026-01-26 13:56:00,Manabí,Costa,Estándar urbano,Comercio minorista,9.3,87.8,0,,21.77,7.0
LA-000196,2026-01-26 13:58:00,Guayas,Costa,Estándar urbano,PyME,9.7,94.9,0,,18.7,3.6
LA-004085,2026-01-26 14:29:00,Manabí,Costa,Estándar urbano,PyME,8.2,87.8,1,Demora en entrega,11.61,8.1
LA-003335,2026-01-26 14:35:00,Azuay,Sierra,Estándar urbano,Comercio minorista,6.1,111.3,0,,28.25,5.0
LA-005416,2026-01-26 14:45:00,Loja,Sierra,Estándar urbano,Comercio minorista,8.6,173.9,0,,10.76,1.2
LA-001881,2026-01-26 14:50:00,Pichincha,Sierra,Estándar urbano,Comercio minorista,8.3,154.6,0,,17.33,23.3
LA-000505,2026-01-26 14:55:00,Guayas,Costa,Programado,Comercio minorista,7.0,142.4,0,,21.07,7.7
LA-004208,2026-01-26 14:55:00,Manabí,Costa,Programado,Comercio minorista,5.9,199.6,0,,24.04,17.5
LA-004724,2026-01-26 14:57:00,Tungurahua,Sierra,Estándar urbano,Comercio minorista,9.3,82.7,0,,25.56,5.2
LA-003447,2026-01-26 15:00:00,Azuay,Sierra,Programado,Comercio minorista,4.2,143.5,0,,15.74,9.1
LA-004035,2026-01-26 15:20:00,Manabí,Costa,Estándar urbano,PyME,6.5,153.1,0,,26.07,9.0
LA-004155,2026-01-26 15:38:00,Manabí,Costa,Estándar urbano,Comercio minorista,7.4,96.5,0,,10.71,1.0
LA-000406,2026-01-26 15:43:00,Guayas,Costa,Express,Comercio minorista,9.5,118.7,0,,20.47,7.5
LA-004870,2026-01-26 15:50:00,Tungurahua,Sierra,Express,PyME,10.2,95.5,0,,30.11,8.3
LA-004894,2026-01-26 15:50:00,Tungurahua,Sierra,Programado,Comercio minorista,5.1,127.5,0,,24.15,7.2
LA-004884,2026-01-26 16:00:00,Tungurahua,Sierra,Express,PyME,4.7,89.4,0,,25.25,12.0
LA-000212,2026-01-26 16:05:00,Guayas,Costa,Estándar urbano,Comercio minorista,7.3,148.4,0,,9.74,14.4
LA-000456,2026-01-26 16:10:00,Guayas,Costa,Express,Comercio minorista,10.5,112.2,0,,28.96,9.2
LA-004863,2026-01-26 16:34:00,Tungurahua,Sierra,Express,PyME,9.3,75.4,0,,30.07,5.3
LA-000362,2026-01-26 16:35:00,Guayas,Costa,Express,Comercio minorista,10.2,105.5,0,,32.88,19.0
LA-001718,2026-01-26 17:51:00,Pichincha,Sierra,Estándar urbano,PyME,5.5,141.4,0,,27.47,7.1
LA-002139,2026-01-26 17:53:00,Pichincha,Sierra,Programado,Comercio minorista,5.6,189.8,0,,21.36,6.1
LA-004836,2026-01-26 18:09:00,Tungurahua,Sierra,Estándar urbano,Comercio minorista,5.8,107.0,0,,6.99,10.6
LA-005361,2026-01-27 07:08:00,Loja,Sierra,Estándar urbano,PyME,7.9,177.8,0,,29.82,30.3
LA-003296,2026-01-27 07:25:00,Azuay,Sierra,Estándar urbano,PyME,8.9,103.5,0,,29.67,5.7
LA-000232,2026-01-27 07:29:00,Guayas,Costa,Estándar urbano,PyME,8.5,169.7,0,,29.14,13.9
LA-003288,2026-01-27 07:31:00,Azuay,Sierra,Estándar urbano,Corporativo,5.5,113.1,0,,19.24,4.1
LA-005454,2026-01-27 07:43:00,Loja,Sierra,Estándar urbano,Comercio minorista,8.9,167.5,0,,17.49,13.8
LA-004120,2026-01-27 07:48:00,Manabí,Costa,Estándar urbano,PyME,4.8,222.9,0,,25.1,24.2
LA-003237,2026-01-27 07:56:00,Azuay,Sierra,Estándar urbano,PyME,9.3,109.2,0,,17.85,7.4
LA-000410,2026-01-27 09:11:00,Guayas,Costa,Express,PyME,5.5,115.1,0,,54.66,19.2
LA-003270,2026-01-27 09:33:00,Azuay,Sierra,Estándar urbano,Comercio minorista,4.0,134.3,0,,30.91,15.0
LA-004904,2026-01-27 09:40:00,Tungurahua,Sierra,Programado,Comercio minorista,9.0,164.7,0,,12.29,2.9
LA-003251,2026-01-27 09:55:00,Azuay,Sierra,Estándar urbano,PyME,10.1,165.6,0,,29.6,10.5
LA-004873,2026-01-27 10:24:00,Tungurahua,Sierra,Express,Comercio minorista,8.2,77.1,0,,21.19,9.9
LA-000383,2026-01-27 10:26:00,Guayas,Costa,Express,Corporativo,5.6,133.7,0,,50.9,24.2
LA-004910,2026-01-27 10:37:00,Tungurahua,Sierra,Programado,Corporativo,7.4,160.8,0,,22.82,7.8
LA-001928,2026-01-27 10:38:00,Pichincha,Sierra,Estándar urbano,PyME,8.2,135.1,0,,17.19,1.0
LA-001859,2026-01-27 10:41:00,Pichincha,Sierra,Estándar urbano,Comercio minorista,8.6,166.0,0,,18.35,13.0
LA-003336,2026-01-27 10:44:00,Azuay,Sierra,Estándar urbano,Comercio minorista,5.5,100.7,0,,23.75,5.7
LA-004766,2026-01-27 10:55:00,Tungurahua,Sierra,Estándar urbano,Comercio minorista,5.8,101.9,0,,9.01,5.0
LA-004022,2026-01-27 11:02:00,Manabí,Costa,Estándar urbano,Comercio minorista,8.3,126.6,0,,15.45,15.7
LA-000288,2026-01-27 11:08:00,Guayas,Costa,Express,Comercio minorista,12.6,158.4,0,,36.02,12.3
LA-003315,2026-01-27 11:14:00,Azuay,Sierra,Estándar urbano,Comercio minorista,8.3,142.4,0,,26.6,14.5
LA-004107,2026-01-27 11:18:00,Manabí,Costa,Estándar urbano,PyME,9.5,147.3,0,,19.69,9.7
LA-003411,2026-01-27 11:27:00,Azuay,Sierra,Express,PyME,9.6,36.3,0,,28.76,5.9
LA-000476,2026-01-27 11:30:00,Guayas,Costa,Programado,Comercio minorista,11.6,169.8,0,,26.86,5.3
LA-001738,2026-01-27 11:56:00,Pichincha,Sierra,Estándar urbano,Comercio minorista,11.0,69.4,0,,17.9,1.1
LA-004907,2026-01-27 11:59:00,Tungurahua,Sierra,Programado,PyME,8.2,120.3,0,,28.4,12.3
LA-001975,2026-01-27 12:00:00,Pichincha,Sierra,Express,Comercio minorista,6.5,87.9,0,,29.69,18.2
LA-002175,2026-01-27 12:00:00,Pichincha,Sierra,Programado,PyME,8.5,128.6,0,,19.4,2.7
LA-004899,2026-01-27 12:14:00,Tungurahua,Sierra,Programado,PyME,4.1,137.0,0,,25.21,5.1
LA-004850,2026-01-27 12:31:00,Tungurahua,Sierra,Express,Corporativo,7.9,68.3,0,,52.36,7.4
LA-003280,2026-01-27 12:45:00,Azuay,Sierra,Estándar urbano,PyME,6.1,74.6,0,,50.48,3.8
LA-000186,2026-01-27 12:45:00,Guayas,Costa,Estándar urbano,PyME,6.6,152.4,0,,19.18,4.2
LA-001746,2026-01-27 13:02:00,Pichincha,Sierra,Estándar urbano,PyME,6.0,175.8,0,,19.49,5.2
LA-000173,2026-01-27 13:05:00,Guayas,Costa,Estándar urbano,Comercio minorista,11.2,151.2,0,,18.48,9.8
LA-003314,2026-01-27 13:07:00,Azuay,Sierra,Estándar urbano,PyME,6.5,123.3,0,,18.98,1.4
LA-002127,2026-01-27 13:14:00,Pichincha,Sierra,Programado,PyME,7.1,151.3,0,,13.64,7.8
LA-004845,2026-01-27 13:19:00,Tungurahua,Sierra,Estándar urbano,Comercio minorista,8.0,121.5,0,,19.08,4.9
LA-003396,2026-01-27 13:26:00,Azuay,Sierra,Express,PyME,3.2,70.9,0,,30.29,1.0
LA-000153,2026-01-27 13:38:00,Guayas,Costa,Estándar urbano,PyME,5.8,89.5,0,,17.71,1.4
LA-005356,2026-01-27 13:41:00,Loja,Sierra,Estándar urbano,Comercio minorista,11.2,154.5,0,,18.64,15.4
LA-003377,2026-01-27 13:53:00,Azuay,Sierra,Express,PyME,6.9,95.9,0,,21.03,15.0
LA-004125,2026-01-27 14:04:00,Manabí,Costa,Estándar urbano,Corporativo,5.2,164.6,0,,31.76,7.7
LA-002020,2026-01-27 14:29:00,Pichincha,Sierra,Express,Corporativo,10.1,37.2,0,,82.7,3.4
LA-004898,2026-01-27 14:53:00,Tungurahua,Sierra,Programado,Corporativo,5.8,185.5,0,,28.79,13.4
LA-004199,2026-01-27 15:01:00,Manabí,Costa,Express,PyME,9.0,123.0,0,,26.22,7.6
LA-004725,2026-01-27 15:05:00,Tungurahua,Sierra,Estándar urbano,PyME,6.7,104.8,0,,18.77,11.3
LA-003359,2026-01-27 15:50:00,Azuay,Sierra,Estándar urbano,PyME,8.0,95.3,0,,10.32,4.4
LA-004100,2026-01-27 16:01:00,Manabí,Costa,Estándar urbano,Comercio minorista,12.1,319.9,0,,13.06,7.4
LA-004916,2026-01-27 16:41:00,Tungurahua,Sierra,Programado,Comercio minorista,5.5,120.1,0,,10.53,1.1
LA-000284,2026-01-27 17:02:00,Guayas,Costa,Express,Comercio minorista,9.9,88.2,0,,34.23,7.6
LA-004127,2026-01-27 17:23:00,Manabí,Costa,Estándar urbano,PyME,8.7,163.8,0,,17.21,20.5
LA-004738,2026-01-27 17:49:00,Tungurahua,Sierra,Estándar urbano,PyME,8.5,97.7,0,,15.09,5.7
LA-004897,2026-01-27 17:59:00,Tungurahua,Sierra,Programado,Comercio minorista,3.5,157.4,0,,13.47,3.8
LA-000126,2026-01-27 18:32:00,Guayas,Costa,Estándar urbano,PyME,5.6,169.9,0,,17.2,1.5
LA-000529,2026-01-27 18:45:00,Guayas,Costa,Programado,PyME,12.8,150.0,0,,14.39,12.4
LA-003224,2026-01-28 07:00:00,Azuay,Sierra,Estándar urbano,PyME,5.6,127.3,0,,25.56,3.2
LA-000266,2026-01-28 07:14:00,Guayas,Costa,Estándar urbano,Comercio minorista,8.4,160.8,0,,17.36,1.5
LA-004026,2026-01-28 07:17:00,Manabí,Costa,Estándar urbano,Comercio minorista,7.5,112.8,0,,22.08,11.8
LA-004117,2026-01-28 08:38:00,Manabí,Costa,Estándar urbano,Corporativo,10.9,33.5,0,,31.12,8.4
LA-004807,2026-01-28 09:12:00,Tungurahua,Sierra,Estándar urbano,Comercio minorista,6.2,95.2,0,,12.85,6.2
LA-002030,2026-01-28 09:29:00,Pichincha,Sierra,Express,Corporativo,7.6,77.3,0,,22.75,7.4
LA-005440,2026-01-28 09:32:00,Loja,Sierra,Estándar urbano,Comercio minorista,9.6,163.9,0,,8.86,3.7
LA-001891,2026-01-28 09:36:00,Pichincha,Sierra,Estándar urbano,Corporativo,7.2,96.9,0,,50.13,8.1
LA-004046,2026-01-28 09:56:00,Manabí,Costa,Estándar urbano,Comercio minorista,9.3,247.7,0,,17.11,28.9
LA-004159,2026-01-28 10:23:00,Manabí,Costa,Estándar urbano,Comercio minorista,10.0,170.8,0,,12.18,11.0
LA-004191,2026-01-28 10:24:00,Manabí,Costa,Express,Corporativo,7.9,28.5,0,,40.54,6.6
LA-004748,2026-01-28 10:30:00,Tungurahua,Sierra,Estándar urbano,Comercio minorista,7.3,85.3,0,,16.28,6.7
LA-005398,2026-01-28 10:42:00,Loja,Sierra,Estándar urbano,PyME,6.2,170.2,0,,38.63,18.2
LA-003290,2026-01-28 10:49:00,Azuay,Sierra,Estándar urbano,Corporativo,4.1,125.8,0,,32.04,6.1
LA-000516,2026-01-28 11:04:00,Guayas,Costa,Programado,Corporativo,9.0,166.7,0,,32.96,5.8
LA-001976,2026-01-28 11:07:00,Pichincha,Sierra,Express,PyME,6.6,93.0,0,,38.67,17.0
LA-001845,2026-01-28 11:08:00,Pichincha,Sierra,Estándar urbano,Comercio minorista,8.5,152.4,0,,20.79,6.5
LA-004789,2026-01-28 11:09:00,Tungurahua,Sierra,Estándar urbano,Comercio minorista,6.8,88.1,0,,13.79,3.6
LA-004204,2026-01-28 11:13:00,Manabí,Costa,Express,PyME,10.4,62.9,1,Demora en atención,22.57,5.9
LA-000436,2026-01-28 11:40:00,Guayas,Costa,Express,Corporativo,6.6,103.6,0,,43.19,8.1
LA-004067,2026-01-28 11:40:00,Manabí,Costa,Estándar urbano,Comercio minorista,10.7,167.7,0,,21.18,31.4
LA-004015,2026-01-28 11:41:00,Manabí,Costa,Estándar urbano,Corporativo,9.0,131.5,0,,23.2,9.8
LA-004137,2026-01-28 12:01:00,Manabí,Costa,Estándar urbano,Comercio minorista,8.5,238.6,0,,12.79,12.2
LA-000155,2026-01-28 12:06:00,Guayas,Costa,Estándar urbano,Corporativo,9.0,122.6,0,,38.6,6.6
LA-005425,2026-01-28 12:09:00,Loja,Sierra,Estándar urbano,Corporativo,6.5,143.5,0,,25.87,24.7
LA-000363,2026-01-28 12:13:00,Guayas,Costa,Express,Corporativo,6.0,149.3,0,,25.48,5.8
LA-001981,2026-01-28 12:18:00,Pichincha,Sierra,Express,Corporativo,7.4,84.0,0,,49.26,1.1
LA-000235,2026-01-28 12:23:00,Guayas,Costa,Estándar urbano,Comercio minorista,6.4,146.0,1,Falta de actualización,17.46,9.2
LA-001737,2026-01-28 13:28:00,Pichincha,Sierra,Estándar urbano,Comercio minorista,5.8,122.8,0,,13.28,7.6
LA-004131,2026-01-28 13:57:00,Manabí,Costa,Estándar urbano,PyME,8.3,231.7,1,Demora en entrega,13.87,12.4
LA-004764,2026-01-28 13:57:00,Tungurahua,Sierra,Estándar urbano,PyME,10.2,118.5,0,,18.76,1.6
LA-000096,2026-01-28 14:06:00,Guayas,Costa,Estándar urbano,Comercio minorista,7.6,154.0,0,,25.26,15.9
LA-001781,2026-01-28 14:43:00,Pichincha,Sierra,Estándar urbano,Comercio minorista,9.0,129.1,0,,20.03,5.1
LA-004872,2026-01-28 15:01:00,Tungurahua,Sierra,Express,Corporativo,9.7,90.2,0,,31.55,13.4
LA-004028,2026-01-28 15:10:00,Manabí,Costa,Estándar urbano,PyME,9.9,130.0,0,,21.37,1.6
LA-002065,2026-01-28 15:19:00,Pichincha,Sierra,Express,Comercio minorista,6.2,54.3,0,,39.01,9.5
LA-004163,2026-01-28 15:30:00,Manabí,Costa,Express,Comercio minorista,11.9,94.6,0,,18.29,9.8
LA-004878,2026-01-28 15:38:00,Tungurahua,Sierra,Express,Comercio minorista,7.2,67.7,0,,19.4,4.0
LA-004112,2026-01-28 16:05:00,Manabí,Costa,Estándar urbano,Corporativo,8.0,204.9,0,,20.72,6.7
LA-000246,2026-01-28 16:10:00,Guayas,Costa,Estándar urbano,Comercio minorista,9.0,191.4,0,,16.64,18.1
LA-002097,2026-01-28 16:13:00,Pichincha,Sierra,Express,Corporativo,6.3,109.9,1,Demora en entrega,32.38,10.7
LA-000274,2026-01-28 16:21:00,Guayas,Costa,Estándar urbano,Comercio minorista,6.5,103.0,0,,19.66,5.1
LA-004030,2026-01-28 16:27:00,Manabí,Costa,Estándar urbano,PyME,10.1,119.3,0,,9.97,16.8
LA-000323,2026-01-28 17:08:00,Guayas,Costa,Express,PyME,6.5,197.8,0,,22.9,4.6
LA-005381,2026-01-28 17:58:00,Loja,Sierra,Estándar urbano,Comercio minorista,8.7,108.5,0,,14.08,1.0
LA-000109,2026-01-28 18:36:00,Guayas,Costa,Estándar urbano,Comercio minorista,7.6,161.2,0,,23.79,5.7
LA-005457,2026-01-28 18:47:00,Loja,Sierra,Estándar urbano,PyME,8.1,171.4,0,,9.69,4.3
LA-001809,2026-01-29 07:00:00,Pichincha,Sierra,Estándar urbano,Comercio minorista,6.5,127.4,0,,16.91,3.4
LA-004879,2026-01-29 07:11:00,Tungurahua,Sierra,Express,PyME,10.2,31.0,0,,36.27,5.5
LA-001993,2026-01-29 07:14:00,Pichincha,Sierra,Express,Corporativo,5.0,61.3,0,,26.85,4.7
LA-005478,2026-01-29 07:24:00,Loja,Sierra,Express,Corporativo,5.8,110.3,0,,27.32,18.1
LA-003311,2026-01-29 07:31:00,Azuay,Sierra,Estándar urbano,Comercio minorista,5.6,96.9,0,,13.39,1.3
LA-003366,2026-01-29 07:31:00,Azuay,Sierra,Estándar urbano,PyME,10.5,117.8,0,,19.41,7.4
LA-005374,2026-01-29 07:33:00,Loja,Sierra,Estándar urbano,PyME,6.7,133.2,0,,21.74,1.2
LA-003413,2026-01-29 08:19:00,Azuay,Sierra,Express,Corporativo,8.4,96.6,0,,40.25,14.2
LA-005483,2026-01-29 08:29:00,Loja,Sierra,Express,PyME,8.4,134.4,0,,20.19,5.0
LA-004222,2026-01-29 08:37:00,Manabí,Costa,Programado,Comercio minorista,8.8,191.2,0,,22.21,4.1
LA-004079,2026-01-29 08:39:00,Manabí,Costa,Estándar urbano,Comercio minorista,8.0,154.6,0,,12.9,7.6
LA-001733,2026-01-29 08:42:00,Pichincha,Sierra,Estándar urbano,Comercio minorista,4.9,176.6,0,,23.65,10.8
LA-000309,2026-01-29 09:00:00,Guayas,Costa,Express,Comercio minorista,8.7,68.7,0,,25.42,6.5
LA-000154,2026-01-29 09:14:00,Guayas,Costa,Estándar urbano,PyME,6.5,140.6,0,,24.51,7.8
LA-004197,2026-01-29 09:16:00,Manabí,Costa,Express,Corporativo,9.2,70.5,0,,43.36,21.9
LA-005352,2026-01-29 09:32:00,Loja,Sierra,Estándar urbano,Corporativo,8.6,160.8,0,,37.77,18.6
LA-002052,2026-01-29 09:59:00,Pichincha,Sierra,Express,Comercio minorista,5.9,72.9,0,,29.44,4.5
LA-004119,2026-01-29 10:21:00,Manabí,Costa,Estándar urbano,PyME,13.1,335.3,0,,16.36,17.0
LA-002151,2026-01-29 10:24:00,Pichincha,Sierra,Programado,PyME,6.2,193.6,0,,20.71,10.8
LA-003307,2026-01-29 10:26:00,Azuay,Sierra,Estándar urbano,PyME,9.5,121.1,0,,22.57,11.1
LA-001880,2026-01-29 10:28:00,Pichincha,Sierra,Estándar urbano,Comercio minorista,9.9,92.2,0,,11.61,10.1
LA-004827,2026-01-29 10:52:00,Tungurahua,Sierra,Estándar urbano,Corporativo,5.8,127.3,0,,24.59,10.7
LA-000248,2026-01-29 11:33:00,Guayas,Costa,Estándar urbano,Comercio minorista,8.5,203.5,0,,16.46,25.9
LA-001870,2026-01-29 12:08:00,Pichincha,Sierra,Estándar urbano,PyME,9.5,128.2,0,,20.57,1.1
LA-001939,2026-01-29 12:22:00,Pichincha,Sierra,Estándar urbano,Comercio minorista,6.3,136.4,0,,21.87,13.3
LA-004749,2026-01-29 12:34:00,Tungurahua,Sierra,Estándar urbano,Corporativo,9.4,89.5,0,,33.17,7.3
LA-003226,2026-01-29 12:36:00,Azuay,Sierra,Estándar urbano,Corporativo,7.2,133.3,0,,18.58,16.1
LA-003429,2026-01-29 12:54:00,Azuay,Sierra,Programado,PyME,4.5,136.2,0,,13.84,5.7
LA-000454,2026-01-29 12:54:00,Guayas,Costa,Express,PyME,10.1,99.5,0,,24.02,11.3
LA-000462,2026-01-29 13:00:00,Guayas,Costa,Programado,PyME,7.2,193.5,0,,17.51,13.1
LA-005365,2026-01-29 13:02:00,Loja,Sierra,Estándar urbano,PyME,6.1,145.9,0,,9.97,5.3
LA-000004,2026-01-29 13:10:00,Guayas,Costa,Estándar urbano,Comercio minorista,8.0,146.6,0,,18.02,11.0
LA-005436,2026-01-29 13:10:00,Loja,Sierra,Estándar urbano,Comercio minorista,6.2,231.1,0,,10.81,8.5
LA-000280,2026-01-29 13:23:00,Guayas,Costa,Express,Corporativo,9.1,61.7,0,,22.14,4.4
LA-002076,2026-01-29 13:39:00,Pichincha,Sierra,Express,Comercio minorista,8.5,49.8,0,,36.91,6.0
LA-000283,2026-01-29 13:40:00,Guayas,Costa,Express,Corporativo,10.3,124.6,0,,42.43,7.1
LA-002025,2026-01-29 13:57:00,Pichincha,Sierra,Express,Corporativo,9.2,72.3,0,,38.02,20.1
LA-000434,2026-01-29 14:02:00,Guayas,Costa,Express,Comercio minorista,9.3,142.0,1,Demora en entrega,36.39,21.1
LA-000059,2026-01-29 14:22:00,Guayas,Costa,Estándar urbano,Comercio minorista,6.1,133.3,1,Falta de actualización,18.02,11.0
LA-000437,2026-01-29 14:58:00,Guayas,Costa,Express,Comercio minorista,9.9,43.0,0,,14.17,2.3
LA-000384,2026-01-29 14:59:00,Guayas,Costa,Express,Comercio minorista,4.7,74.6,0,,29.28,7.6
LA-000294,2026-01-29 15:04:00,Guayas,Costa,Express,Comercio minorista,9.7,88.1,0,,16.6,1.7
LA-001876,2026-01-29 15:27:00,Pichincha,Sierra,Estándar urbano,Corporativo,6.2,119.5,0,,17.7,8.8
LA-001865,2026-01-29 15:29:00,Pichincha,Sierra,Estándar urbano,Comercio minorista,7.9,132.4,0,,16.55,14.8
LA-001886,2026-01-29 15:32:00,Pichincha,Sierra,Estándar urbano,Corporativo,4.0,100.2,0,,46.7,1.9
LA-000394,2026-01-29 15:35:00,Guayas,Costa,Express,PyME,7.5,141.8,0,,34.99,17.2
LA-002128,2026-01-29 15:49:00,Pichincha,Sierra,Programado,Comercio minorista,7.6,171.5,0,,34.7,6.1
LA-002079,2026-01-29 16:11:00,Pichincha,Sierra,Express,Comercio minorista,8.3,85.5,0,,36.7,15.0
LA-004099,2026-01-29 16:24:00,Manabí,Costa,Estándar urbano,Comercio minorista,8.3,221.9,0,,23.09,16.6
LA-003284,2026-01-29 16:45:00,Azuay,Sierra,Estándar urbano,PyME,6.0,140.0,0,,18.0,10.3
LA-005459,2026-01-29 17:21:00,Loja,Sierra,Express,Corporativo,7.0,134.0,0,,50.85,15.2
LA-005499,2026-01-29 17:31:00,Loja,Sierra,Programado,Corporativo,5.1,189.6,0,,50.32,1.0
LA-000040,2026-01-30 07:00:00,Guayas,Costa,Estándar urbano,Comercio minorista,6.5,196.3,0,,18.43,24.8
LA-003361,2026-01-30 07:17:00,Azuay,Sierra,Estándar urbano,PyME,6.1,129.1,0,,20.12,12.4
LA-005366,2026-01-30 07:17:00,Loja,Sierra,Estándar urbano,Comercio minorista,10.5,130.3,1,Demora en atención,16.4,12.1
LA-004211,2026-01-30 07:20:00,Manabí,Costa,Programado,Comercio minorista,7.2,182.7,0,,21.29,7.3
LA-003300,2026-01-30 07:25:00,Azuay,Sierra,Estándar urbano,PyME,5.0,104.1,0,,11.1,6.1
LA-003347,2026-01-30 07:31:00,Azuay,Sierra,Estándar urbano,Comercio minorista,9.4,116.3,0,,19.89,5.4
LA-000276,2026-01-30 07:31:00,Guayas,Costa,Estándar urbano,Comercio minorista,9.8,133.4,0,,21.3,7.5
LA-003215,2026-01-30 07:56:00,Azuay,Sierra,Estándar urbano,Comercio minorista,6.6,141.6,0,,22.21,12.2
LA-004175,2026-01-30 07:56:00,Manabí,Costa,Express,PyME,12.5,201.6,0,,30.72,31.8
LA-000087,2026-01-30 08:02:00,Guayas,Costa,Estándar urbano,Comercio minorista,5.7,129.9,0,,16.21,5.1
LA-003213,2026-01-30 08:13:00,Azuay,Sierra,Estándar urbano,Corporativo,8.5,110.9,0,,27.42,1.2
LA-000085,2026-01-30 08:22:00,Guayas,Costa,Estándar urbano,Comercio minorista,10.9,152.7,0,,20.14,20.1
LA-005415,2026-01-30 08:22:00,Loja,Sierra,Estándar urbano,Corporativo,5.3,103.5,0,,32.69,8.3
LA-000469,2026-01-30 08:32:00,Guayas,Costa,Programado,Comercio minorista,7.5,187.4,0,,14.77,19.0
LA-005486,2026-01-30 08:40:00,Loja,Sierra,Express,PyME,7.4,137.6,0,,27.46,18.7
LA-003460,2026-01-30 08:45:00,Azuay,Sierra,Programado,PyME,8.0,169.4,0,,21.65,16.4
LA-004188,2026-01-30 08:45:00,Manabí,Costa,Express,Comercio minorista,7.7,142.1,0,,14.07,9.2
LA-004743,2026-01-30 08:55:00,Tungurahua,Sierra,Estándar urbano,Corporativo,8.4,107.0,0,,25.46,5.2
LA-001897,2026-01-30 09:10:00,Pichincha,Sierra,Estándar urbano,Comercio minorista,5.4,132.5,0,,18.51,6.9
LA-005467,2026-01-30 09:17:00,Loja,Sierra,Express,Comercio minorista,12.3,200.9,0,,24.72,23.7
LA-001896,2026-01-30 09:34:00,Pichincha,Sierra,Estándar urbano,Corporativo,3.3,125.7,0,,24.16,12.8
LA-000142,2026-01-30 09:45:00,Guayas,Costa,Estándar urbano,Comercio minorista,6.0,90.6,0,,12.7,4.3
LA-005419,2026-01-30 09:51:00,Loja,Sierra,Estándar urbano,Comercio minorista,10.2,132.2,0,,12.86,9.2
LA-002174,2026-01-30 10:14:00,Pichincha,Sierra,Programado,Comercio minorista,8.5,164.7,0,,17.95,12.0
LA-003239,2026-01-30 10:21:00,Azuay,Sierra,Estándar urbano,Comercio minorista,10.0,107.0,0,,12.48,3.2
LA-001821,2026-01-30 10:26:00,Pichincha,Sierra,Estándar urbano,Comercio minorista,9.6,127.9,0,,33.25,3.5
LA-001923,2026-01-30 10:33:00,Pichincha,Sierra,Estándar urbano,PyME,10.8,123.8,0,,20.52,9.4
LA-001824,2026-01-30 10:44:00,Pichincha,Sierra,Estándar urbano,Comercio minorista,10.6,133.2,0,,15.09,11.9
LA-000381,2026-01-30 11:05:00,Guayas,Costa,Express,Comercio minorista,7.9,106.2,0,,19.44,4.3
LA-001732,2026-01-30 11:07:00,Pichincha,Sierra,Estándar urbano,PyME,8.9,132.5,0,,16.32,10.8
LA-004826,2026-01-30 11:07:00,Tungurahua,Sierra,Estándar urbano,Corporativo,6.6,100.1,0,,34.89,1.3
LA-003268,2026-01-30 11:12:00,Azuay,Sierra,Estándar urbano,Comercio minorista,7.3,102.3,0,,19.99,3.7
LA-005404,2026-01-30 11:17:00,Loja,Sierra,Estándar urbano,PyME,6.1,133.6,0,,15.21,8.5
LA-004232,2026-01-30 11:32:00,Manabí,Costa,Programado,Comercio minorista,6.6,179.1,0,,32.22,10.5
LA-003387,2026-01-30 11:37:00,Azuay,Sierra,Express,Comercio minorista,8.2,101.7,0,,34.08,23.4
LA-000418,2026-01-30 11:47:00,Guayas,Costa,Express,Comercio minorista,11.3,102.1,0,,35.62,16.9
LA-004167,2026-01-30 11:47:00,Manabí,Costa,Express,Comercio minorista,11.8,28.0,0,,19.44,2.8
LA-005418,2026-01-30 11:48:00,Loja,Sierra,Estándar urbano,Comercio minorista,10.0,155.2,0,,17.74,1.6
LA-000316,2026-01-30 11:57:00,Guayas,Costa,Express,PyME,10.0,147.8,0,,28.25,16.4
LA-000262,2026-01-30 12:11:00,Guayas,Costa,Estándar urbano,Comercio minorista,6.2,175.5,1,Demora en entrega,21.82,12.0
LA-001911,2026-01-30 12:15:00,Pichincha,Sierra,Estándar urbano,Comercio minorista,5.0,217.5,0,,21.12,11.9
LA-003464,2026-01-30 12:20:00,Azuay,Sierra,Programado,PyME,5.5,174.9,0,,34.4,28.5
LA-000008,2026-01-30 12:25:00,Guayas,Costa,Estándar urbano,PyME,11.3,74.3,0,,26.0,1.4
LA-003329,2026-01-30 12:27:00,Azuay,Sierra,Estándar urbano,PyME,5.8,138.5,0,,17.04,20.1
LA-002168,2026-01-30 13:07:00,Pichincha,Sierra,Programado,PyME,6.8,114.7,0,,23.49,2.5
LA-003352,2026-01-30 13:12:00,Azuay,Sierra,Estándar urbano,Corporativo,5.8,143.7,0,,21.42,21.2
LA-004141,2026-01-30 13:17:00,Manabí,Costa,Estándar urbano,PyME,6.7,248.2,0,,16.18,18.7
LA-004157,2026-01-30 13:19:00,Manabí,Costa,Estándar urbano,PyME,9.5,168.3,0,,17.66,32.4
LA-002170,2026-01-30 13:20:00,Pichincha,Sierra,Programado,Corporativo,7.3,125.6,0,,43.85,4.8
LA-004857,2026-01-30 13:20:00,Tungurahua,Sierra,Express,Comercio minorista,8.8,54.2,0,,8.86,14.9
LA-002021,2026-01-30 13:22:00,Pichincha,Sierra,Express,PyME,6.6,40.6,0,,22.2,1.8
LA-004014,2026-01-30 13:48:00,Manabí,Costa,Estándar urbano,PyME,8.7,135.7,0,,22.39,10.1
LA-000335,2026-01-30 13:51:00,Guayas,Costa,Express,Corporativo,6.3,77.9,0,,31.33,5.5
LA-001883,2026-01-30 14:00:00,Pichincha,Sierra,Estándar urbano,Comercio minorista,5.7,128.7,0,,12.94,5.9
LA-004851,2026-01-30 14:00:00,Tungurahua,Sierra,Express,Comercio minorista,5.9,82.9,0,,17.5,7.8
LA-003238,2026-01-30 14:06:00,Azuay,Sierra,Estándar urbano,PyME,9.3,139.0,0,,11.89,8.3
LA-000017,2026-01-30 14:07:00,Guayas,Costa,Estándar urbano,Corporativo,9.5,147.8,0,,27.37,21.8
LA-000356,2026-01-30 14:09:00,Guayas,Costa,Express,PyME,14.0,106.4,0,,38.25,1.3
LA-000349,2026-01-30 14:10:00,Guayas,Costa,Express,Corporativo,7.4,59.2,0,,44.25,3.4
LA-001767,2026-01-30 14:12:00,Pichincha,Sierra,Estándar urbano,PyME,6.4,97.9,0,,16.75,5.0
LA-000342,2026-01-30 14:24:00,Guayas,Costa,Express,PyME,7.3,159.8,0,,50.62,6.0
LA-000197,2026-01-30 14:26:00,Guayas,Costa,Estándar urbano,Comercio minorista,7.0,152.1,0,,11.44,4.7
LA-004158,2026-01-30 14:30:00,Manabí,Costa,Estándar urbano,Corporativo,7.7,127.7,0,,11.52,1.4
LA-005451,2026-01-30 14:32:00,Loja,Sierra,Estándar urbano,Comercio minorista,6.4,153.7,0,,17.09,17.3
LA-001941,2026-01-30 14:39:00,Pichincha,Sierra,Estándar urbano,Comercio minorista,10.3,124.2,0,,16.65,4.3
LA-000379,2026-01-30 14:41:00,Guayas,Costa,Express,Comercio minorista,8.6,72.6,0,,19.99,9.9
LA-001815,2026-01-30 15:51:00,Pichincha,Sierra,Estándar urbano,PyME,9.8,107.0,0,,20.65,9.2
LA-000367,2026-01-30 16:01:00,Guayas,Costa,Express,Comercio minorista,9.4,71.5,0,,13.96,4.6
LA-003241,2026-01-30 16:23:00,Azuay,Sierra,Estándar urbano,Comercio minorista,7.9,116.7,0,,13.06,8.5
LA-000330,2026-01-30 16:56:00,Guayas,Costa,Express,PyME,6.4,170.7,0,,58.48,30.1
LA-005388,2026-01-30 17:18:00,Loja,Sierra,Estándar urbano,Comercio minorista,6.5,150.9,0,,13.05,10.4
LA-000136,2026-01-30 17:51:00,Guayas,Costa,Estándar urbano,Corporativo,8.1,136.7,1,Incumplimiento de horario,17.15,2.2
LA-000471,2026-01-30 18:28:00,Guayas,Costa,Programado,PyME,12.4,174.7,0,,20.81,8.3
LA-003257,2026-01-30 18:34:00,Azuay,Sierra,Estándar urbano,Comercio minorista,5.7,123.1,0,,27.66,8.7
LA-002173,2026-01-30 19:09:00,Pichincha,Sierra,Programado,Comercio minorista,6.8,170.7,0,,19.72,5.0
LA-000497,2026-01-31 07:03:00,Guayas,Costa,Programado,Comercio minorista,7.1,161.6,0,,19.57,1.3
LA-002150,2026-01-31 07:42:00,Pichincha,Sierra,Programado,Corporativo,5.7,130.4,0,,35.58,1.0
LA-001758,2026-01-31 07:52:00,Pichincha,Sierra,Estándar urbano,Corporativo,12.1,134.1,0,,32.86,4.7
LA-004813,2026-01-31 08:17:00,Tungurahua,Sierra,Estándar urbano,PyME,6.5,87.6,0,,20.82,5.0
LA-001901,2026-01-31 08:34:00,Pichincha,Sierra,Estándar urbano,Comercio minorista,6.4,131.3,0,,13.39,7.4
LA-004802,2026-01-31 08:35:00,Tungurahua,Sierra,Estándar urbano,Comercio minorista,8.0,138.8,0,,19.37,3.8
LA-000492,2026-01-31 08:56:00,Guayas,Costa,Programado,PyME,6.4,123.4,0,,62.62,5.8
LA-003309,2026-01-31 09:10:00,Azuay,Sierra,Estándar urbano,PyME,4.9,163.4,0,,13.49,4.3
LA-001734,2026-01-31 09:12:00,Pichincha,Sierra,Estándar urbano,Comercio minorista,8.5,100.9,0,,13.47,5.5
LA-004129,2026-01-31 09:22:00,Manabí,Costa,Estándar urbano,Comercio minorista,13.1,148.0,0,,13.73,22.3
LA-003247,2026-01-31 10:12:00,Azuay,Sierra,Estándar urbano,PyME,7.5,116.4,1,Paquete con incidencia,20.76,8.7
LA-004875,2026-01-31 10:12:00,Tungurahua,Sierra,Express,PyME,7.0,35.8,0,,65.65,6.7
LA-004108,2026-01-31 10:29:00,Manabí,Costa,Estándar urbano,Comercio minorista,9.1,108.5,0,,31.57,9.1
LA-004865,2026-01-31 10:34:00,Tungurahua,Sierra,Express,PyME,6.3,28.0,0,,35.06,1.0
LA-005364,2026-01-31 10:44:00,Loja,Sierra,Estándar urbano,Comercio minorista,6.6,222.3,0,,16.42,26.4
LA-000148,2026-01-31 11:08:00,Guayas,Costa,Estándar urbano,Comercio minorista,7.4,173.2,0,,23.51,23.0
LA-001874,2026-01-31 11:19:00,Pichincha,Sierra,Estándar urbano,Comercio minorista,11.0,120.8,0,,19.0,10.9
LA-004221,2026-01-31 11:26:00,Manabí,Costa,Programado,Corporativo,11.2,507.0,0,,30.57,11.5
LA-000252,2026-01-31 11:27:00,Guayas,Costa,Estándar urbano,Corporativo,5.2,117.9,0,,26.66,5.7
LA-004825,2026-01-31 11:27:00,Tungurahua,Sierra,Estándar urbano,Comercio minorista,6.9,139.6,0,,13.18,8.7
LA-004889,2026-01-31 11:39:00,Tungurahua,Sierra,Express,PyME,6.5,75.2,0,,21.26,10.2
LA-000147,2026-01-31 11:50:00,Guayas,Costa,Estándar urbano,PyME,5.2,173.6,0,,26.79,14.5
LA-004064,2026-01-31 11:57:00,Manabí,Costa,Estándar urbano,PyME,5.8,167.2,0,,41.49,7.9
LA-001916,2026-01-31 11:58:00,Pichincha,Sierra,Estándar urbano,Comercio minorista,7.2,123.4,0,,20.83,4.6
LA-000391,2026-01-31 12:04:00,Guayas,Costa,Express,PyME,9.7,83.9,0,,21.57,3.3
LA-004746,2026-01-31 12:10:00,Tungurahua,Sierra,Estándar urbano,PyME,8.9,117.6,0,,21.58,5.8
LA-003459,2026-01-31 12:11:00,Azuay,Sierra,Programado,Comercio minorista,4.2,136.5,0,,22.48,1.0
LA-000400,2026-01-31 12:16:00,Guayas,Costa,Express,Corporativo,8.7,164.3,0,,54.32,22.3
LA-000206,2026-01-31 12:17:00,Guayas,Costa,Estándar urbano,Corporativo,8.7,157.9,0,,26.03,7.8
LA-001735,2026-01-31 12:19:00,Pichincha,Sierra,Estándar urbano,Corporativo,8.8,166.8,0,,22.39,8.5
LA-004193,2026-01-31 12:22:00,Manabí,Costa,Express,Comercio minorista,8.7,75.6,0,,22.41,19.7
LA-000164,2026-01-31 12:24:00,Guayas,Costa,Estándar urbano,PyME,7.1,180.5,0,,20.92,17.3
LA-004230,2026-01-31 12:40:00,Manabí,Costa,Programado,PyME,6.3,189.9,0,,26.15,16.8
LA-002117,2026-01-31 12:42:00,Pichincha,Sierra,Programado,PyME,5.3,232.4,0,,28.48,10.1
LA-004176,2026-01-31 13:35:00,Manabí,Costa,Express,PyME,8.3,85.4,0,,22.76,2.9
LA-005359,2026-01-31 13:36:00,Loja,Sierra,Estándar urbano,Comercio minorista,8.8,172.9,0,,11.55,13.8
LA-000194,2026-01-31 13:38:00,Guayas,Costa,Estándar urbano,Comercio minorista,7.9,175.5,0,,24.21,5.3
LA-001770,2026-01-31 13:38:00,Pichincha,Sierra,Estándar urbano,Comercio minorista,6.3,108.7,0,,18.52,3.1
LA-001862,2026-01-31 13:43:00,Pichincha,Sierra,Estándar urbano,PyME,9.0,90.1,0,,11.78,2.8
LA-004806,2026-01-31 13:48:00,Tungurahua,Sierra,Estándar urbano,Corporativo,8.8,93.9,0,,22.91,8.2
LA-004790,2026-01-31 13:56:00,Tungurahua,Sierra,Estándar urbano,Corporativo,10.1,95.3,0,,20.92,7.2
LA-000468,2026-01-31 13:58:00,Guayas,Costa,Programado,PyME,7.2,112.7,0,,23.82,10.9
LA-005480,2026-01-31 14:35:00,Loja,Sierra,Express,PyME,6.6,41.6,0,,20.55,7.5
LA-004867,2026-01-31 14:37:00,Tungurahua,Sierra,Express,PyME,6.9,40.5,0,,21.9,2.0
LA-005378,2026-01-31 14:38:00,Loja,Sierra,Estándar urbano,PyME,6.7,107.0,0,,16.24,5.1
LA-004747,2026-01-31 14:57:00,Tungurahua,Sierra,Estándar urbano,PyME,7.3,146.8,0,,26.38,13.3
LA-003457,2026-01-31 15:00:00,Azuay,Sierra,Programado,Comercio minorista,5.0,125.8,0,,19.87,3.9
LA-002130,2026-01-31 15:03:00,Pichincha,Sierra,Programado,Corporativo,3.4,123.6,0,,43.03,3.6
LA-001808,2026-01-31 15:16:00,Pichincha,Sierra,Estándar urbano,Comercio minorista,5.3,92.7,0,,14.7,1.9
LA-004883,2026-01-31 15:23:00,Tungurahua,Sierra,Express,PyME,11.9,95.4,0,,20.3,11.6
LA-001899,2026-01-31 15:24:00,Pichincha,Sierra,Estándar urbano,PyME,6.6,146.3,0,,19.4,12.1
LA-001864,2026-01-31 16:14:00,Pichincha,Sierra,Estándar urbano,PyME,10.7,127.1,0,,16.85,6.3
LA-005412,2026-01-31 16:28:00,Loja,Sierra,Estándar urbano,Corporativo,7.2,169.1,0,,14.97,6.5
LA-001731,2026-01-31 16:30:00,Pichincha,Sierra,Estándar urbano,PyME,7.3,181.0,0,,19.74,3.5
LA-004741,2026-01-31 17:11:00,Tungurahua,Sierra,Estándar urbano,Corporativo,5.8,118.4,0,,30.42,2.1
LA-003278,2026-01-31 17:26:00,Azuay,Sierra,Estándar urbano,PyME,4.6,100.2,0,,20.62,3.4
LA-005390,2026-01-31 17:50:00,Loja,Sierra,Estándar urbano,PyME,11.6,138.5,1,Demora en atención,26.79,1.2
LA-003665,2026-02-01 07:15:00,Azuay,Sierra,Express,Corporativo,4.6,63.6,0,,44.48,7.8
LA-002483,2026-02-01 07:16:00,Pichincha,Sierra,Express,PyME,7.7,80.2,0,,21.99,4.0
LA-002526,2026-02-01 07:24:00,Pichincha,Sierra,Express,Comercio minorista,9.5,107.9,0,,12.68,2.3
LA-004384,2026-02-01 07:40:00,Manabí,Costa,Express,Comercio minorista,8.4,101.5,0,,34.6,9.4
LA-005557,2026-02-01 07:43:00,Loja,Sierra,Estándar urbano,Comercio minorista,8.6,106.6,0,,18.18,9.0
LA-003497,2026-02-01 07:57:00,Azuay,Sierra,Estándar urbano,Corporativo,7.2,100.6,0,,27.63,2.0
LA-004925,2026-02-01 08:26:00,Tungurahua,Sierra,Estándar urbano,Corporativo,10.4,122.2,0,,22.61,5.4
LA-000583,2026-02-01 08:32:00,Guayas,Costa,Estándar urbano,PyME,5.8,140.1,0,,18.83,17.9
LA-000919,2026-02-01 09:12:00,Guayas,Costa,Express,Comercio minorista,8.5,95.6,0,,18.26,3.9
LA-002541,2026-02-01 09:14:00,Pichincha,Sierra,Express,Corporativo,6.6,39.5,0,,64.44,15.3
LA-003596,2026-02-01 09:22:00,Azuay,Sierra,Estándar urbano,Comercio minorista,9.7,109.2,0,,15.79,6.0
LA-000821,2026-02-01 09:26:00,Guayas,Costa,Express,PyME,6.7,51.8,0,,30.19,9.2
LA-000681,2026-02-01 09:35:00,Guayas,Costa,Estándar urbano,PyME,7.0,123.9,1,Falta de actualización,19.31,5.5
LA-000952,2026-02-01 09:40:00,Guayas,Costa,Express,Comercio minorista,8.3,54.4,0,,21.89,5.7
LA-000721,2026-02-01 09:46:00,Guayas,Costa,Estándar urbano,Comercio minorista,9.4,88.5,0,,10.49,2.0
LA-001001,2026-02-01 10:00:00,Guayas,Costa,Express,PyME,9.4,135.7,0,,31.84,5.9
LA-002457,2026-02-01 10:01:00,Pichincha,Sierra,Express,PyME,6.7,106.3,0,,25.39,7.0
LA-000584,2026-02-01 10:03:00,Guayas,Costa,Estándar urbano,Comercio minorista,7.5,134.6,1,Falta de actualización,32.43,7.8
LA-003655,2026-02-01 10:23:00,Azuay,Sierra,Express,Corporativo,6.9,56.4,0,,39.97,3.3
LA-002216,2026-02-01 10:34:00,Pichincha,Sierra,Estándar urbano,PyME,8.7,103.4,0,,21.01,2.9
LA-002651,2026-02-01 11:04:00,Pichincha,Sierra,Programado,Corporativo,4.9,198.0,0,,38.82,16.9
LA-002365,2026-02-01 11:23:00,Pichincha,Sierra,Estándar urbano,PyME,6.5,175.8,0,,22.58,15.2
LA-005052,2026-02-01 11:30:00,Tungurahua,Sierra,Estándar urbano,Comercio minorista,9.2,110.2,0,,28.11,11.5
LA-003683,2026-02-01 11:35:00,Azuay,Sierra,Express,Comercio minorista,8.4,87.3,0,,23.49,14.5
LA-000783,2026-02-01 11:43:00,Guayas,Costa,Estándar urbano,Comercio minorista,6.9,177.8,0,,24.26,8.9
LA-003601,2026-02-01 11:44:00,Azuay,Sierra,Estándar urbano,Corporativo,8.3,115.0,0,,20.55,8.0
LA-004247,2026-02-01 11:44:00,Manabí,Costa,Estándar urbano,PyME,8.1,177.9,0,,19.92,3.3
LA-005525,2026-02-01 11:50:00,Loja,Sierra,Estándar urbano,Comercio minorista,11.2,266.9,1,Demora en entrega,13.03,40.2
LA-000997,2026-02-01 11:54:00,Guayas,Costa,Express,Corporativo,7.8,83.3,0,,47.45,11.2
LA-004336,2026-02-01 11:57:00,Manabí,Costa,Estándar urbano,PyME,9.2,120.0,0,,6.62,12.0
LA-000975,2026-02-01 12:10:00,Guayas,Costa,Express,Comercio minorista,9.1,135.8,0,,22.84,3.4
LA-001045,2026-02-01 12:25:00,Guayas,Costa,Programado,Corporativo,6.6,203.2,0,,53.28,15.7
LA-004240,2026-02-01 12:25:00,Manabí,Costa,Estándar urbano,PyME,7.9,209.8,0,,14.02,5.9
LA-004962,2026-02-01 12:33:00,Tungurahua,Sierra,Estándar urbano,PyME,8.4,138.4,0,,10.48,2.0
LA-002351,2026-02-01 12:34:00,Pichincha,Sierra,Estándar urbano,Comercio minorista,5.4,103.5,0,,24.54,3.6
LA-000662,2026-02-01 12:38:00,Guayas,Costa,Estándar urbano,Comercio minorista,5.6,154.2,0,,26.72,11.7
LA-002184,2026-02-01 12:44:00,Pichincha,Sierra,Estándar urbano,Comercio minorista,9.5,133.7,0,,18.58,5.7
LA-002224,2026-02-01 12:50:00,Pichincha,Sierra,Estándar urbano,Comercio minorista,5.9,109.8,0,,16.99,3.2
LA-000901,2026-02-01 12:56:00,Guayas,Costa,Express,Corporativo,10.1,76.6,0,,41.09,3.1
LA-002410,2026-02-01 13:02:00,Pichincha,Sierra,Estándar urbano,Comercio minorista,7.7,112.3,0,,21.83,3.6
LA-002206,2026-02-01 13:03:00,Pichincha,Sierra,Estándar urbano,PyME,9.0,132.0,0,,20.35,5.1
LA-002330,2026-02-01 13:09:00,Pichincha,Sierra,Estándar urbano,PyME,6.7,123.8,0,,12.61,2.4
LA-002215,2026-02-01 13:17:00,Pichincha,Sierra,Estándar urbano,Corporativo,5.9,115.9,0,,43.53,3.6
LA-004348,2026-02-01 13:47:00,Manabí,Costa,Estándar urbano,Comercio minorista,7.8,184.2,0,,22.54,20.5
LA-000723,2026-02-01 13:55:00,Guayas,Costa,Estándar urbano,Comercio minorista,8.8,141.1,0,,18.57,7.7
LA-004320,2026-02-01 14:01:00,Manabí,Costa,Estándar urbano,PyME,7.4,188.6,0,,16.3,28.7
LA-005600,2026-02-01 14:33:00,Loja,Sierra,Estándar urbano,PyME,8.3,190.9,0,,12.02,12.0
LA-004373,2026-02-01 14:36:00,Manabí,Costa,Estándar urbano,PyME,8.7,190.7,0,,16.21,12.5
LA-002189,2026-02-01 14:47:00,Pichincha,Sierra,Estándar urbano,Comercio minorista,5.9,162.6,0,,15.18,10.9
LA-002634,2026-02-01 14:54:00,Pichincha,Sierra,Programado,Comercio minorista,9.8,155.9,0,,28.55,10.5
LA-004926,2026-02-01 15:08:00,Tungurahua,Sierra,Estándar urbano,PyME,7.8,98.2,0,,14.49,6.5
LA-004406,2026-02-01 15:13:00,Manabí,Costa,Express,PyME,7.7,129.0,0,,24.35,6.4
LA-000876,2026-02-01 15:21:00,Guayas,Costa,Express,Corporativo,11.5,149.6,1,Falta de actualización,38.75,7.3
LA-005076,2026-02-01 15:28:00,Tungurahua,Sierra,Express,Comercio minorista,6.8,86.9,0,,25.58,9.5
LA-004304,2026-02-01 15:31:00,Manabí,Costa,Estándar urbano,Comercio minorista,7.1,135.5,0,,23.01,11.4
LA-000863,2026-02-01 15:34:00,Guayas,Costa,Express,Comercio minorista,7.7,61.6,0,,50.02,5.7
LA-000973,2026-02-01 15:55:00,Guayas,Costa,Express,PyME,11.0,115.9,1,Falta de actualización,50.64,10.9
LA-002300,2026-02-01 16:12:00,Pichincha,Sierra,Estándar urbano,Comercio minorista,9.2,223.8,0,,26.42,37.3
LA-005508,2026-02-01 16:32:00,Loja,Sierra,Estándar urbano,Corporativo,5.6,146.2,0,,27.07,4.8
LA-002260,2026-02-01 16:32:00,Pichincha,Sierra,Estándar urbano,PyME,10.0,162.3,0,,13.78,2.6
LA-002259,2026-02-01 17:46:00,Pichincha,Sierra,Estándar urbano,Comercio minorista,5.0,143.1,0,,17.94,7.1
LA-002593,2026-02-02 07:05:00,Pichincha,Sierra,Express,Corporativo,6.0,104.8,0,,32.51,10.3
LA-003502,2026-02-02 07:10:00,Azuay,Sierra,Estándar urbano,PyME,5.7,125.6,0,,16.87,9.4
LA-005138,2026-02-02 07:19:00,Tungurahua,Sierra,Programado,Comercio minorista,9.1,125.3,0,,27.41,3.4
LA-000855,2026-02-02 07:22:00,Guayas,Costa,Express,Comercio minorista,8.2,78.2,0,,29.2,5.8
LA-003569,2026-02-02 07:26:00,Azuay,Sierra,Estándar urbano,PyME,6.6,122.9,0,,14.9,8.2
LA-000660,2026-02-02 07:46:00,Guayas,Costa,Estándar urbano,Comercio minorista,5.3,121.8,0,,14.92,5.0
LA-002339,2026-02-02 07:51:00,Pichincha,Sierra,Estándar urbano,Corporativo,8.8,115.2,0,,22.06,4.8
LA-003579,2026-02-02 08:18:00,Azuay,Sierra,Estándar urbano,Comercio minorista,6.1,147.1,0,,25.68,7.9
LA-004352,2026-02-02 08:28:00,Manabí,Costa,Estándar urbano,Comercio minorista,8.7,92.8,0,,11.12,3.1
LA-003594,2026-02-02 09:09:00,Azuay,Sierra,Estándar urbano,Corporativo,8.2,110.2,0,,25.28,5.4
LA-000966,2026-02-02 09:10:00,Guayas,Costa,Express,PyME,11.6,108.3,0,,34.33,21.0
LA-000725,2026-02-02 09:14:00,Guayas,Costa,Estándar urbano,PyME,8.7,141.0,0,,16.05,9.6
LA-003472,2026-02-02 09:18:00,Azuay,Sierra,Estándar urbano,Comercio minorista,8.8,134.9,0,,14.87,3.8
LA-002655,2026-02-02 09:31:00,Pichincha,Sierra,Programado,PyME,5.4,130.7,0,,19.59,4.1
LA-002240,2026-02-02 09:47:00,Pichincha,Sierra,Estándar urbano,Comercio minorista,10.5,120.5,0,,17.67,4.4
LA-003561,2026-02-02 09:53:00,Azuay,Sierra,Estándar urbano,Comercio minorista,5.4,80.8,0,,15.56,4.2
LA-004310,2026-02-02 10:16:00,Manabí,Costa,Estándar urbano,Comercio minorista,9.6,113.9,0,,19.73,11.0
LA-000564,2026-02-02 10:31:00,Guayas,Costa,Estándar urbano,Comercio minorista,6.5,141.1,0,,25.24,9.1
LA-003530,2026-02-02 10:56:00,Azuay,Sierra,Estándar urbano,Comercio minorista,10.4,128.9,0,,20.76,4.1
LA-004245,2026-02-02 11:06:00,Manabí,Costa,Estándar urbano,Comercio minorista,10.0,137.5,0,,20.94,12.0
LA-005554,2026-02-02 11:21:00,Loja,Sierra,Estándar urbano,PyME,10.4,238.1,0,,20.55,16.2
LA-002403,2026-02-02 11:23:00,Pichincha,Sierra,Estándar urbano,Comercio minorista,7.2,135.6,0,,10.11,9.7
LA-005113,2026-02-02 11:25:00,Tungurahua,Sierra,Express,Comercio minorista,8.2,110.8,0,,30.67,13.4
LA-002420,2026-02-02 11:44:00,Pichincha,Sierra,Estándar urbano,Comercio minorista,7.0,151.3,0,,10.75,12.4
LA-000847,2026-02-02 11:54:00,Guayas,Costa,Express,Comercio minorista,8.9,109.0,0,,26.26,8.5
LA-004306,2026-02-02 12:21:00,Manabí,Costa,Estándar urbano,PyME,6.5,132.3,0,,19.08,10.3
LA-002571,2026-02-02 12:36:00,Pichincha,Sierra,Express,PyME,7.2,31.2,0,,35.12,1.0
LA-003499,2026-02-02 12:38:00,Azuay,Sierra,Estándar urbano,Comercio minorista,8.3,180.8,0,,13.73,19.7
LA-004366,2026-02-02 12:46:00,Manabí,Costa,Estándar urbano,Comercio minorista,5.7,101.8,0,,22.05,7.9
LA-001071,2026-02-02 12:54:00,Guayas,Costa,Programado,PyME,8.9,198.3,0,,22.99,7.3
LA-005009,2026-02-02 12:59:00,Tungurahua,Sierra,Estándar urbano,PyME,5.1,112.3,0,,13.75,4.2
LA-002623,2026-02-02 13:14:00,Pichincha,Sierra,Programado,PyME,6.1,150.6,0,,28.67,9.5
LA-000791,2026-02-02 13:20:00,Guayas,Costa,Estándar urbano,Comercio minorista,6.9,98.7,0,,16.1,7.1
LA-002263,2026-02-02 13:25:00,Pichincha,Sierra,Estándar urbano,Comercio minorista,8.7,163.8,0,,15.65,11.1
LA-003656,2026-02-02 13:28:00,Azuay,Sierra,Express,PyME,8.0,28.9,0,,29.11,2.0
LA-005533,2026-02-02 13:28:00,Loja,Sierra,Estándar urbano,Comercio minorista,10.4,188.5,0,,20.22,23.1
LA-000838,2026-02-02 13:30:00,Guayas,Costa,Express,Corporativo,10.1,98.4,0,,31.52,9.0
LA-002253,2026-02-02 13:32:00,Pichincha,Sierra,Estándar urbano,Comercio minorista,8.2,119.1,0,,20.0,4.9
LA-000648,2026-02-02 13:36:00,Guayas,Costa,Estándar urbano,PyME,5.2,134.1,0,,24.9,4.1
LA-000967,2026-02-02 13:40:00,Guayas,Costa,Express,Comercio minorista,8.3,47.8,0,,33.1,2.6
LA-004937,2026-02-02 13:43:00,Tungurahua,Sierra,Estándar urbano,Comercio minorista,8.0,98.8,1,Demora en entrega,10.94,5.2
LA-000786,2026-02-02 13:49:00,Guayas,Costa,Estándar urbano,PyME,8.7,205.2,0,,15.98,25.6
LA-002238,2026-02-02 13:50:00,Pichincha,Sierra,Estándar urbano,PyME,6.5,106.8,0,,26.17,4.9
LA-005603,2026-02-02 13:56:00,Loja,Sierra,Estándar urbano,Corporativo,10.9,111.4,0,,32.34,5.9
LA-002255,2026-02-02 14:10:00,Pichincha,Sierra,Estándar urbano,Corporativo,6.8,135.3,0,,27.06,2.4
LA-000870,2026-02-02 14:23:00,Guayas,Costa,Express,PyME,8.5,37.6,0,,24.95,3.7
LA-001092,2026-02-02 14:28:00,Guayas,Costa,Programado,Comercio minorista,7.5,146.0,0,,15.3,10.0
LA-004946,2026-02-02 14:29:00,Tungurahua,Sierra,Estándar urbano,Comercio minorista,5.7,176.7,0,,10.65,27.4
LA-001025,2026-02-02 14:30:00,Guayas,Costa,Programado,Comercio minorista,6.7,145.9,0,,24.18,6.6
LA-002560,2026-02-02 14:34:00,Pichincha,Sierra,Express,PyME,7.1,60.8,0,,23.46,7.6
LA-002231,2026-02-02 14:35:00,Pichincha,Sierra,Estándar urbano,PyME,7.4,138.8,0,,21.99,1.2
LA-003635,2026-02-02 14:41:00,Azuay,Sierra,Estándar urbano,Comercio minorista,10.7,109.0,0,,10.6,2.3
LA-000891,2026-02-02 14:47:00,Guayas,Costa,Express,Comercio minorista,9.5,71.4,0,,12.72,8.8
LA-000896,2026-02-02 15:02:00,Guayas,Costa,Express,Comercio minorista,12.2,43.9,0,,33.26,2.8
LA-002424,2026-02-02 15:03:00,Pichincha,Sierra,Express,PyME,7.9,109.6,0,,61.22,13.0
LA-003526,2026-02-02 15:24:00,Azuay,Sierra,Estándar urbano,Comercio minorista,7.6,117.8,0,,16.7,6.3
LA-005633,2026-02-02 15:38:00,Loja,Sierra,Programado,Comercio minorista,4.5,172.9,0,,21.57,5.6
LA-002498,2026-02-02 15:39:00,Pichincha,Sierra,Express,Comercio minorista,9.8,58.5,0,,24.92,9.8
LA-000982,2026-02-02 15:42:00,Guayas,Costa,Express,PyME,9.2,115.6,0,,22.06,12.7
LA-004378,2026-02-02 15:51:00,Manabí,Costa,Estándar urbano,PyME,7.5,77.1,0,,12.79,11.4
LA-002335,2026-02-02 15:58:00,Pichincha,Sierra,Estándar urbano,Comercio minorista,8.6,152.1,0,,18.47,26.2
LA-000960,2026-02-02 16:17:00,Guayas,Costa,Express,Corporativo,7.8,184.4,0,,48.59,20.9
LA-005586,2026-02-02 16:59:00,Loja,Sierra,Estándar urbano,Comercio minorista,5.2,136.3,0,,9.96,2.9
LA-002582,2026-02-02 17:04:00,Pichincha,Sierra,Express,Corporativo,7.1,84.3,0,,19.64,6.3
LA-003650,2026-02-02 17:39:00,Azuay,Sierra,Express,Comercio minorista,7.0,71.8,0,,17.94,3.5
LA-002273,2026-02-02 17:42:00,Pichincha,Sierra,Estándar urbano,Corporativo,7.1,105.3,0,,16.96,4.7
LA-000719,2026-02-02 17:46:00,Guayas,Costa,Estándar urbano,Comercio minorista,10.4,145.0,0,,14.32,13.5
LA-002225,2026-02-02 17:48:00,Pichincha,Sierra,Estándar urbano,Corporativo,8.7,133.1,0,,17.24,4.6
LA-000923,2026-02-02 17:57:00,Guayas,Costa,Express,Comercio minorista,10.5,137.3,0,,26.69,8.2
LA-002379,2026-02-02 17:58:00,Pichincha,Sierra,Estándar urbano,PyME,9.0,138.0,0,,18.3,3.2
LA-002277,2026-02-02 18:22:00,Pichincha,Sierra,Estándar urbano,Corporativo,8.7,136.8,0,,36.62,6.0
LA-005536,2026-02-03 07:06:00,Loja,Sierra,Estándar urbano,PyME,7.4,138.0,0,,22.23,1.9
LA-000932,2026-02-03 07:09:00,Guayas,Costa,Express,Corporativo,8.0,108.4,0,,39.52,9.6
LA-004953,2026-02-03 07:11:00,Tungurahua,Sierra,Estándar urbano,Comercio minorista,5.7,91.2,0,,9.58,2.7
LA-002180,2026-02-03 07:12:00,Pichincha,Sierra,Estándar urbano,Comercio minorista,5.6,157.6,0,,10.77,1.6
LA-000557,2026-02-03 07:24:00,Guayas,Costa,Estándar urbano,Comercio minorista,10.0,128.2,0,,16.02,1.3
LA-001065,2026-02-03 07:24:00,Guayas,Costa,Programado,PyME,6.7,162.5,0,,17.14,13.7
LA-005635,2026-02-03 07:31:00,Loja,Sierra,Programado,Comercio minorista,7.6,196.2,0,,24.5,23.7
LA-003595,2026-02-03 07:47:00,Azuay,Sierra,Estándar urbano,PyME,5.2,86.7,0,,16.91,2.4
LA-001070,2026-02-03 08:07:00,Guayas,Costa,Programado,Corporativo,8.9,193.8,0,,26.17,13.1
LA-002436,2026-02-03 08:20:00,Pichincha,Sierra,Express,Corporativo,6.7,140.4,0,,32.62,5.6
LA-003473,2026-02-03 08:27:00,Azuay,Sierra,Estándar urbano,Comercio minorista,7.7,123.4,0,,13.51,2.7
LA-005559,2026-02-03 09:05:00,Loja,Sierra,Estándar urbano,Comercio minorista,8.3,195.8,0,,15.97,7.5
LA-004981,2026-02-03 09:20:00,Tungurahua,Sierra,Estándar urbano,Corporativo,6.2,74.4,0,,62.65,9.2
LA-000899,2026-02-03 09:21:00,Guayas,Costa,Express,PyME,11.0,151.7,0,,21.19,4.4
LA-002465,2026-02-03 09:22:00,Pichincha,Sierra,Express,PyME,8.0,70.8,0,,16.0,6.4
LA-000563,2026-02-03 09:25:00,Guayas,Costa,Estándar urbano,PyME,10.1,104.4,0,,16.0,2.0
LA-005139,2026-02-03 09:37:00,Tungurahua,Sierra,Programado,PyME,7.7,126.4,0,,23.02,5.0
LA-002434,2026-02-03 10:20:00,Pichincha,Sierra,Express,Comercio minorista,11.5,103.8,0,,32.44,3.5
LA-002383,2026-02-03 10:54:00,Pichincha,Sierra,Estándar urbano,Corporativo,7.0,120.7,0,,40.86,1.6
LA-003725,2026-02-03 11:06:00,Azuay,Sierra,Programado,Comercio minorista,7.8,152.0,0,,14.37,16.7
LA-004943,2026-02-03 11:16:00,Tungurahua,Sierra,Estándar urbano,PyME,7.8,118.4,0,,24.88,6.5
LA-004451,2026-02-03 11:28:00,Manabí,Costa,Programado,PyME,10.0,233.4,0,,22.55,45.0
LA-003484,2026-02-03 11:32:00,Azuay,Sierra,Estándar urbano,PyME,4.3,127.4,0,,12.66,4.7
LA-002580,2026-02-03 11:37:00,Pichincha,Sierra,Express,Comercio minorista,8.1,84.1,0,,36.46,7.1
LA-003533,2026-02-03 12:06:00,Azuay,Sierra,Estándar urbano,PyME,7.8,143.3,0,,32.75,10.8
LA-002212,2026-02-03 12:08:00,Pichincha,Sierra,Estándar urbano,Corporativo,7.4,147.8,0,,50.26,14.1
LA-003557,2026-02-03 12:35:00,Azuay,Sierra,Estándar urbano,Comercio minorista,7.8,138.3,0,,26.88,8.6
LA-004931,2026-02-03 12:37:00,Tungurahua,Sierra,Estándar urbano,PyME,5.9,127.5,0,,19.46,10.6
LA-000604,2026-02-03 12:43:00,Guayas,Costa,Estándar urbano,Comercio minorista,9.1,153.0,0,,9.69,9.0
LA-000646,2026-02-03 12:48:00,Guayas,Costa,Estándar urbano,Comercio minorista,8.4,169.2,0,,16.18,19.2
LA-002633,2026-02-03 12:50:00,Pichincha,Sierra,Programado,Corporativo,6.1,163.1,0,,23.4,10.7
LA-005129,2026-02-03 13:03:00,Tungurahua,Sierra,Programado,PyME,3.1,128.0,0,,12.22,13.9
LA-005090,2026-02-03 13:37:00,Tungurahua,Sierra,Express,Corporativo,7.6,101.0,0,,39.16,21.8
LA-003517,2026-02-03 13:38:00,Azuay,Sierra,Estándar urbano,PyME,5.5,128.7,0,,22.44,2.4
LA-002426,2026-02-03 13:43:00,Pichincha,Sierra,Express,Comercio minorista,8.8,76.4,0,,21.38,9.1
LA-005637,2026-02-03 13:45:00,Loja,Sierra,Programado,PyME,3.8,178.0,0,,20.37,8.3
LA-005034,2026-02-03 13:46:00,Tungurahua,Sierra,Estándar urbano,Corporativo,6.8,138.2,0,,21.9,4.6
LA-000948,2026-02-03 13:49:00,Guayas,Costa,Express,Comercio minorista,8.6,49.2,0,,17.63,12.4
LA-000827,2026-02-03 13:57:00,Guayas,Costa,Express,PyME,8.4,101.6,0,,34.86,12.0
LA-005050,2026-02-03 14:05:00,Tungurahua,Sierra,Estándar urbano,PyME,5.6,96.0,0,,15.67,5.3
LA-005575,2026-02-03 14:19:00,Loja,Sierra,Estándar urbano,Comercio minorista,8.5,98.0,1,Paquete con incidencia,17.11,7.3
LA-003664,2026-02-03 14:23:00,Azuay,Sierra,Express,Corporativo,5.2,63.8,0,,39.51,7.1
LA-000713,2026-02-03 14:25:00,Guayas,Costa,Estándar urbano,PyME,7.9,131.2,0,,15.78,15.6
LA-005522,2026-02-03 14:38:00,Loja,Sierra,Estándar urbano,PyME,7.3,244.7,0,,22.1,15.4
LA-002547,2026-02-03 15:03:00,Pichincha,Sierra,Express,Comercio minorista,6.2,120.0,0,,25.18,2.6
LA-002190,2026-02-03 15:13:00,Pichincha,Sierra,Estándar urbano,Corporativo,5.9,152.1,0,,25.81,14.0
LA-002390,2026-02-03 15:38:00,Pichincha,Sierra,Estándar urbano,Corporativo,9.0,164.3,0,,33.83,17.2
LA-002337,2026-02-03 15:46:00,Pichincha,Sierra,Estándar urbano,Comercio minorista,6.8,158.1,0,,27.97,10.9
LA-002461,2026-02-03 15:50:00,Pichincha,Sierra,Express,Comercio minorista,8.4,112.0,0,,63.08,9.1
LA-000995,2026-02-03 15:52:00,Guayas,Costa,Express,Comercio minorista,9.4,100.7,0,,19.69,9.3
LA-004992,2026-02-03 15:52:00,Tungurahua,Sierra,Estándar urbano,PyME,9.9,86.5,0,,25.49,7.0
LA-002445,2026-02-03 15:53:00,Pichincha,Sierra,Express,Comercio minorista,6.5,116.4,0,,25.91,19.6
LA-002621,2026-02-03 16:22:00,Pichincha,Sierra,Programado,Comercio minorista,9.7,215.0,0,,29.32,13.4
LA-005032,2026-02-03 16:59:00,Tungurahua,Sierra,Estándar urbano,PyME,3.9,104.8,0,,24.94,2.6
LA-004327,2026-02-03 17:17:00,Manabí,Costa,Estándar urbano,Corporativo,6.4,104.2,0,,35.92,15.6
LA-000665,2026-02-04 07:01:00,Guayas,Costa,Estándar urbano,Comercio minorista,10.2,158.4,0,,18.01,9.3
LA-003641,2026-02-04 07:17:00,Azuay,Sierra,Express,Comercio minorista,8.7,61.3,0,,16.28,4.3
LA-000558,2026-02-04 07:20:00,Guayas,Costa,Estándar urbano,Comercio minorista,8.1,113.7,0,,8.36,8.1
LA-001066,2026-02-04 07:39:00,Guayas,Costa,Programado,Comercio minorista,7.6,162.9,0,,17.74,1.1
LA-000913,2026-02-04 07:40:00,Guayas,Costa,Express,Comercio minorista,6.4,58.4,0,,57.0,10.7
LA-000867,2026-02-04 07:56:00,Guayas,Costa,Express,Comercio minorista,5.3,100.7,0,,24.67,23.2
LA-002475,2026-02-04 08:14:00,Pichincha,Sierra,Express,PyME,6.3,56.3,0,,34.52,5.0
LA-002325,2026-02-04 08:21:00,Pichincha,Sierra,Estándar urbano,PyME,4.8,108.7,0,,23.53,5.7
LA-002462,2026-02-04 08:29:00,Pichincha,Sierra,Express,Corporativo,6.4,96.6,0,,36.95,3.6
LA-004392,2026-02-04 08:47:00,Manabí,Costa,Express,Corporativo,7.0,115.9,0,,40.04,8.1
LA-003552,2026-02-04 09:01:00,Azuay,Sierra,Estándar urbano,PyME,5.2,98.6,0,,17.46,9.5
LA-003606,2026-02-04 09:03:00,Azuay,Sierra,Estándar urbano,Corporativo,5.1,127.5,0,,31.52,7.6
LA-004357,2026-02-04 09:05:00,Manabí,Costa,Estándar urbano,PyME,10.6,401.9,0,,51.19,28.4
LA-003623,2026-02-04 09:09:00,Azuay,Sierra,Estándar urbano,PyME,5.9,117.4,0,,13.07,4.6
LA-004444,2026-02-04 09:14:00,Manabí,Costa,Programado,PyME,8.7,237.8,0,,22.08,12.1
LA-003599,2026-02-04 09:18:00,Azuay,Sierra,Estándar urbano,Comercio minorista,6.7,103.5,0,,10.43,1.7
LA-000693,2026-02-04 09:18:00,Guayas,Costa,Estándar urbano,Corporativo,5.7,161.9,0,,47.7,25.7
LA-003712,2026-02-04 09:34:00,Azuay,Sierra,Programado,Comercio minorista,7.6,155.7,0,,30.06,13.8
LA-005098,2026-02-04 09:34:00,Tungurahua,Sierra,Express,Comercio minorista,7.3,29.9,0,,17.22,6.8
LA-000685,2026-02-04 09:39:00,Guayas,Costa,Estándar urbano,PyME,6.4,122.9,0,,20.69,4.6
LA-002427,2026-02-04 09:41:00,Pichincha,Sierra,Express,Corporativo,10.5,132.3,0,,63.81,12.8
LA-000828,2026-02-04 09:56:00,Guayas,Costa,Express,Comercio minorista,12.6,91.5,0,,34.53,11.6
LA-000698,2026-02-04 10:10:00,Guayas,Costa,Estándar urbano,Comercio minorista,8.3,105.1,0,,41.29,8.2
LA-000652,2026-02-04 10:13:00,Guayas,Costa,Estándar urbano,Comercio minorista,7.9,129.4,0,,11.82,7.6
LA-003600,2026-02-04 10:15:00,Azuay,Sierra,Estándar urbano,Comercio minorista,6.0,87.2,0,,19.57,2.6
LA-000692,2026-02-04 10:15:00,Guayas,Costa,Estándar urbano,Corporativo,9.0,117.9,0,,22.5,1.0
LA-004270,2026-02-04 10:18:00,Manabí,Costa,Estándar urbano,Comercio minorista,7.7,172.9,0,,21.99,40.4
LA-005539,2026-02-04 10:36:00,Loja,Sierra,Estándar urbano,Comercio minorista,6.4,163.1,0,,13.29,5.9
LA-000908,2026-02-04 11:02:00,Guayas,Costa,Express,Comercio minorista,11.0,86.6,0,,38.28,5.3
LA-003578,2026-02-04 11:05:00,Azuay,Sierra,Estándar urbano,Comercio minorista,9.1,109.3,0,,17.3,6.2
LA-004422,2026-02-04 11:06:00,Manabí,Costa,Express,PyME,11.8,39.3,0,,23.68,13.7
LA-000841,2026-02-04 11:19:00,Guayas,Costa,Express,PyME,10.2,75.3,0,,16.89,1.0
LA-002314,2026-02-04 11:19:00,Pichincha,Sierra,Estándar urbano,Comercio minorista,6.2,164.4,0,,14.36,4.8
LA-002244,2026-02-04 11:30:00,Pichincha,Sierra,Estándar urbano,Comercio minorista,8.9,145.9,0,,18.3,11.4
LA-002285,2026-02-04 11:35:00,Pichincha,Sierra,Estándar urbano,Comercio minorista,6.4,142.8,0,,13.71,6.2
LA-004413,2026-02-04 11:36:00,Manabí,Costa,Express,PyME,10.9,134.5,0,,22.06,13.1
LA-003581,2026-02-04 11:39:00,Azuay,Sierra,Estándar urbano,Corporativo,9.9,100.1,0,,24.07,3.4
LA-005003,2026-02-04 11:51:00,Tungurahua,Sierra,Estándar urbano,PyME,7.9,128.0,0,,15.85,10.6
LA-004295,2026-02-04 11:54:00,Manabí,Costa,Estándar urbano,Comercio minorista,4.6,159.2,0,,22.53,16.3
LA-000904,2026-02-04 11:55:00,Guayas,Costa,Express,Comercio minorista,10.0,62.8,0,,52.21,18.8
LA-000543,2026-02-04 11:57:00,Guayas,Costa,Estándar urbano,Comercio minorista,9.0,164.2,0,,14.87,3.1
LA-001038,2026-02-04 12:00:00,Guayas,Costa,Programado,PyME,5.4,122.0,0,,14.89,7.5
LA-005109,2026-02-04 12:06:00,Tungurahua,Sierra,Express,PyME,8.3,90.8,0,,29.97,1.0
LA-000758,2026-02-04 12:11:00,Guayas,Costa,Estándar urbano,Comercio minorista,13.5,141.9,0,,30.65,6.9
LA-000710,2026-02-04 12:19:00,Guayas,Costa,Estándar urbano,Comercio minorista,7.9,155.7,0,,22.11,12.2
LA-000689,2026-02-04 12:41:00,Guayas,Costa,Estándar urbano,PyME,8.0,124.2,0,,30.9,20.9
LA-004243,2026-02-04 12:53:00,Manabí,Costa,Estándar urbano,Comercio minorista,8.7,171.6,0,,15.93,8.2
LA-004319,2026-02-04 13:06:00,Manabí,Costa,Estándar urbano,Comercio minorista,10.0,155.8,0,,22.95,25.7
LA-005574,2026-02-04 13:09:00,Loja,Sierra,Estándar urbano,PyME,8.0,201.1,0,,24.58,20.0
LA-003524,2026-02-04 13:20:00,Azuay,Sierra,Estándar urbano,Corporativo,5.3,115.7,0,,15.44,5.9
LA-002349,2026-02-04 13:20:00,Pichincha,Sierra,Estándar urbano,PyME,7.5,99.7,0,,23.0,9.8
LA-004309,2026-02-04 13:47:00,Manabí,Costa,Estándar urbano,Comercio minorista,11.0,150.5,0,,15.1,7.7
LA-000625,2026-02-04 13:53:00,Guayas,Costa,Estándar urbano,PyME,11.1,147.7,0,,21.62,9.7
LA-002380,2026-02-04 13:59:00,Pichincha,Sierra,Estándar urbano,PyME,6.5,136.7,0,,38.99,14.1
LA-001074,2026-02-04 14:27:00,Guayas,Costa,Programado,Comercio minorista,7.0,170.7,0,,23.68,1.2
LA-002545,2026-02-04 14:30:00,Pichincha,Sierra,Express,PyME,9.3,93.0,0,,19.26,4.5
LA-004967,2026-02-04 14:43:00,Tungurahua,Sierra,Estándar urbano,Corporativo,6.2,112.3,0,,32.61,3.5
LA-002415,2026-02-04 14:50:00,Pichincha,Sierra,Estándar urbano,Comercio minorista,5.4,107.1,0,,14.93,4.4
LA-005561,2026-02-04 15:09:00,Loja,Sierra,Estándar urbano,Comercio minorista,8.9,182.3,0,,26.62,15.6
LA-003493,2026-02-04 15:27:00,Azuay,Sierra,Estándar urbano,Comercio minorista,8.2,102.6,0,,10.75,6.5
LA-004353,2026-02-04 15:32:00,Manabí,Costa,Estándar urbano,PyME,9.3,191.2,0,,19.4,27.1
LA-000757,2026-02-04 16:11:00,Guayas,Costa,Estándar urbano,Corporativo,8.3,136.8,0,,25.33,6.2
LA-002192,2026-02-04 16:13:00,Pichincha,Sierra,Estándar urbano,Comercio minorista,7.8,135.6,0,,13.36,7.2
LA-005597,2026-02-04 16:17:00,Loja,Sierra,Estándar urbano,Corporativo,7.6,156.5,0,,21.7,16.4
LA-003662,2026-02-04 16:29:00,Azuay,Sierra,Express,Corporativo,11.3,80.3,0,,20.44,4.5
LA-003549,2026-02-04 16:31:00,Azuay,Sierra,Estándar urbano,Comercio minorista,9.4,106.9,0,,16.74,6.6
LA-004308,2026-02-04 16:39:00,Manabí,Costa,Estándar urbano,PyME,11.2,173.9,0,,20.51,5.9
LA-004933,2026-02-04 17:07:00,Tungurahua,Sierra,Estándar urbano,Comercio minorista,5.9,105.9,0,,12.91,3.5
LA-000633,2026-02-04 17:35:00,Guayas,Costa,Estándar urbano,Comercio minorista,7.1,138.9,0,,19.8,2.9
LA-000575,2026-02-04 19:55:00,Guayas,Costa,Estándar urbano,Comercio minorista,6.7,136.7,0,,21.08,11.8
LA-000592,2026-02-05 07:10:00,Guayas,Costa,Estándar urbano,PyME,7.3,100.2,0,,22.89,5.6
LA-000774,2026-02-05 07:19:00,Guayas,Costa,Estándar urbano,Corporativo,6.8,127.5,0,,58.76,13.8
LA-005587,2026-02-05 07:24:00,Loja,Sierra,Estándar urbano,PyME,7.5,160.2,0,,20.9,5.1
LA-000846,2026-02-05 07:27:00,Guayas,Costa,Express,PyME,6.2,73.2,0,,53.44,22.0
LA-000756,2026-02-05 07:34:00,Guayas,Costa,Estándar urbano,PyME,8.5,157.0,0,,20.32,5.0
LA-005605,2026-02-05 07:59:00,Loja,Sierra,Estándar urbano,PyME,7.3,212.4,1,Falta de actualización,9.46,13.0
LA-005598,2026-02-05 08:18:00,Loja,Sierra,Estándar urbano,Comercio minorista,7.2,175.5,0,,19.12,10.0
LA-003478,2026-02-05 08:31:00,Azuay,Sierra,Estándar urbano,Comercio minorista,6.7,123.6,0,,9.63,10.7
LA-000603,2026-02-05 08:38:00,Guayas,Costa,Estándar urbano,Comercio minorista,7.0,90.3,0,,9.51,3.9
LA-003605,2026-02-05 08:57:00,Azuay,Sierra,Estándar urbano,Comercio minorista,5.7,111.8,0,,19.35,6.2
LA-002555,2026-02-05 08:57:00,Pichincha,Sierra,Express,Corporativo,4.5,53.1,0,,38.02,1.6
LA-004942,2026-02-05 09:05:00,Tungurahua,Sierra,Estándar urbano,Comercio minorista,6.5,97.5,0,,20.16,6.0
LA-002496,2026-02-05 09:17:00,Pichincha,Sierra,Express,Corporativo,9.9,74.4,0,,42.92,8.1
LA-000811,2026-02-05 09:20:00,Guayas,Costa,Express,Corporativo,7.8,130.4,0,,55.61,9.4
LA-005648,2026-02-05 09:22:00,Loja,Sierra,Programado,Comercio minorista,7.1,169.5,0,,13.94,7.5
LA-002209,2026-02-05 09:22:00,Pichincha,Sierra,Estándar urbano,PyME,8.0,148.3,0,,17.26,10.2
LA-004246,2026-02-05 09:35:00,Manabí,Costa,Estándar urbano,PyME,9.6,173.5,0,,17.76,24.0
LA-000704,2026-02-05 09:42:00,Guayas,Costa,Estándar urbano,Comercio minorista,8.2,151.6,0,,23.65,12.6
LA-000808,2026-02-05 10:09:00,Guayas,Costa,Estándar urbano,Comercio minorista,9.2,156.2,0,,20.09,1.6
LA-000770,2026-02-05 10:35:00,Guayas,Costa,Estándar urbano,Comercio minorista,5.3,114.0,0,,17.0,2.9
LA-002432,2026-02-05 10:42:00,Pichincha,Sierra,Express,PyME,8.8,50.7,0,,28.69,12.7
LA-004324,2026-02-05 10:44:00,Manabí,Costa,Estándar urbano,Corporativo,8.5,194.6,0,,23.5,29.5
LA-000826,2026-02-05 11:02:00,Guayas,Costa,Express,Comercio minorista,8.9,82.9,0,,22.95,5.0
LA-001026,2026-02-05 11:11:00,Guayas,Costa,Programado,Corporativo,9.6,177.2,0,,27.45,6.6
LA-003477,2026-02-05 11:16:00,Azuay,Sierra,Estándar urbano,Corporativo,6.0,122.4,0,,15.78,6.9
LA-000984,2026-02-05 11:16:00,Guayas,Costa,Express,Comercio minorista,5.2,117.7,0,,24.72,14.4
LA-003506,2026-02-05 11:20:00,Azuay,Sierra,Estándar urbano,PyME,7.1,114.1,0,,24.75,1.1
LA-005000,2026-02-05 11:23:00,Tungurahua,Sierra,Estándar urbano,Comercio minorista,8.0,123.0,0,,24.22,9.3
LA-003582,2026-02-05 11:28:00,Azuay,Sierra,Estándar urbano,PyME,5.9,127.2,0,,30.84,15.5
LA-001019,2026-02-05 11:51:00,Guayas,Costa,Programado,PyME,6.8,200.0,0,,11.61,8.5
LA-001081,2026-02-05 11:57:00,Guayas,Costa,Programado,Comercio minorista,7.2,171.1,0,,19.99,8.4
LA-000893,2026-02-05 12:08:00,Guayas,Costa,Express,Comercio minorista,9.5,53.5,0,,23.45,2.3
LA-004430,2026-02-05 12:08:00,Manabí,Costa,Express,PyME,8.8,78.4,0,,28.4,6.8
LA-003485,2026-02-05 12:09:00,Azuay,Sierra,Estándar urbano,Comercio minorista,7.5,126.1,0,,19.59,9.2
LA-002569,2026-02-05 12:13:00,Pichincha,Sierra,Express,Comercio minorista,7.0,90.4,0,,12.54,6.2
LA-002197,2026-02-05 12:28:00,Pichincha,Sierra,Estándar urbano,Comercio minorista,9.8,168.2,0,,18.23,8.1
LA-000935,2026-02-05 12:29:00,Guayas,Costa,Express,Comercio minorista,9.4,76.5,0,,23.11,10.1
LA-005551,2026-02-05 12:40:00,Loja,Sierra,Estándar urbano,PyME,8.9,182.9,1,Falta de actualización,27.57,16.5
LA-005528,2026-02-05 12:45:00,Loja,Sierra,Estándar urbano,Corporativo,5.6,268.7,0,,13.18,27.6
LA-003492,2026-02-05 12:49:00,Azuay,Sierra,Estándar urbano,Comercio minorista,7.0,102.8,0,,10.42,5.0
LA-000621,2026-02-05 12:49:00,Guayas,Costa,Estándar urbano,Comercio minorista,8.5,159.1,0,,14.66,11.5
LA-000816,2026-02-05 13:04:00,Guayas,Costa,Express,Comercio minorista,12.7,38.9,0,,47.43,1.0
LA-000886,2026-02-05 13:04:00,Guayas,Costa,Express,Comercio minorista,10.0,74.2,0,,34.65,10.2
LA-002585,2026-02-05 13:23:00,Pichincha,Sierra,Express,Comercio minorista,5.1,108.8,0,,35.25,11.5
LA-002641,2026-02-05 13:23:00,Pichincha,Sierra,Programado,Comercio minorista,7.8,176.0,0,,21.04,10.4
LA-005511,2026-02-05 13:39:00,Loja,Sierra,Estándar urbano,PyME,11.2,142.9,0,,25.88,6.8
LA-001027,2026-02-05 13:50:00,Guayas,Costa,Programado,PyME,7.9,215.6,0,,22.94,11.2
LA-000593,2026-02-05 13:59:00,Guayas,Costa,Estándar urbano,PyME,8.4,92.7,0,,26.85,2.9
LA-002447,2026-02-05 14:04:00,Pichincha,Sierra,Express,PyME,9.7,69.1,0,,18.91,5.9
LA-005030,2026-02-05 14:06:00,Tungurahua,Sierra,Estándar urbano,Comercio minorista,7.3,104.8,0,,22.08,5.2
LA-002201,2026-02-05 14:15:00,Pichincha,Sierra,Estándar urbano,Comercio minorista,10.3,137.9,0,,26.48,7.7
LA-002590,2026-02-05 14:20:00,Pichincha,Sierra,Express,Comercio minorista,7.1,111.2,0,,21.71,23.7
LA-005626,2026-02-05 14:48:00,Loja,Sierra,Express,Comercio minorista,7.3,197.4,0,,18.47,10.2
LA-002595,2026-02-05 14:58:00,Pichincha,Sierra,Programado,Corporativo,7.5,171.6,0,,43.15,24.6
LA-004979,2026-02-05 15:03:00,Tungurahua,Sierra,Estándar urbano,Comercio minorista,6.3,121.9,1,Incumplimiento de horario,15.19,10.1
LA-004300,2026-02-05 15:12:00,Manabí,Costa,Estándar urbano,PyME,12.3,333.6,0,,26.39,45.0
LA-004972,2026-02-05 15:23:00,Tungurahua,Sierra,Estándar urbano,Comercio minorista,7.9,130.8,0,,16.79,6.1
LA-004434,2026-02-05 15:27:00,Manabí,Costa,Programado,PyME,6.8,194.5,0,,43.91,16.9
LA-005005,2026-02-05 15:50:00,Tungurahua,Sierra,Estándar urbano,Comercio minorista,7.9,85.2,0,,19.92,1.0
LA-004296,2026-02-05 15:58:00,Manabí,Costa,Estándar urbano,Comercio minorista,9.5,97.0,0,,19.02,8.0
LA-004273,2026-02-05 16:57:00,Manabí,Costa,Estándar urbano,Comercio minorista,8.5,94.9,0,,21.18,13.1
LA-004372,2026-02-05 17:01:00,Manabí,Costa,Estándar urbano,PyME,7.4,182.5,0,,16.41,9.7
LA-005623,2026-02-05 17:02:00,Loja,Sierra,Express,PyME,7.5,109.0,0,,30.05,25.5
LA-002463,2026-02-05 17:25:00,Pichincha,Sierra,Express,Comercio minorista,8.0,121.8,0,,13.47,4.6
LA-002298,2026-02-05 17:36:00,Pichincha,Sierra,Estándar urbano,PyME,3.7,195.7,1,Paquete con incidencia,36.45,27.9
LA-000594,2026-02-05 17:57:00,Guayas,Costa,Estándar urbano,Comercio minorista,10.3,116.9,0,,10.76,5.9
LA-000541,2026-02-05 18:52:00,Guayas,Costa,Estándar urbano,Comercio minorista,10.5,183.3,0,,24.64,12.2
LA-002208,2026-02-05 19:45:00,Pichincha,Sierra,Estándar urbano,Comercio minorista,8.5,116.7,0,,22.68,10.1
LA-005578,2026-02-06 07:16:00,Loja,Sierra,Estándar urbano,PyME,6.4,179.0,0,,17.66,4.8
LA-002658,2026-02-06 07:16:00,Pichincha,Sierra,Programado,PyME,8.9,156.8,0,,26.52,11.0
LA-000532,2026-02-06 07:41:00,Guayas,Costa,Estándar urbano,Comercio minorista,8.8,160.2,0,,15.74,14.8
LA-004264,2026-02-06 07:45:00,Manabí,Costa,Estándar urbano,Comercio minorista,10.4,124.6,0,,10.35,6.7
LA-003480,2026-02-06 08:03:00,Azuay,Sierra,Estándar urbano,PyME,3.3,107.8,0,,16.38,3.6
LA-000825,2026-02-06 08:04:00,Guayas,Costa,Express,Corporativo,10.5,127.9,0,,43.54,20.3
LA-002527,2026-02-06 08:11:00,Pichincha,Sierra,Express,Comercio minorista,7.8,81.9,0,,48.97,7.9
LA-002521,2026-02-06 08:21:00,Pichincha,Sierra,Express,PyME,9.7,103.9,0,,26.69,6.8
LA-002452,2026-02-06 09:05:00,Pichincha,Sierra,Express,PyME,7.5,72.7,0,,60.85,1.0
LA-000677,2026-02-06 09:10:00,Guayas,Costa,Estándar urbano,Comercio minorista,4.3,162.5,0,,11.15,3.0
LA-005071,2026-02-06 09:14:00,Tungurahua,Sierra,Express,PyME,8.9,81.6,0,,31.21,7.7
LA-004945,2026-02-06 09:31:00,Tungurahua,Sierra,Estándar urbano,Corporativo,9.8,67.6,0,,28.05,9.6
LA-000653,2026-02-06 10:20:00,Guayas,Costa,Estándar urbano,PyME,4.9,106.6,0,,26.54,10.6
LA-002363,2026-02-06 10:27:00,Pichincha,Sierra,Estándar urbano,Comercio minorista,7.1,137.2,0,,12.62,4.5
LA-004356,2026-02-06 10:37:00,Manabí,Costa,Estándar urbano,PyME,8.1,79.2,0,,14.38,10.3
LA-002315,2026-02-06 10:38:00,Pichincha,Sierra,Estándar urbano,PyME,5.3,168.2,0,,17.28,16.2
LA-005510,2026-02-06 10:51:00,Loja,Sierra,Estándar urbano,Comercio minorista,10.5,235.7,0,,17.76,23.7
LA-005057,2026-02-06 10:53:00,Tungurahua,Sierra,Estándar urbano,Comercio minorista,7.4,117.8,0,,12.74,3.8
LA-005582,2026-02-06 10:59:00,Loja,Sierra,Estándar urbano,PyME,8.7,193.4,0,,17.53,21.5
LA-005013,2026-02-06 10:59:00,Tungurahua,Sierra,Estándar urbano,Comercio minorista,6.5,127.6,0,,14.76,6.3
LA-003633,2026-02-06 11:10:00,Azuay,Sierra,Estándar urbano,Comercio minorista,4.7,113.4,0,,16.34,3.9
LA-000772,2026-02-06 11:31:00,Guayas,Costa,Estándar urbano,PyME,5.3,150.3,0,,21.0,2.2
LA-001044,2026-02-06 11:39:00,Guayas,Costa,Programado,PyME,8.1,150.0,0,,11.15,4.2
LA-000834,2026-02-06 11:40:00,Guayas,Costa,Express,PyME,8.6,119.0,0,,23.06,5.8
LA-002304,2026-02-06 11:44:00,Pichincha,Sierra,Estándar urbano,Corporativo,6.2,149.2,0,,28.51,3.6
LA-001030,2026-02-06 11:47:00,Guayas,Costa,Programado,PyME,7.8,194.2,0,,20.74,15.9
LA-000924,2026-02-06 12:01:00,Guayas,Costa,Express,PyME,10.7,246.1,1,Demora en entrega,44.56,7.8
LA-005643,2026-02-06 12:03:00,Loja,Sierra,Programado,Corporativo,6.4,236.3,0,,17.96,32.1
LA-005512,2026-02-06 12:04:00,Loja,Sierra,Estándar urbano,Corporativo,5.5,200.0,0,,45.61,14.1
LA-004292,2026-02-06 12:09:00,Manabí,Costa,Estándar urbano,Comercio minorista,12.7,171.5,0,,23.44,5.0
LA-004369,2026-02-06 12:18:00,Manabí,Costa,Estándar urbano,PyME,10.0,200.2,0,,24.68,15.6
LA-002297,2026-02-06 12:25:00,Pichincha,Sierra,Estándar urbano,Comercio minorista,10.8,134.3,0,,20.68,11.2
LA-005534,2026-02-06 12:26:00,Loja,Sierra,Estándar urbano,PyME,7.6,346.4,1,Falta de actualización,23.66,3.3
LA-005576,2026-02-06 12:39:00,Loja,Sierra,Estándar urbano,Comercio minorista,8.2,213.6,0,,14.78,6.8
LA-005069,2026-02-06 12:55:00,Tungurahua,Sierra,Estándar urbano,PyME,7.1,117.7,0,,20.11,4.9
LA-003598,2026-02-06 13:10:00,Azuay,Sierra,Estándar urbano,PyME,5.7,94.9,0,,13.36,6.8
LA-000547,2026-02-06 13:13:00,Guayas,Costa,Estándar urbano,Comercio minorista,7.5,159.4,0,,25.15,12.4
LA-002631,2026-02-06 13:25:00,Pichincha,Sierra,Programado,PyME,7.9,178.0,0,,26.56,20.6
LA-000560,2026-02-06 13:30:00,Guayas,Costa,Estándar urbano,PyME,8.5,139.5,0,,18.2,7.0
LA-001059,2026-02-06 13:33:00,Guayas,Costa,Programado,PyME,6.5,194.1,0,,17.47,8.3
LA-002559,2026-02-06 13:33:00,Pichincha,Sierra,Express,PyME,10.1,65.5,0,,33.58,7.4
LA-003648,2026-02-06 13:39:00,Azuay,Sierra,Express,PyME,7.5,73.6,0,,54.24,1.6
LA-000767,2026-02-06 13:40:00,Guayas,Costa,Estándar urbano,Comercio minorista,7.3,168.8,0,,12.39,10.3
LA-004398,2026-02-06 13:55:00,Manabí,Costa,Express,PyME,8.9,244.3,0,,25.68,21.0
LA-005117,2026-02-06 13:56:00,Tungurahua,Sierra,Programado,PyME,4.8,130.1,0,,21.89,2.9
LA-004928,2026-02-06 14:09:00,Tungurahua,Sierra,Estándar urbano,PyME,6.6,119.3,0,,18.12,9.3
LA-004955,2026-02-06 14:09:00,Tungurahua,Sierra,Estándar urbano,Comercio minorista,5.1,79.0,0,,32.6,14.2
LA-004256,2026-02-06 14:17:00,Manabí,Costa,Estándar urbano,PyME,7.5,165.3,0,,17.1,3.0
LA-000555,2026-02-06 14:39:00,Guayas,Costa,Estándar urbano,Comercio minorista,9.7,147.1,0,,17.97,8.7
LA-005628,2026-02-06 14:51:00,Loja,Sierra,Express,PyME,7.6,118.3,0,,55.07,27.2
LA-001067,2026-02-06 14:55:00,Guayas,Costa,Programado,Comercio minorista,7.9,179.8,0,,15.85,7.2
LA-004930,2026-02-06 15:06:00,Tungurahua,Sierra,Estándar urbano,PyME,8.4,97.2,0,,16.22,5.2
LA-000650,2026-02-06 15:09:00,Guayas,Costa,Estándar urbano,Comercio minorista,8.3,129.9,0,,19.88,6.3
LA-003627,2026-02-06 15:17:00,Azuay,Sierra,Estándar urbano,PyME,6.4,151.1,0,,17.63,10.6
LA-000875,2026-02-06 15:21:00,Guayas,Costa,Express,Corporativo,10.0,127.8,0,,62.93,19.9
LA-005021,2026-02-06 15:26:00,Tungurahua,Sierra,Estándar urbano,Comercio minorista,11.5,134.0,0,,15.91,4.1
LA-000688,2026-02-06 15:27:00,Guayas,Costa,Estándar urbano,PyME,7.7,122.5,0,,22.93,18.4
LA-000907,2026-02-06 15:38:00,Guayas,Costa,Express,PyME,8.1,61.2,0,,32.64,9.8
LA-005083,2026-02-06 15:56:00,Tungurahua,Sierra,Express,Comercio minorista,5.1,73.7,0,,13.53,8.1
LA-004431,2026-02-06 15:57:00,Manabí,Costa,Express,Comercio minorista,15.4,40.4,0,,31.04,6.5
LA-005017,2026-02-06 16:19:00,Tungurahua,Sierra,Estándar urbano,Comercio minorista,7.7,127.2,0,,23.82,6.8
LA-002182,2026-02-06 16:36:00,Pichincha,Sierra,Estándar urbano,PyME,10.0,118.0,0,,21.99,6.1
LA-002630,2026-02-06 16:43:00,Pichincha,Sierra,Programado,Comercio minorista,5.5,213.7,0,,18.28,21.3
LA-002256,2026-02-06 16:53:00,Pichincha,Sierra,Estándar urbano,PyME,8.2,137.5,0,,22.86,7.9
LA-004441,2026-02-06 17:28:00,Manabí,Costa,Programado,PyME,6.4,175.6,0,,21.19,18.0
LA-002291,2026-02-06 17:45:00,Pichincha,Sierra,Estándar urbano,Corporativo,5.5,175.3,0,,33.07,7.4
LA-002652,2026-02-06 18:55:00,Pichincha,Sierra,Programado,PyME,5.6,175.4,0,,20.96,14.3
LA-004949,2026-02-07 07:36:00,Tungurahua,Sierra,Estándar urbano,Comercio minorista,7.4,116.8,0,,15.57,4.7
LA-003563,2026-02-07 07:48:00,Azuay,Sierra,Estándar urbano,PyME,8.2,147.7,0,,17.56,16.9
LA-002350,2026-02-07 08:25:00,Pichincha,Sierra,Estándar urbano,PyME,4.4,183.4,0,,19.29,31.5
LA-002213,2026-02-07 08:40:00,Pichincha,Sierra,Estándar urbano,Comercio minorista,5.7,108.3,0,,20.92,10.0
LA-004301,2026-02-07 09:00:00,Manabí,Costa,Estándar urbano,Comercio minorista,6.3,94.6,0,,17.88,30.3
LA-000559,2026-02-07 09:09:00,Guayas,Costa,Estándar urbano,PyME,7.4,77.1,0,,24.91,4.9
LA-002237,2026-02-07 09:10:00,Pichincha,Sierra,Estándar urbano,Comercio minorista,10.6,146.6,0,,11.78,4.0
LA-005595,2026-02-07 09:11:00,Loja,Sierra,Estándar urbano,Comercio minorista,7.9,187.0,0,,13.88,23.4
LA-004322,2026-02-07 09:22:00,Manabí,Costa,Estándar urbano,Corporativo,9.8,220.9,0,,16.94,21.5
LA-002419,2026-02-07 09:28:00,Pichincha,Sierra,Estándar urbano,PyME,5.7,128.5,0,,16.61,1.0
LA-000712,2026-02-07 09:36:00,Guayas,Costa,Estándar urbano,Corporativo,4.2,132.9,0,,20.26,14.5
LA-005120,2026-02-07 09:53:00,Tungurahua,Sierra,Programado,Comercio minorista,4.8,131.9,0,,23.12,23.2
LA-002566,2026-02-07 10:12:00,Pichincha,Sierra,Express,PyME,8.7,60.3,0,,45.8,2.4
LA-000717,2026-02-07 10:37:00,Guayas,Costa,Estándar urbano,PyME,7.8,172.6,0,,12.91,4.0
LA-003702,2026-02-07 10:56:00,Azuay,Sierra,Programado,Corporativo,5.0,99.9,0,,37.6,2.0
LA-000968,2026-02-07 11:13:00,Guayas,Costa,Express,PyME,9.9,121.2,0,,43.89,14.8
LA-004978,2026-02-07 11:20:00,Tungurahua,Sierra,Estándar urbano,Comercio minorista,8.3,92.3,0,,13.19,6.7
LA-000815,2026-02-07 11:32:00,Guayas,Costa,Express,PyME,9.3,109.4,0,,33.1,8.4
LA-003639,2026-02-07 11:36:00,Azuay,Sierra,Express,Comercio minorista,6.6,45.9,0,,35.83,2.6
LA-004410,2026-02-07 11:36:00,Manabí,Costa,Express,Comercio minorista,10.0,163.5,0,,30.58,10.5
LA-003611,2026-02-07 12:04:00,Azuay,Sierra,Estándar urbano,PyME,6.8,130.3,0,,14.39,7.8
LA-000902,2026-02-07 12:07:00,Guayas,Costa,Express,PyME,8.0,79.4,0,,56.86,6.0
LA-000779,2026-02-07 12:16:00,Guayas,Costa,Estándar urbano,PyME,6.6,134.4,0,,12.87,13.4
LA-002478,2026-02-07 12:18:00,Pichincha,Sierra,Express,PyME,11.2,105.2,0,,19.81,12.3
LA-004425,2026-02-07 12:22:00,Manabí,Costa,Express,PyME,7.9,80.5,0,,28.49,13.1
LA-002413,2026-02-07 12:27:00,Pichincha,Sierra,Estándar urbano,PyME,9.5,121.5,0,,28.45,10.4
LA-000753,2026-02-07 12:28:00,Guayas,Costa,Estándar urbano,PyME,9.3,152.5,0,,21.68,20.3
LA-005132,2026-02-07 12:31:00,Tungurahua,Sierra,Programado,PyME,2.6,160.9,0,,22.45,1.6
LA-005532,2026-02-07 12:34:00,Loja,Sierra,Estándar urbano,PyME,8.1,183.3,0,,24.37,20.0
LA-003652,2026-02-07 12:55:00,Azuay,Sierra,Express,Comercio minorista,9.2,67.5,0,,37.52,10.3
LA-004323,2026-02-07 12:57:00,Manabí,Costa,Estándar urbano,Comercio minorista,10.8,103.7,1,Demora en atención,11.76,15.3
LA-002635,2026-02-07 13:13:00,Pichincha,Sierra,Programado,PyME,8.8,150.1,0,,22.25,9.5
LA-003609,2026-02-07 13:23:00,Azuay,Sierra,Estándar urbano,Comercio minorista,3.8,150.4,0,,32.32,13.4
LA-002377,2026-02-07 13:42:00,Pichincha,Sierra,Estándar urbano,PyME,9.6,104.2,0,,11.88,2.2
LA-002367,2026-02-07 13:59:00,Pichincha,Sierra,Estándar urbano,PyME,7.6,101.0,0,,17.2,4.6
LA-003575,2026-02-07 14:00:00,Azuay,Sierra,Estándar urbano,Corporativo,8.1,112.3,0,,21.35,7.5
LA-005547,2026-02-07 14:20:00,Loja,Sierra,Estándar urbano,PyME,7.4,520.0,1,Falta de actualización,16.66,10.6
LA-005593,2026-02-07 14:34:00,Loja,Sierra,Estándar urbano,Comercio minorista,11.4,171.3,0,,22.01,11.7
LA-002364,2026-02-07 15:08:00,Pichincha,Sierra,Estándar urbano,Corporativo,8.1,122.7,0,,19.07,3.1
LA-002543,2026-02-07 15:25:00,Pichincha,Sierra,Express,PyME,3.3,49.1,0,,28.54,6.7
LA-005114,2026-02-07 15:33:00,Tungurahua,Sierra,Express,Comercio minorista,8.0,72.6,0,,14.01,6.5
LA-002346,2026-02-07 15:40:00,Pichincha,Sierra,Estándar urbano,Corporativo,7.7,179.8,0,,60.89,21.7
LA-005107,2026-02-07 15:45:00,Tungurahua,Sierra,Express,Comercio minorista,10.2,42.3,0,,46.52,3.8
LA-000992,2026-02-07 15:48:00,Guayas,Costa,Express,PyME,6.6,90.0,0,,20.4,1.0
LA-001023,2026-02-07 15:49:00,Guayas,Costa,Programado,PyME,9.7,160.0,0,,31.83,5.8
LA-005556,2026-02-07 15:57:00,Loja,Sierra,Estándar urbano,PyME,10.3,165.2,0,,21.49,5.1
LA-003689,2026-02-07 15:58:00,Azuay,Sierra,Express,Comercio minorista,7.8,36.8,0,,14.45,2.3
LA-000916,2026-02-07 16:40:00,Guayas,Costa,Express,PyME,6.9,89.4,0,,27.73,8.0
LA-000872,2026-02-07 17:12:00,Guayas,Costa,Express,Comercio minorista,12.1,87.6,0,,35.21,7.1
LA-003654,2026-02-07 17:16:00,Azuay,Sierra,Express,PyME,7.9,64.6,0,,21.58,5.0
LA-004977,2026-02-07 17:30:00,Tungurahua,Sierra,Estándar urbano,Comercio minorista,3.5,110.3,0,,13.47,3.3
LA-000990,2026-02-07 19:31:00,Guayas,Costa,Express,Comercio minorista,8.9,153.6,0,,34.15,22.3
LA-002247,2026-02-08 07:01:00,Pichincha,Sierra,Estándar urbano,Comercio minorista,6.6,111.9,0,,14.41,7.3
LA-002326,2026-02-08 07:04:00,Pichincha,Sierra,Estándar urbano,Comercio minorista,4.9,105.5,0,,20.21,1.2
LA-002501,2026-02-08 07:19:00,Pichincha,Sierra,Express,PyME,6.4,98.6,0,,65.86,4.8
LA-003534,2026-02-08 07:28:00,Azuay,Sierra,Estándar urbano,Corporativo,7.1,128.6,0,,31.74,8.9
LA-002295,2026-02-08 07:33:00,Pichincha,Sierra,Estándar urbano,Comercio minorista,6.7,122.7,0,,16.02,1.0
LA-000951,2026-02-08 07:37:00,Guayas,Costa,Express,PyME,7.7,60.8,0,,26.44,15.3
LA-001056,2026-02-08 07:49:00,Guayas,Costa,Programado,PyME,6.0,146.8,0,,29.17,7.4
LA-002232,2026-02-08 07:54:00,Pichincha,Sierra,Estándar urbano,Comercio minorista,4.9,109.3,0,,13.41,11.4
LA-000752,2026-02-08 08:01:00,Guayas,Costa,Estándar urbano,Comercio minorista,10.9,145.4,0,,20.97,8.0
LA-000690,2026-02-08 08:04:00,Guayas,Costa,Estándar urbano,PyME,7.5,144.6,0,,20.93,10.8
LA-002310,2026-02-08 08:25:00,Pichincha,Sierra,Estándar urbano,Corporativo,7.6,146.8,0,,13.8,7.5
LA-000658,2026-02-08 08:47:00,Guayas,Costa,Estándar urbano,Comercio minorista,7.1,150.3,0,,27.91,9.4
LA-000742,2026-02-08 08:48:00,Guayas,Costa,Estándar urbano,Corporativo,8.0,201.0,0,,50.54,6.6
LA-002333,2026-02-08 09:07:00,Pichincha,Sierra,Estándar urbano,Comercio minorista,10.3,92.6,0,,15.14,4.3
LA-000590,2026-02-08 09:26:00,Guayas,Costa,Estándar urbano,Corporativo,7.9,125.3,0,,18.84,5.6
LA-005523,2026-02-08 09:27:00,Loja,Sierra,Estándar urbano,PyME,7.2,152.8,0,,10.42,3.7
LA-003640,2026-02-08 09:37:00,Azuay,Sierra,Express,Corporativo,5.3,88.6,0,,37.29,2.0
LA-004315,2026-02-08 09:54:00,Manabí,Costa,Estándar urbano,Comercio minorista,9.5,231.8,0,,14.19,16.6
LA-000981,2026-02-08 10:11:00,Guayas,Costa,Express,PyME,6.2,60.5,0,,29.07,10.2
LA-003567,2026-02-08 10:22:00,Azuay,Sierra,Estándar urbano,Corporativo,5.8,89.1,0,,19.99,11.6
LA-002604,2026-02-08 10:22:00,Pichincha,Sierra,Programado,Comercio minorista,7.0,159.6,0,,18.81,2.6
LA-002649,2026-02-08 10:38:00,Pichincha,Sierra,Programado,Comercio minorista,9.3,125.4,0,,22.76,6.5
LA-005001,2026-02-08 10:38:00,Tungurahua,Sierra,Estándar urbano,PyME,9.8,86.0,0,,19.5,2.2
LA-002537,2026-02-08 10:40:00,Pichincha,Sierra,Express,Corporativo,9.4,48.7,0,,51.14,2.7
LA-003669,2026-02-08 10:43:00,Azuay,Sierra,Express,Comercio minorista,5.4,75.0,0,,30.39,7.3
LA-000638,2026-02-08 10:54:00,Guayas,Costa,Estándar urbano,PyME,8.7,163.3,0,,18.35,25.0
LA-004390,2026-02-08 11:05:00,Manabí,Costa,Express,PyME,10.2,52.1,0,,30.46,7.5
LA-003700,2026-02-08 11:10:00,Azuay,Sierra,Programado,PyME,8.3,160.8,0,,25.11,18.5
LA-005016,2026-02-08 11:16:00,Tungurahua,Sierra,Estándar urbano,Comercio minorista,8.6,152.7,0,,14.34,13.0
LA-002487,2026-02-08 11:20:00,Pichincha,Sierra,Express,Comercio minorista,8.6,109.4,0,,20.65,3.7
LA-005051,2026-02-08 11:29:00,Tungurahua,Sierra,Estándar urbano,Comercio minorista,7.8,108.1,0,,18.04,1.0
LA-003658,2026-02-08 11:30:00,Azuay,Sierra,Express,Corporativo,6.9,47.1,0,,32.37,1.0
LA-004951,2026-02-08 11:31:00,Tungurahua,Sierra,Estándar urbano,Comercio minorista,6.1,114.7,0,,17.93,9.6
LA-005059,2026-02-08 11:32:00,Tungurahua,Sierra,Estándar urbano,Corporativo,7.3,82.8,0,,24.04,10.0
LA-000601,2026-02-08 11:40:00,Guayas,Costa,Estándar urbano,Comercio minorista,8.4,170.7,0,,14.15,20.9
LA-000888,2026-02-08 11:54:00,Guayas,Costa,Express,Comercio minorista,8.3,62.7,1,Demora en entrega,34.07,4.1
LA-005588,2026-02-08 11:57:00,Loja,Sierra,Estándar urbano,PyME,9.7,185.6,0,,30.32,13.1
LA-000818,2026-02-08 12:01:00,Guayas,Costa,Express,PyME,11.1,74.2,0,,28.76,10.5
LA-002482,2026-02-08 12:08:00,Pichincha,Sierra,Express,Corporativo,4.4,43.4,0,,32.95,1.2
LA-000724,2026-02-08 12:20:00,Guayas,Costa,Estándar urbano,Comercio minorista,8.3,75.3,0,,16.03,7.0
LA-003622,2026-02-08 12:21:00,Azuay,Sierra,Estándar urbano,Comercio minorista,8.3,118.2,0,,16.62,7.6
LA-004331,2026-02-08 12:32:00,Manabí,Costa,Estándar urbano,Comercio minorista,8.0,234.6,0,,14.0,22.0
LA-002384,2026-02-08 12:42:00,Pichincha,Sierra,Estándar urbano,Comercio minorista,9.9,147.6,0,,21.77,2.9
LA-005089,2026-02-08 12:45:00,Tungurahua,Sierra,Express,PyME,6.4,109.9,0,,32.43,18.4
LA-000768,2026-02-08 12:52:00,Guayas,Costa,Estándar urbano,PyME,4.8,128.0,0,,21.33,11.4
LA-000890,2026-02-08 12:52:00,Guayas,Costa,Express,PyME,9.9,64.8,0,,27.2,3.2
LA-004376,2026-02-08 12:53:00,Manabí,Costa,Estándar urbano,PyME,10.1,216.2,0,,13.44,4.0
LA-000534,2026-02-08 12:55:00,Guayas,Costa,Estándar urbano,Comercio minorista,9.3,140.5,0,,15.42,19.4
LA-000912,2026-02-08 12:58:00,Guayas,Costa,Express,Comercio minorista,10.2,97.5,0,,26.5,10.4
LA-001020,2026-02-08 13:14:00,Guayas,Costa,Programado,Corporativo,5.9,219.0,0,,34.31,6.0
LA-003591,2026-02-08 13:21:00,Azuay,Sierra,Estándar urbano,PyME,7.1,124.4,0,,11.34,4.1
LA-002659,2026-02-08 13:29:00,Pichincha,Sierra,Programado,PyME,3.7,134.9,0,,25.05,12.0
LA-004355,2026-02-08 13:32:00,Manabí,Costa,Estándar urbano,Comercio minorista,12.6,76.2,0,,20.22,5.7
LA-002207,2026-02-08 13:47:00,Pichincha,Sierra,Estándar urbano,PyME,7.2,166.9,0,,23.78,14.3
LA-003713,2026-02-08 13:58:00,Azuay,Sierra,Programado,Comercio minorista,7.5,114.0,0,,14.62,2.0
LA-005580,2026-02-08 14:29:00,Loja,Sierra,Estándar urbano,Comercio minorista,9.1,249.5,0,,10.68,12.0
LA-004412,2026-02-08 14:32:00,Manabí,Costa,Express,PyME,9.6,167.9,0,,21.78,12.9
LA-002519,2026-02-08 14:32:00,Pichincha,Sierra,Express,Comercio minorista,6.6,48.8,0,,29.01,7.0
LA-000885,2026-02-08 14:41:00,Guayas,Costa,Express,PyME,8.7,92.5,0,,18.52,7.4
LA-002444,2026-02-08 14:44:00,Pichincha,Sierra,Express,PyME,7.0,54.3,0,,38.13,3.1
LA-004351,2026-02-08 15:18:00,Manabí,Costa,Estándar urbano,Comercio minorista,7.8,152.6,0,,9.6,3.1
LA-003697,2026-02-08 15:26:00,Azuay,Sierra,Programado,Comercio minorista,7.8,155.1,0,,22.89,9.2
LA-002283,2026-02-08 15:36:00,Pichincha,Sierra,Estándar urbano,Comercio minorista,8.2,119.9,1,Demora en entrega,21.01,5.1
LA-003705,2026-02-08 15:58:00,Azuay,Sierra,Programado,PyME,7.8,166.1,0,,40.14,14.0
LA-000956,2026-02-08 16:06:00,Guayas,Costa,Express,Comercio minorista,9.2,123.5,0,,32.75,9.8
LA-002347,2026-02-08 16:27:00,Pichincha,Sierra,Estándar urbano,Comercio minorista,9.0,144.5,0,,13.11,5.5
LA-003694,2026-02-08 16:29:00,Azuay,Sierra,Programado,Corporativo,2.0,142.1,0,,25.25,9.1
LA-000906,2026-02-08 16:48:00,Guayas,Costa,Express,Corporativo,8.1,101.0,0,,32.52,15.6
LA-003481,2026-02-08 17:10:00,Azuay,Sierra,Estándar urbano,Comercio minorista,5.5,109.9,0,,17.83,10.1
LA-004947,2026-02-08 17:27:00,Tungurahua,Sierra,Estándar urbano,Comercio minorista,7.6,98.0,0,,13.02,5.4
LA-002489,2026-02-08 17:41:00,Pichincha,Sierra,Express,PyME,7.9,51.4,0,,25.18,5.4
LA-004276,2026-02-08 17:49:00,Manabí,Costa,Estándar urbano,Comercio minorista,11.3,170.6,0,,20.12,1.6
LA-005558,2026-02-09 07:01:00,Loja,Sierra,Estándar urbano,PyME,7.1,94.1,0,,13.33,3.3
LA-003719,2026-02-09 07:04:00,Azuay,Sierra,Programado,PyME,6.3,120.2,0,,20.81,4.9
LA-002319,2026-02-09 07:09:00,Pichincha,Sierra,Estándar urbano,Comercio minorista,7.4,137.7,0,,18.22,4.6
LA-000799,2026-02-09 07:10:00,Guayas,Costa,Estándar urbano,Comercio minorista,7.5,188.4,0,,16.26,17.9
LA-005126,2026-02-09 07:34:00,Tungurahua,Sierra,Programado,PyME,6.3,142.5,0,,38.46,6.3
LA-005550,2026-02-09 07:42:00,Loja,Sierra,Estándar urbano,Comercio minorista,8.5,152.1,0,,11.72,5.3
LA-000980,2026-02-09 07:55:00,Guayas,Costa,Express,PyME,8.5,130.5,1,Demora en entrega,31.6,12.1
LA-005082,2026-02-09 07:58:00,Tungurahua,Sierra,Express,Comercio minorista,10.6,64.1,0,,23.35,5.2
LA-000644,2026-02-09 08:10:00,Guayas,Costa,Estándar urbano,Corporativo,10.6,151.7,0,,43.85,17.9
LA-003698,2026-02-09 08:23:00,Azuay,Sierra,Programado,PyME,4.7,138.5,0,,29.39,4.0
LA-000669,2026-02-09 08:28:00,Guayas,Costa,Estándar urbano,Corporativo,7.9,136.9,0,,43.48,2.9
LA-002366,2026-02-09 08:36:00,Pichincha,Sierra,Estándar urbano,Comercio minorista,6.5,115.3,0,,14.84,4.1
LA-002441,2026-02-09 08:48:00,Pichincha,Sierra,Express,PyME,7.6,55.3,0,,26.02,3.6
LA-003710,2026-02-09 09:00:00,Azuay,Sierra,Programado,Comercio minorista,5.2,137.4,0,,13.66,5.7
LA-002214,2026-02-09 09:06:00,Pichincha,Sierra,Estándar urbano,PyME,8.4,140.7,0,,23.19,16.1
LA-003488,2026-02-09 09:10:00,Azuay,Sierra,Estándar urbano,Corporativo,6.4,91.8,0,,22.01,7.8
LA-002594,2026-02-09 09:12:00,Pichincha,Sierra,Programado,Comercio minorista,8.1,148.9,0,,23.48,6.1
LA-005073,2026-02-09 09:13:00,Tungurahua,Sierra,Express,PyME,8.2,71.5,0,,15.93,10.8
LA-005524,2026-02-09 09:16:00,Loja,Sierra,Estándar urbano,PyME,6.9,234.4,0,,13.85,12.2
LA-005638,2026-02-09 09:27:00,Loja,Sierra,Programado,PyME,8.4,260.1,0,,37.27,29.6
LA-002456,2026-02-09 09:34:00,Pichincha,Sierra,Express,Corporativo,8.3,106.6,0,,41.48,8.7
LA-005629,2026-02-09 09:40:00,Loja,Sierra,Express,PyME,9.8,204.5,0,,21.7,44.1
LA-004359,2026-02-09 09:49:00,Manabí,Costa,Estándar urbano,Comercio minorista,11.1,142.4,0,,14.19,17.7
LA-005642,2026-02-09 10:02:00,Loja,Sierra,Programado,Comercio minorista,8.6,175.2,0,,20.96,3.3
LA-002656,2026-02-09 10:11:00,Pichincha,Sierra,Programado,Comercio minorista,7.2,243.6,0,,30.35,38.1
LA-003625,2026-02-09 10:14:00,Azuay,Sierra,Estándar urbano,Comercio minorista,7.6,122.8,0,,13.93,9.9
LA-000947,2026-02-09 10:16:00,Guayas,Costa,Express,Corporativo,9.1,28.0,0,,42.61,5.3
LA-004976,2026-02-09 10:19:00,Tungurahua,Sierra,Estándar urbano,PyME,4.4,116.9,0,,27.82,15.0
LA-001031,2026-02-09 10:51:00,Guayas,Costa,Programado,Comercio minorista,8.4,193.8,0,,48.33,12.4
LA-005507,2026-02-09 11:01:00,Loja,Sierra,Estándar urbano,Comercio minorista,11.1,200.9,1,Falta de actualización,15.12,12.1
LA-000883,2026-02-09 11:05:00,Guayas,Costa,Express,PyME,7.7,267.6,0,,16.71,7.0
LA-000553,2026-02-09 11:06:00,Guayas,Costa,Estándar urbano,Comercio minorista,11.2,225.7,0,,8.96,31.5
LA-000953,2026-02-09 11:07:00,Guayas,Costa,Express,Comercio minorista,10.2,77.6,0,,26.43,18.7
LA-000623,2026-02-09 11:34:00,Guayas,Costa,Estándar urbano,PyME,8.1,116.6,0,,39.21,3.3
LA-004311,2026-02-09 11:53:00,Manabí,Costa,Estándar urbano,Comercio minorista,7.3,146.1,0,,10.75,5.1
LA-000936,2026-02-09 11:54:00,Guayas,Costa,Express,PyME,10.3,169.8,0,,58.5,2.4
LA-000914,2026-02-09 11:57:00,Guayas,Costa,Express,Comercio minorista,6.2,71.9,0,,20.34,12.6
LA-004325,2026-02-09 11:59:00,Manabí,Costa,Estándar urbano,PyME,4.7,201.2,0,,11.03,21.3
LA-005025,2026-02-09 12:05:00,Tungurahua,Sierra,Estándar urbano,Comercio minorista,5.2,109.6,0,,12.48,3.0
LA-005014,2026-02-09 12:25:00,Tungurahua,Sierra,Estándar urbano,PyME,3.8,121.8,0,,27.92,12.9
LA-004991,2026-02-09 12:32:00,Tungurahua,Sierra,Estándar urbano,PyME,10.5,111.8,0,,12.58,9.5
LA-004993,2026-02-09 12:44:00,Tungurahua,Sierra,Estándar urbano,Comercio minorista,6.1,127.6,0,,13.89,5.2
LA-005503,2026-02-09 12:49:00,Loja,Sierra,Estándar urbano,Comercio minorista,7.5,165.8,0,,6.5,2.5
LA-002210,2026-02-09 12:54:00,Pichincha,Sierra,Estándar urbano,Comercio minorista,7.9,124.8,0,,22.07,5.1
LA-005134,2026-02-09 13:04:00,Tungurahua,Sierra,Programado,Comercio minorista,7.0,147.0,0,,25.36,9.4
LA-004294,2026-02-09 13:07:00,Manabí,Costa,Estándar urbano,PyME,6.9,193.7,0,,18.89,23.5
LA-002605,2026-02-09 13:07:00,Pichincha,Sierra,Programado,PyME,6.9,147.1,0,,32.62,1.5
LA-003621,2026-02-09 13:10:00,Azuay,Sierra,Estándar urbano,Comercio minorista,8.9,91.9,0,,15.49,2.9
LA-005036,2026-02-09 13:12:00,Tungurahua,Sierra,Estándar urbano,Corporativo,7.8,69.3,0,,14.13,3.5
LA-005620,2026-02-09 13:29:00,Loja,Sierra,Express,Comercio minorista,12.5,118.1,0,,44.95,25.9
LA-005622,2026-02-09 13:30:00,Loja,Sierra,Express,Corporativo,7.8,87.8,0,,20.02,1.8
LA-000807,2026-02-09 13:41:00,Guayas,Costa,Estándar urbano,Corporativo,6.0,181.0,0,,37.05,15.7
LA-002433,2026-02-09 13:42:00,Pichincha,Sierra,Express,PyME,8.5,86.7,0,,61.62,9.2
LA-004364,2026-02-09 14:34:00,Manabí,Costa,Estándar urbano,Comercio minorista,6.0,165.3,0,,22.28,5.7
LA-002454,2026-02-09 14:35:00,Pichincha,Sierra,Express,PyME,6.7,107.8,0,,16.2,17.9
LA-002318,2026-02-09 14:37:00,Pichincha,Sierra,Estándar urbano,Corporativo,8.5,138.0,0,,42.05,18.7
LA-002613,2026-02-09 14:39:00,Pichincha,Sierra,Programado,PyME,8.9,149.1,0,,28.3,5.8
LA-000793,2026-02-09 14:42:00,Guayas,Costa,Estándar urbano,Corporativo,10.0,141.9,0,,17.89,10.1
LA-000769,2026-02-09 14:56:00,Guayas,Costa,Estándar urbano,Comercio minorista,9.8,155.6,0,,19.43,1.3
LA-000771,2026-02-09 14:57:00,Guayas,Costa,Estándar urbano,Comercio minorista,7.5,86.9,0,,21.01,2.1
LA-005566,2026-02-09 15:00:00,Loja,Sierra,Estándar urbano,Comercio minorista,9.8,221.7,0,,12.61,12.6
LA-005040,2026-02-09 15:02:00,Tungurahua,Sierra,Estándar urbano,Comercio minorista,7.2,108.6,0,,18.89,5.8
LA-004453,2026-02-09 15:18:00,Manabí,Costa,Programado,Comercio minorista,7.8,131.6,0,,9.83,4.7
LA-002467,2026-02-09 15:39:00,Pichincha,Sierra,Express,Comercio minorista,6.8,90.1,0,,55.09,14.1
LA-001069,2026-02-09 15:52:00,Guayas,Costa,Programado,Comercio minorista,6.0,198.8,0,,38.68,17.3
LA-002429,2026-02-09 16:00:00,Pichincha,Sierra,Express,PyME,6.5,79.7,0,,44.66,10.0
LA-000921,2026-02-09 16:40:00,Guayas,Costa,Express,PyME,5.4,108.8,0,,43.71,9.0
LA-003703,2026-02-09 16:55:00,Azuay,Sierra,Programado,PyME,10.0,134.9,0,,10.94,7.4
LA-000670,2026-02-09 16:57:00,Guayas,Costa,Estándar urbano,PyME,6.5,135.4,0,,24.67,19.1
LA-004298,2026-02-09 17:04:00,Manabí,Costa,Estándar urbano,PyME,10.1,187.4,0,,18.7,4.1
LA-003673,2026-02-09 17:06:00,Azuay,Sierra,Express,Comercio minorista,7.2,55.8,0,,27.41,4.5
LA-002607,2026-02-09 17:47:00,Pichincha,Sierra,Programado,Comercio minorista,8.8,157.2,0,,15.31,8.2
LA-000551,2026-02-10 07:12:00,Guayas,Costa,Estándar urbano,Comercio minorista,4.8,186.3,0,,18.05,13.7
LA-000823,2026-02-10 07:16:00,Guayas,Costa,Express,PyME,6.9,103.4,0,,26.02,6.4
LA-004278,2026-02-10 07:19:00,Manabí,Costa,Estándar urbano,PyME,5.8,105.5,0,,12.56,4.5
LA-001073,2026-02-10 07:22:00,Guayas,Costa,Programado,PyME,5.8,149.9,0,,19.37,2.9
LA-000617,2026-02-10 07:23:00,Guayas,Costa,Estándar urbano,Comercio minorista,8.7,90.5,0,,13.77,4.9
LA-004250,2026-02-10 07:36:00,Manabí,Costa,Estándar urbano,Comercio minorista,11.2,109.2,0,,18.43,8.7
LA-002518,2026-02-10 07:53:00,Pichincha,Sierra,Express,Comercio minorista,7.2,73.4,0,,13.98,6.4
LA-002586,2026-02-10 08:11:00,Pichincha,Sierra,Express,Corporativo,10.0,82.6,1,Falta de actualización,39.41,4.9
LA-000570,2026-02-10 08:34:00,Guayas,Costa,Estándar urbano,Comercio minorista,9.8,121.4,0,,32.52,4.7
LA-004428,2026-02-10 08:48:00,Manabí,Costa,Express,PyME,13.4,42.6,0,,22.66,23.4
LA-002490,2026-02-10 08:51:00,Pichincha,Sierra,Express,Comercio minorista,10.8,112.6,0,,34.69,7.1
LA-000588,2026-02-10 09:07:00,Guayas,Costa,Estándar urbano,Comercio minorista,8.2,120.2,0,,17.3,13.2
LA-002603,2026-02-10 09:19:00,Pichincha,Sierra,Programado,Comercio minorista,7.6,150.9,0,,25.35,9.9
LA-002438,2026-02-10 09:23:00,Pichincha,Sierra,Express,PyME,7.5,71.1,0,,38.11,5.3
LA-000748,2026-02-10 09:31:00,Guayas,Costa,Estándar urbano,PyME,6.0,98.4,0,,39.84,1.5
LA-004387,2026-02-10 09:41:00,Manabí,Costa,Express,PyME,9.7,198.4,0,,26.83,34.5
LA-002250,2026-02-10 09:43:00,Pichincha,Sierra,Estándar urbano,PyME,8.6,113.4,1,Demora en entrega,24.0,4.8
LA-005097,2026-02-10 09:58:00,Tungurahua,Sierra,Express,PyME,6.8,61.3,0,,11.1,1.9
LA-002473,2026-02-10 10:08:00,Pichincha,Sierra,Express,PyME,6.7,70.0,0,,22.28,3.6
LA-000736,2026-02-10 10:09:00,Guayas,Costa,Estándar urbano,Comercio minorista,8.7,132.6,0,,18.51,8.1
LA-002448,2026-02-10 10:32:00,Pichincha,Sierra,Express,PyME,9.5,40.7,0,,32.89,2.6
LA-004411,2026-02-10 10:44:00,Manabí,Costa,Express,Comercio minorista,8.2,255.1,0,,47.64,23.5
LA-002371,2026-02-10 10:50:00,Pichincha,Sierra,Estándar urbano,Comercio minorista,7.8,134.1,0,,20.78,2.6
LA-000586,2026-02-10 10:51:00,Guayas,Costa,Estándar urbano,Comercio minorista,5.1,123.9,0,,34.88,15.8
LA-004426,2026-02-10 11:10:00,Manabí,Costa,Express,Comercio minorista,6.7,246.5,0,,27.36,45.0
LA-002542,2026-02-10 11:25:00,Pichincha,Sierra,Express,Comercio minorista,9.3,29.0,0,,24.06,3.1
LA-000810,2026-02-10 11:26:00,Guayas,Costa,Estándar urbano,Corporativo,8.2,108.2,0,,59.99,8.6
LA-001064,2026-02-10 11:29:00,Guayas,Costa,Programado,Comercio minorista,9.8,143.7,0,,18.84,4.5
LA-004342,2026-02-10 11:38:00,Manabí,Costa,Estándar urbano,PyME,9.1,182.2,0,,25.6,26.6
LA-004984,2026-02-10 11:44:00,Tungurahua,Sierra,Estándar urbano,Corporativo,5.7,103.4,0,,16.36,4.2
LA-000699,2026-02-10 11:45:00,Guayas,Costa,Estándar urbano,Comercio minorista,7.9,114.5,0,,24.02,13.7
LA-000895,2026-02-10 11:45:00,Guayas,Costa,Express,PyME,7.3,49.3,0,,21.05,6.1
LA-001017,2026-02-10 11:49:00,Guayas,Costa,Programado,Comercio minorista,3.1,142.3,0,,13.52,3.8
LA-002281,2026-02-10 11:50:00,Pichincha,Sierra,Estándar urbano,Comercio minorista,5.9,106.7,0,,18.06,7.9
LA-002248,2026-02-10 12:02:00,Pichincha,Sierra,Estándar urbano,PyME,4.9,132.4,0,,15.57,4.2
LA-004448,2026-02-10 12:03:00,Manabí,Costa,Programado,PyME,7.9,161.3,0,,22.62,14.5
LA-004446,2026-02-10 12:13:00,Manabí,Costa,Programado,Comercio minorista,9.8,183.9,0,,11.32,3.9
LA-000580,2026-02-10 12:15:00,Guayas,Costa,Estándar urbano,Comercio minorista,7.7,129.9,0,,19.59,13.4
LA-005110,2026-02-10 12:15:00,Tungurahua,Sierra,Express,Corporativo,8.9,51.6,0,,19.97,4.9
LA-002423,2026-02-10 12:18:00,Pichincha,Sierra,Estándar urbano,Comercio minorista,7.2,123.3,0,,10.18,4.8
LA-000722,2026-02-10 12:21:00,Guayas,Costa,Estándar urbano,PyME,11.5,141.9,0,,19.82,13.7
LA-000562,2026-02-10 12:24:00,Guayas,Costa,Estándar urbano,PyME,9.7,96.9,0,,17.5,5.1
LA-000938,2026-02-10 12:35:00,Guayas,Costa,Express,Corporativo,7.8,91.7,0,,30.44,12.8
LA-003558,2026-02-10 12:48:00,Azuay,Sierra,Estándar urbano,PyME,7.2,138.5,0,,16.35,9.4
LA-000894,2026-02-10 12:49:00,Guayas,Costa,Express,Comercio minorista,9.1,197.5,0,,20.67,31.8
LA-004260,2026-02-10 13:03:00,Manabí,Costa,Estándar urbano,Comercio minorista,12.0,250.6,0,,25.64,16.0
LA-000595,2026-02-10 13:06:00,Guayas,Costa,Estándar urbano,Comercio minorista,6.9,127.1,0,,14.76,8.9
LA-001049,2026-02-10 13:13:00,Guayas,Costa,Programado,PyME,5.7,131.7,0,,38.28,2.6
LA-002195,2026-02-10 13:15:00,Pichincha,Sierra,Estándar urbano,PyME,6.3,85.9,0,,17.19,1.6
LA-004249,2026-02-10 13:16:00,Manabí,Costa,Estándar urbano,PyME,6.6,169.1,0,,20.46,6.7
LA-000672,2026-02-10 13:21:00,Guayas,Costa,Estándar urbano,PyME,5.6,156.4,0,,32.16,20.2
LA-000965,2026-02-10 13:32:00,Guayas,Costa,Express,PyME,8.8,68.7,0,,34.76,7.6
LA-000927,2026-02-10 13:34:00,Guayas,Costa,Express,Comercio minorista,7.3,92.4,0,,21.26,7.3
LA-000988,2026-02-10 13:59:00,Guayas,Costa,Express,Corporativo,7.4,105.7,0,,26.12,12.3
LA-005136,2026-02-10 14:04:00,Tungurahua,Sierra,Programado,PyME,8.4,133.3,0,,14.22,4.3
LA-000539,2026-02-10 14:19:00,Guayas,Costa,Estándar urbano,Comercio minorista,6.0,94.6,0,,14.26,10.1
LA-002374,2026-02-10 14:21:00,Pichincha,Sierra,Estándar urbano,Corporativo,5.6,140.6,0,,44.67,5.9
LA-003498,2026-02-10 14:38:00,Azuay,Sierra,Estándar urbano,PyME,8.5,125.5,0,,16.81,11.4
LA-004938,2026-02-10 14:48:00,Tungurahua,Sierra,Estándar urbano,Comercio minorista,10.0,94.9,0,,15.05,4.9
LA-004974,2026-02-10 14:55:00,Tungurahua,Sierra,Estándar urbano,PyME,8.8,101.1,0,,10.07,3.8
LA-001028,2026-02-10 15:06:00,Guayas,Costa,Programado,Comercio minorista,11.2,174.2,0,,26.68,5.9
LA-003483,2026-02-10 15:19:00,Azuay,Sierra,Estándar urbano,Comercio minorista,10.3,112.0,0,,24.58,3.1
LA-005078,2026-02-10 15:28:00,Tungurahua,Sierra,Express,PyME,7.3,38.9,0,,31.52,13.1
LA-005074,2026-02-10 15:33:00,Tungurahua,Sierra,Express,Corporativo,5.5,84.6,0,,30.1,1.0
LA-002654,2026-02-10 15:38:00,Pichincha,Sierra,Programado,PyME,7.9,131.2,0,,29.61,4.4
LA-002505,2026-02-10 15:48:00,Pichincha,Sierra,Express,PyME,9.9,69.9,0,,30.45,14.1
LA-004371,2026-02-10 16:11:00,Manabí,Costa,Estándar urbano,PyME,10.7,209.1,0,,24.14,13.8
LA-003704,2026-02-10 16:32:00,Azuay,Sierra,Programado,Comercio minorista,7.4,127.4,0,,26.35,7.8
LA-000678,2026-02-10 16:44:00,Guayas,Costa,Estándar urbano,PyME,7.7,215.6,0,,17.78,12.9
LA-002455,2026-02-10 16:49:00,Pichincha,Sierra,Express,Comercio minorista,10.6,132.3,0,,24.64,10.1
LA-002597,2026-02-10 17:32:00,Pichincha,Sierra,Programado,PyME,5.6,174.8,0,,19.41,4.7
LA-000842,2026-02-10 17:36:00,Guayas,Costa,Express,Comercio minorista,9.7,125.1,0,,34.18,8.7
LA-002296,2026-02-10 17:54:00,Pichincha,Sierra,Estándar urbano,Comercio minorista,9.7,166.9,0,,17.86,2.4
LA-004987,2026-02-10 18:39:00,Tungurahua,Sierra,Estándar urbano,Comercio minorista,4.4,129.8,0,,18.56,16.2
LA-002488,2026-02-10 19:00:00,Pichincha,Sierra,Express,PyME,8.4,113.8,0,,33.08,3.2
LA-002587,2026-02-10 19:51:00,Pichincha,Sierra,Express,Comercio minorista,7.7,117.6,0,,41.32,14.6
LA-000587,2026-02-11 07:15:00,Guayas,Costa,Estándar urbano,Comercio minorista,7.1,88.3,0,,9.53,8.2
LA-001033,2026-02-11 07:27:00,Guayas,Costa,Programado,PyME,4.9,159.2,0,,21.9,7.7
LA-002506,2026-02-11 07:36:00,Pichincha,Sierra,Express,PyME,7.0,87.6,0,,20.38,9.2
LA-003571,2026-02-11 07:45:00,Azuay,Sierra,Estándar urbano,PyME,7.1,96.7,0,,23.95,10.0
LA-000715,2026-02-11 07:46:00,Guayas,Costa,Estándar urbano,Comercio minorista,10.9,135.7,0,,12.57,2.9
LA-002382,2026-02-11 07:47:00,Pichincha,Sierra,Estándar urbano,PyME,6.4,106.2,0,,35.09,7.3
LA-001021,2026-02-11 07:48:00,Guayas,Costa,Programado,Corporativo,7.5,102.6,0,,22.92,4.6
LA-000814,2026-02-11 07:50:00,Guayas,Costa,Express,Corporativo,8.5,73.6,0,,34.84,3.1
LA-003645,2026-02-11 07:59:00,Azuay,Sierra,Express,Comercio minorista,7.6,28.2,0,,23.52,1.0
LA-000915,2026-02-11 08:10:00,Guayas,Costa,Express,Comercio minorista,7.6,65.6,0,,13.08,5.7
LA-000732,2026-02-11 08:29:00,Guayas,Costa,Estándar urbano,Comercio minorista,9.3,133.6,0,,10.94,12.2
LA-002246,2026-02-11 08:35:00,Pichincha,Sierra,Estándar urbano,Comercio minorista,7.4,149.8,0,,40.17,14.7
LA-002370,2026-02-11 08:38:00,Pichincha,Sierra,Estándar urbano,Comercio minorista,8.8,114.0,0,,13.36,2.6
LA-000645,2026-02-11 08:47:00,Guayas,Costa,Estándar urbano,PyME,5.2,200.6,0,,23.21,21.6
LA-000745,2026-02-11 08:49:00,Guayas,Costa,Estándar urbano,Comercio minorista,8.7,137.1,0,,13.0,9.1
LA-003685,2026-02-11 08:50:00,Azuay,Sierra,Express,PyME,6.9,51.9,0,,25.4,5.2
LA-005055,2026-02-11 08:59:00,Tungurahua,Sierra,Estándar urbano,PyME,6.6,92.2,0,,20.98,5.8
LA-000873,2026-02-11 09:00:00,Guayas,Costa,Express,Corporativo,8.3,91.0,0,,33.68,23.5
LA-000635,2026-02-11 09:04:00,Guayas,Costa,Estándar urbano,Comercio minorista,10.9,101.9,0,,19.86,8.1
LA-000928,2026-02-11 09:08:00,Guayas,Costa,Express,PyME,9.0,148.4,0,,27.26,10.7
LA-002638,2026-02-11 09:12:00,Pichincha,Sierra,Programado,Comercio minorista,5.2,177.1,0,,26.76,7.6
LA-000780,2026-02-11 09:14:00,Guayas,Costa,Estándar urbano,PyME,5.2,212.7,0,,23.09,22.2
LA-003574,2026-02-11 09:36:00,Azuay,Sierra,Estándar urbano,Corporativo,4.7,114.1,0,,21.79,11.9
LA-000945,2026-02-11 09:40:00,Guayas,Costa,Express,Comercio minorista,6.0,94.8,0,,35.77,10.7
LA-000993,2026-02-11 09:48:00,Guayas,Costa,Express,PyME,6.4,100.2,0,,41.37,9.7
LA-000802,2026-02-11 09:49:00,Guayas,Costa,Estándar urbano,PyME,7.3,112.3,0,,21.87,9.0
LA-000999,2026-02-11 09:57:00,Guayas,Costa,Express,Comercio minorista,8.3,42.2,1,Falta de actualización,17.62,7.5
LA-003663,2026-02-11 10:06:00,Azuay,Sierra,Express,Comercio minorista,7.8,78.7,0,,14.51,6.5
LA-002599,2026-02-11 10:12:00,Pichincha,Sierra,Programado,PyME,5.7,154.6,0,,40.68,5.8
LA-003634,2026-02-11 10:21:00,Azuay,Sierra,Estándar urbano,Comercio minorista,9.3,114.2,0,,15.34,3.9
LA-000634,2026-02-11 10:30:00,Guayas,Costa,Estándar urbano,PyME,3.1,176.9,0,,24.56,10.6
LA-000946,2026-02-11 10:33:00,Guayas,Costa,Express,Corporativo,11.1,129.2,0,,25.79,13.1
LA-000598,2026-02-11 10:41:00,Guayas,Costa,Estándar urbano,Corporativo,7.1,165.6,0,,37.93,18.3
LA-001060,2026-02-11 10:42:00,Guayas,Costa,Programado,Corporativo,9.4,119.9,0,,33.65,3.6
LA-002292,2026-02-11 11:03:00,Pichincha,Sierra,Estándar urbano,PyME,5.7,96.7,0,,21.79,3.9
LA-004282,2026-02-11 11:10:00,Manabí,Costa,Estándar urbano,Comercio minorista,6.6,101.7,0,,19.28,7.7
LA-000871,2026-02-11 11:11:00,Guayas,Costa,Express,PyME,6.8,133.1,0,,28.39,44.0
LA-000813,2026-02-11 11:29:00,Guayas,Costa,Express,Comercio minorista,8.9,63.5,0,,16.61,4.8
LA-000929,2026-02-11 11:33:00,Guayas,Costa,Express,PyME,8.2,103.5,0,,50.76,15.0
LA-004346,2026-02-11 11:35:00,Manabí,Costa,Estándar urbano,Corporativo,9.2,157.2,0,,29.74,16.0
LA-005006,2026-02-11 11:35:00,Tungurahua,Sierra,Estándar urbano,Comercio minorista,5.1,148.8,0,,14.03,29.7
LA-004402,2026-02-11 11:39:00,Manabí,Costa,Express,Comercio minorista,11.7,114.7,0,,56.52,12.7
LA-000785,2026-02-11 11:49:00,Guayas,Costa,Estándar urbano,PyME,9.8,150.7,0,,17.43,6.9
LA-000787,2026-02-11 11:54:00,Guayas,Costa,Estándar urbano,PyME,6.5,143.5,1,Demora en entrega,26.74,9.5
LA-004417,2026-02-11 11:55:00,Manabí,Costa,Express,PyME,9.6,47.7,0,,37.26,11.9
LA-002239,2026-02-11 12:01:00,Pichincha,Sierra,Estándar urbano,PyME,5.6,101.8,0,,29.5,19.2
LA-003696,2026-02-11 12:09:00,Azuay,Sierra,Programado,PyME,4.9,149.4,0,,19.8,9.4
LA-003516,2026-02-11 12:13:00,Azuay,Sierra,Estándar urbano,PyME,4.3,137.7,0,,22.27,6.3
LA-004361,2026-02-11 12:13:00,Manabí,Costa,Estándar urbano,PyME,7.3,243.0,0,,20.51,34.1
LA-003525,2026-02-11 12:14:00,Azuay,Sierra,Estándar urbano,Comercio minorista,6.3,132.8,0,,26.42,8.8
LA-005002,2026-02-11 12:20:00,Tungurahua,Sierra,Estándar urbano,Comercio minorista,8.1,109.9,0,,19.11,3.9
LA-002620,2026-02-11 12:28:00,Pichincha,Sierra,Programado,Comercio minorista,6.2,146.1,0,,17.22,8.4
LA-002578,2026-02-11 12:43:00,Pichincha,Sierra,Express,Comercio minorista,7.8,55.5,0,,25.89,1.7
LA-000754,2026-02-11 12:49:00,Guayas,Costa,Estándar urbano,Comercio minorista,7.6,138.6,0,,20.22,7.7
LA-003618,2026-02-11 12:54:00,Azuay,Sierra,Estándar urbano,Comercio minorista,10.1,121.9,0,,19.44,12.4
LA-002395,2026-02-11 13:08:00,Pichincha,Sierra,Estándar urbano,PyME,4.6,128.7,0,,25.19,1.7
LA-005062,2026-02-11 13:12:00,Tungurahua,Sierra,Estándar urbano,Comercio minorista,3.5,103.8,0,,10.5,4.4
LA-002464,2026-02-11 13:16:00,Pichincha,Sierra,Express,PyME,8.3,146.4,0,,25.56,12.7
LA-000970,2026-02-11 13:28:00,Guayas,Costa,Express,Comercio minorista,8.3,323.7,0,,26.96,8.1
LA-002579,2026-02-11 13:34:00,Pichincha,Sierra,Express,Corporativo,7.3,74.6,0,,25.94,2.1
LA-000962,2026-02-11 13:35:00,Guayas,Costa,Express,Comercio minorista,8.9,167.5,0,,35.81,9.0
LA-005564,2026-02-11 13:49:00,Loja,Sierra,Estándar urbano,PyME,6.5,155.5,0,,21.16,7.3
LA-004368,2026-02-11 13:50:00,Manabí,Costa,Estándar urbano,PyME,9.7,126.0,0,,9.99,3.7
LA-000596,2026-02-11 13:54:00,Guayas,Costa,Estándar urbano,Comercio minorista,8.8,142.4,0,,16.19,10.8
LA-002288,2026-02-11 13:59:00,Pichincha,Sierra,Estándar urbano,PyME,10.3,116.5,0,,14.45,6.6
LA-000897,2026-02-11 14:04:00,Guayas,Costa,Express,Comercio minorista,8.6,127.6,0,,19.22,31.4
LA-005018,2026-02-11 14:17:00,Tungurahua,Sierra,Estándar urbano,Comercio minorista,5.6,111.7,0,,13.08,9.7
LA-000877,2026-02-11 14:20:00,Guayas,Costa,Express,Corporativo,7.9,132.3,0,,33.59,1.5
LA-002515,2026-02-11 14:30:00,Pichincha,Sierra,Express,Corporativo,7.9,47.8,0,,68.12,2.1
LA-004338,2026-02-11 14:37:00,Manabí,Costa,Estándar urbano,Comercio minorista,12.4,161.5,0,,8.78,13.2
LA-005101,2026-02-11 14:47:00,Tungurahua,Sierra,Express,Comercio minorista,6.6,49.5,0,,17.42,3.1
LA-002194,2026-02-11 14:50:00,Pichincha,Sierra,Estándar urbano,PyME,8.9,132.3,0,,25.33,13.3
LA-001078,2026-02-11 14:55:00,Guayas,Costa,Programado,PyME,5.6,148.0,0,,26.07,21.8
LA-004965,2026-02-11 15:02:00,Tungurahua,Sierra,Estándar urbano,Corporativo,2.7,90.6,0,,34.97,2.3
LA-005644,2026-02-11 15:30:00,Loja,Sierra,Programado,Corporativo,2.0,168.3,0,,13.95,6.1
LA-005560,2026-02-11 15:39:00,Loja,Sierra,Estándar urbano,PyME,8.8,185.7,0,,10.13,7.0
LA-000703,2026-02-11 15:40:00,Guayas,Costa,Estándar urbano,Corporativo,8.0,150.7,0,,35.22,7.1
LA-003624,2026-02-11 16:12:00,Azuay,Sierra,Estándar urbano,Comercio minorista,7.4,147.5,0,,12.51,9.1
LA-005080,2026-02-11 16:35:00,Tungurahua,Sierra,Express,PyME,8.8,50.6,0,,58.04,5.4
LA-003504,2026-02-11 16:59:00,Azuay,Sierra,Estándar urbano,Comercio minorista,4.0,107.4,0,,14.76,10.1
LA-000606,2026-02-11 17:34:00,Guayas,Costa,Estándar urbano,Comercio minorista,10.8,119.8,0,,14.96,13.8
LA-003651,2026-02-11 17:43:00,Azuay,Sierra,Express,PyME,9.1,110.4,0,,46.66,14.7
LA-000647,2026-02-11 18:19:00,Guayas,Costa,Estándar urbano,PyME,5.2,181.6,0,,17.96,45.0
LA-000803,2026-02-11 19:24:00,Guayas,Costa,Estándar urbano,Comercio minorista,8.7,153.8,0,,12.05,6.7
LA-002191,2026-02-11 19:50:00,Pichincha,Sierra,Estándar urbano,Comercio minorista,8.1,124.6,0,,16.0,14.1
LA-003529,2026-02-11 19:54:00,Azuay,Sierra,Estándar urbano,Comercio minorista,7.0,150.2,0,,15.91,12.8
LA-004389,2026-02-12 07:09:00,Manabí,Costa,Express,PyME,10.6,171.8,0,,37.86,25.5
LA-002480,2026-02-12 07:21:00,Pichincha,Sierra,Express,PyME,6.3,58.1,0,,30.62,2.3
LA-002661,2026-02-12 07:43:00,Pichincha,Sierra,Programado,Comercio minorista,11.9,411.2,0,,21.03,20.4
LA-005031,2026-02-12 08:09:00,Tungurahua,Sierra,Estándar urbano,Comercio minorista,5.7,128.3,0,,11.8,2.2
LA-000600,2026-02-12 08:32:00,Guayas,Costa,Estándar urbano,PyME,6.6,128.8,0,,15.56,9.3
LA-002637,2026-02-12 08:36:00,Pichincha,Sierra,Programado,Comercio minorista,5.9,171.5,0,,33.85,5.2
LA-000727,2026-02-12 08:58:00,Guayas,Costa,Estándar urbano,Corporativo,5.3,157.7,0,,23.58,6.0
LA-002497,2026-02-12 09:01:00,Pichincha,Sierra,Express,Comercio minorista,8.0,107.4,0,,34.52,19.2
LA-004452,2026-02-12 09:20:00,Manabí,Costa,Programado,Comercio minorista,6.5,179.4,0,,16.56,3.6
LA-005630,2026-02-12 09:58:00,Loja,Sierra,Express,PyME,8.6,144.7,0,,49.17,25.1
LA-004272,2026-02-12 09:58:00,Manabí,Costa,Estándar urbano,PyME,11.1,186.8,0,,23.51,14.4
LA-000903,2026-02-12 10:11:00,Guayas,Costa,Express,Comercio minorista,4.7,46.6,0,,24.37,12.3
LA-001018,2026-02-12 10:16:00,Guayas,Costa,Programado,Corporativo,9.8,169.7,0,,18.92,11.1
LA-004363,2026-02-12 10:19:00,Manabí,Costa,Estándar urbano,PyME,10.2,126.0,0,,24.66,23.7
LA-005516,2026-02-12 10:29:00,Loja,Sierra,Estándar urbano,Comercio minorista,9.4,166.0,0,,13.19,31.0
LA-000961,2026-02-12 10:39:00,Guayas,Costa,Express,Corporativo,7.9,167.2,0,,81.3,19.9
LA-004239,2026-02-12 10:48:00,Manabí,Costa,Estándar urbano,Corporativo,9.9,209.9,0,,21.54,6.4
LA-003470,2026-02-12 10:50:00,Azuay,Sierra,Estándar urbano,PyME,4.7,116.4,0,,14.49,4.2
LA-005617,2026-02-12 11:03:00,Loja,Sierra,Express,Comercio minorista,10.1,101.4,0,,21.21,7.1
LA-002598,2026-02-12 11:23:00,Pichincha,Sierra,Programado,Corporativo,5.4,144.0,0,,28.94,8.4
LA-005585,2026-02-12 11:35:00,Loja,Sierra,Estándar urbano,Comercio minorista,5.1,156.2,0,,10.73,11.7
LA-002334,2026-02-12 11:37:00,Pichincha,Sierra,Estándar urbano,PyME,2.9,120.0,0,,17.94,3.6
LA-001083,2026-02-12 11:41:00,Guayas,Costa,Programado,Comercio minorista,10.0,177.4,0,,27.6,12.4
LA-004271,2026-02-12 11:42:00,Manabí,Costa,Estándar urbano,Corporativo,8.3,134.9,0,,45.51,27.4
LA-004980,2026-02-12 11:46:00,Tungurahua,Sierra,Estándar urbano,PyME,8.0,96.0,0,,12.93,7.1
LA-005569,2026-02-12 11:48:00,Loja,Sierra,Estándar urbano,Corporativo,7.5,206.3,0,,39.45,24.9
LA-003672,2026-02-12 11:52:00,Azuay,Sierra,Express,Comercio minorista,5.9,49.6,0,,24.36,5.6
LA-002416,2026-02-12 12:00:00,Pichincha,Sierra,Estándar urbano,PyME,4.9,118.3,0,,10.45,1.6
LA-000985,2026-02-12 12:09:00,Guayas,Costa,Express,PyME,10.2,38.6,0,,43.52,3.2
LA-003724,2026-02-12 12:12:00,Azuay,Sierra,Programado,PyME,5.4,163.7,0,,27.15,14.0
LA-005596,2026-02-12 12:13:00,Loja,Sierra,Estándar urbano,Comercio minorista,11.5,211.3,0,,16.04,20.6
LA-004340,2026-02-12 12:14:00,Manabí,Costa,Estándar urbano,Comercio minorista,9.9,152.0,1,Falta de actualización,18.6,16.4
LA-005521,2026-02-12 12:26:00,Loja,Sierra,Estándar urbano,Comercio minorista,5.9,150.8,0,,14.63,3.2
LA-000796,2026-02-12 12:34:00,Guayas,Costa,Estándar urbano,Comercio minorista,7.5,183.2,0,,25.17,31.4
LA-000959,2026-02-12 12:35:00,Guayas,Costa,Express,PyME,10.0,59.1,0,,37.64,7.8
LA-002439,2026-02-12 12:39:00,Pichincha,Sierra,Express,Comercio minorista,10.3,124.3,0,,39.78,13.0
LA-002660,2026-02-12 12:45:00,Pichincha,Sierra,Programado,Corporativo,6.3,136.2,0,,40.45,6.7
LA-003528,2026-02-12 12:52:00,Azuay,Sierra,Estándar urbano,PyME,6.4,150.5,0,,35.27,18.3
LA-000542,2026-02-12 13:04:00,Guayas,Costa,Estándar urbano,PyME,8.9,183.1,0,,26.65,19.0
LA-002220,2026-02-12 13:04:00,Pichincha,Sierra,Estándar urbano,PyME,5.4,95.8,0,,15.24,5.0
LA-002474,2026-02-12 13:13:00,Pichincha,Sierra,Express,Comercio minorista,8.6,92.9,0,,39.36,9.5
LA-004959,2026-02-12 13:14:00,Tungurahua,Sierra,Estándar urbano,Comercio minorista,5.3,125.4,0,,18.82,12.7
LA-004344,2026-02-12 13:30:00,Manabí,Costa,Estándar urbano,PyME,12.2,122.6,0,,23.6,18.4
LA-003671,2026-02-12 13:36:00,Azuay,Sierra,Express,Comercio minorista,6.1,70.6,0,,24.56,1.5
LA-002205,2026-02-12 13:43:00,Pichincha,Sierra,Estándar urbano,Comercio minorista,10.9,137.4,0,,13.56,5.2
LA-002565,2026-02-12 13:44:00,Pichincha,Sierra,Express,PyME,4.7,90.4,0,,26.47,12.0
LA-004421,2026-02-12 14:03:00,Manabí,Costa,Express,Comercio minorista,11.7,101.7,0,,24.41,15.9
LA-003576,2026-02-12 14:04:00,Azuay,Sierra,Estándar urbano,Comercio minorista,6.4,96.3,0,,19.44,3.2
LA-002576,2026-02-12 14:35:00,Pichincha,Sierra,Express,PyME,5.4,122.2,0,,33.05,9.8
LA-000852,2026-02-12 14:46:00,Guayas,Costa,Express,PyME,9.4,115.4,0,,36.66,6.4
LA-005548,2026-02-12 15:19:00,Loja,Sierra,Estándar urbano,PyME,7.3,139.3,0,,17.86,1.2
LA-000865,2026-02-12 15:25:00,Guayas,Costa,Express,PyME,3.4,68.5,0,,42.31,10.8
LA-004365,2026-02-12 15:26:00,Manabí,Costa,Estándar urbano,PyME,11.5,156.6,0,,23.26,13.1
LA-000761,2026-02-12 15:31:00,Guayas,Costa,Estándar urbano,Comercio minorista,10.1,116.0,0,,16.51,12.2
LA-005108,2026-02-12 15:38:00,Tungurahua,Sierra,Express,Comercio minorista,7.8,63.9,0,,29.41,4.9
LA-005140,2026-02-12 15:38:00,Tungurahua,Sierra,Programado,Corporativo,3.0,150.3,0,,22.01,1.0
LA-004241,2026-02-12 16:11:00,Manabí,Costa,Estándar urbano,Comercio minorista,12.1,176.4,0,,13.5,23.2
LA-004956,2026-02-12 16:13:00,Tungurahua,Sierra,Estándar urbano,Comercio minorista,3.9,128.2,0,,20.14,12.4
LA-005130,2026-02-12 16:24:00,Tungurahua,Sierra,Programado,PyME,2.1,124.8,0,,18.89,1.0
LA-004381,2026-02-12 16:43:00,Manabí,Costa,Express,PyME,11.6,147.9,0,,23.2,12.4
LA-000636,2026-02-12 16:45:00,Guayas,Costa,Estándar urbano,PyME,4.1,112.1,0,,21.26,6.7
LA-004970,2026-02-12 16:52:00,Tungurahua,Sierra,Estándar urbano,Comercio minorista,9.7,102.4,0,,16.65,6.6
LA-005092,2026-02-12 17:35:00,Tungurahua,Sierra,Express,Comercio minorista,8.3,132.1,0,,62.89,14.5
LA-003580,2026-02-12 17:54:00,Azuay,Sierra,Estándar urbano,Comercio minorista,6.8,106.8,0,,17.87,2.2
LA-002358,2026-02-12 18:04:00,Pichincha,Sierra,Estándar urbano,PyME,6.4,94.9,0,,20.88,5.2
LA-002619,2026-02-13 07:04:00,Pichincha,Sierra,Programado,Comercio minorista,8.1,171.0,0,,16.47,9.2
LA-000622,2026-02-13 07:10:00,Guayas,Costa,Estándar urbano,PyME,9.2,144.2,0,,16.05,7.5
LA-005128,2026-02-13 07:10:00,Tungurahua,Sierra,Programado,Corporativo,8.2,146.5,0,,25.28,1.2
LA-002200,2026-02-13 07:12:00,Pichincha,Sierra,Estándar urbano,Comercio minorista,7.7,94.5,0,,15.89,5.4
LA-002254,2026-02-13 07:21:00,Pichincha,Sierra,Estándar urbano,Corporativo,5.5,130.8,0,,15.26,9.6
LA-003649,2026-02-13 07:55:00,Azuay,Sierra,Express,PyME,6.9,84.4,0,,21.9,9.7
LA-002353,2026-02-13 08:30:00,Pichincha,Sierra,Estándar urbano,Comercio minorista,8.5,166.7,0,,10.78,7.5
LA-004433,2026-02-13 08:33:00,Manabí,Costa,Programado,PyME,9.5,173.4,0,,22.77,16.8
LA-000764,2026-02-13 08:48:00,Guayas,Costa,Estándar urbano,Comercio minorista,8.3,70.6,0,,10.51,2.8
LA-005634,2026-02-13 09:18:00,Loja,Sierra,Programado,Corporativo,10.2,257.9,0,,33.6,14.4
LA-004396,2026-02-13 09:32:00,Manabí,Costa,Express,PyME,8.4,120.9,0,,50.88,36.1
LA-000836,2026-02-13 09:33:00,Guayas,Costa,Express,Comercio minorista,8.4,136.5,0,,20.99,2.2
LA-002286,2026-02-13 10:03:00,Pichincha,Sierra,Estándar urbano,Comercio minorista,11.3,137.3,0,,24.92,1.0
LA-000630,2026-02-13 10:15:00,Guayas,Costa,Estándar urbano,PyME,7.2,144.8,1,Paquete con incidencia,26.3,3.5
LA-001014,2026-02-13 10:18:00,Guayas,Costa,Programado,PyME,8.5,136.5,0,,32.53,1.0
LA-002400,2026-02-13 10:22:00,Pichincha,Sierra,Estándar urbano,Corporativo,6.1,145.5,0,,66.48,25.9
LA-002539,2026-02-13 10:35:00,Pichincha,Sierra,Express,PyME,8.9,90.6,0,,36.75,5.9
LA-000760,2026-02-13 10:40:00,Guayas,Costa,Estándar urbano,Comercio minorista,7.4,147.3,0,,15.53,3.0
LA-002551,2026-02-13 11:04:00,Pichincha,Sierra,Express,PyME,8.0,104.3,0,,26.3,9.8
LA-004450,2026-02-13 11:16:00,Manabí,Costa,Programado,PyME,11.6,159.8,0,,35.07,14.9
LA-001062,2026-02-13 11:19:00,Guayas,Costa,Programado,Comercio minorista,9.0,186.8,0,,37.06,11.1
LA-002629,2026-02-13 11:20:00,Pichincha,Sierra,Programado,PyME,6.1,149.9,0,,22.35,6.5
LA-001036,2026-02-13 11:31:00,Guayas,Costa,Programado,Comercio minorista,6.3,266.9,0,,26.75,37.6
LA-001072,2026-02-13 11:33:00,Guayas,Costa,Programado,PyME,4.9,221.0,0,,23.29,22.8
LA-000933,2026-02-13 11:39:00,Guayas,Costa,Express,Comercio minorista,11.5,69.2,0,,49.85,1.9
LA-005100,2026-02-13 11:56:00,Tungurahua,Sierra,Express,PyME,5.2,57.1,0,,11.92,5.3
LA-004289,2026-02-13 12:32:00,Manabí,Costa,Estándar urbano,Comercio minorista,9.2,154.6,0,,13.63,15.2
LA-002340,2026-02-13 12:44:00,Pichincha,Sierra,Estándar urbano,PyME,7.1,187.2,0,,18.94,10.3
LA-001053,2026-02-13 13:03:00,Guayas,Costa,Programado,Comercio minorista,10.1,143.2,0,,16.92,5.5
LA-003538,2026-02-13 13:24:00,Azuay,Sierra,Estándar urbano,PyME,9.9,107.1,0,,9.59,2.6
LA-000663,2026-02-13 13:27:00,Guayas,Costa,Estándar urbano,PyME,8.3,203.7,0,,25.99,26.2
LA-005589,2026-02-13 13:27:00,Loja,Sierra,Estándar urbano,PyME,11.6,161.7,0,,14.39,23.8
LA-003691,2026-02-13 13:40:00,Azuay,Sierra,Express,PyME,4.4,64.7,0,,22.98,1.0
LA-000552,2026-02-13 13:43:00,Guayas,Costa,Estándar urbano,Comercio minorista,7.8,136.2,0,,20.83,16.9
LA-002226,2026-02-13 13:48:00,Pichincha,Sierra,Estándar urbano,Comercio minorista,8.6,111.6,0,,20.23,5.6
LA-002316,2026-02-13 14:14:00,Pichincha,Sierra,Estándar urbano,Comercio minorista,7.5,169.9,0,,20.11,15.4
LA-004321,2026-02-13 14:40:00,Manabí,Costa,Estándar urbano,PyME,7.3,168.8,0,,19.72,6.6
LA-002386,2026-02-13 14:45:00,Pichincha,Sierra,Estándar urbano,Comercio minorista,8.0,126.8,0,,14.0,10.8
LA-000735,2026-02-13 14:49:00,Guayas,Costa,Estándar urbano,Comercio minorista,6.7,178.6,0,,18.01,15.9
LA-002394,2026-02-13 14:49:00,Pichincha,Sierra,Estándar urbano,Comercio minorista,5.4,156.5,0,,21.81,10.1
LA-005567,2026-02-13 14:50:00,Loja,Sierra,Estándar urbano,PyME,8.1,145.8,0,,25.19,21.0
LA-000610,2026-02-13 14:55:00,Guayas,Costa,Estándar urbano,Comercio minorista,5.5,131.6,0,,17.26,12.0
LA-002522,2026-02-13 15:27:00,Pichincha,Sierra,Express,Comercio minorista,7.0,121.4,0,,25.41,4.9
LA-005045,2026-02-13 15:29:00,Tungurahua,Sierra,Estándar urbano,PyME,4.0,104.1,0,,12.46,2.6
LA-005077,2026-02-13 15:35:00,Tungurahua,Sierra,Express,Corporativo,8.4,52.7,0,,42.29,9.1
LA-004988,2026-02-13 15:54:00,Tungurahua,Sierra,Estándar urbano,PyME,9.2,117.2,0,,17.31,2.3
LA-004445,2026-02-13 16:18:00,Manabí,Costa,Programado,Comercio minorista,6.9,171.2,0,,26.09,3.8
LA-003608,2026-02-13 16:45:00,Azuay,Sierra,Estándar urbano,PyME,7.1,100.6,0,,25.62,1.0
LA-000832,2026-02-13 16:49:00,Guayas,Costa,Express,PyME,9.3,131.2,0,,63.38,14.2
LA-002618,2026-02-13 17:34:00,Pichincha,Sierra,Programado,PyME,6.4,181.0,0,,30.52,15.4
LA-002378,2026-02-13 17:41:00,Pichincha,Sierra,Estándar urbano,Comercio minorista,7.3,151.5,0,,19.23,10.8
LA-000788,2026-02-13 18:09:00,Guayas,Costa,Estándar urbano,Comercio minorista,10.0,209.2,0,,13.96,10.0
LA-005084,2026-02-13 18:25:00,Tungurahua,Sierra,Express,Comercio minorista,9.7,28.0,0,,19.56,3.8
LA-004280,2026-02-13 19:22:00,Manabí,Costa,Estándar urbano,Corporativo,9.3,183.8,0,,13.54,3.2
LA-003679,2026-02-13 19:37:00,Azuay,Sierra,Express,PyME,7.2,37.8,0,,22.83,6.0
LA-000628,2026-02-13 19:37:00,Guayas,Costa,Estándar urbano,PyME,7.8,179.6,0,,26.01,11.1
LA-005572,2026-02-13 19:53:00,Loja,Sierra,Estándar urbano,PyME,9.1,187.0,0,,23.4,21.4
LA-000734,2026-02-14 07:00:00,Guayas,Costa,Estándar urbano,Comercio minorista,8.4,230.8,0,,37.36,1.0
LA-004375,2026-02-14 07:39:00,Manabí,Costa,Estándar urbano,PyME,10.1,164.5,0,,23.75,3.6
LA-002596,2026-02-14 07:52:00,Pichincha,Sierra,Programado,PyME,7.9,182.4,0,,40.41,10.5
LA-004948,2026-02-14 08:00:00,Tungurahua,Sierra,Estándar urbano,Comercio minorista,6.1,139.3,0,,16.44,9.2
LA-000969,2026-02-14 08:06:00,Guayas,Costa,Express,PyME,8.4,145.8,0,,33.34,4.0
LA-000749,2026-02-14 08:59:00,Guayas,Costa,Estándar urbano,Comercio minorista,6.0,108.5,0,,18.82,10.7
LA-005056,2026-02-14 09:04:00,Tungurahua,Sierra,Estándar urbano,Comercio minorista,8.1,85.7,0,,13.81,9.2
LA-005039,2026-02-14 09:32:00,Tungurahua,Sierra,Estándar urbano,Corporativo,6.0,119.2,0,,29.64,8.5
LA-005054,2026-02-14 09:44:00,Tungurahua,Sierra,Estándar urbano,PyME,9.7,104.3,0,,14.84,3.5
LA-004347,2026-02-14 09:53:00,Manabí,Costa,Estándar urbano,PyME,9.2,163.1,0,,20.91,18.2
LA-005570,2026-02-14 10:14:00,Loja,Sierra,Estándar urbano,Comercio minorista,4.7,148.4,0,,15.18,15.8
LA-000782,2026-02-14 10:20:00,Guayas,Costa,Estándar urbano,PyME,9.2,112.9,0,,19.47,5.9
LA-005008,2026-02-14 10:27:00,Tungurahua,Sierra,Estándar urbano,PyME,3.5,101.0,0,,26.56,4.0
LA-004303,2026-02-14 10:36:00,Manabí,Costa,Estándar urbano,Comercio minorista,8.3,139.3,0,,23.13,5.2
LA-002592,2026-02-14 10:40:00,Pichincha,Sierra,Express,PyME,10.8,101.0,0,,27.74,13.7
LA-000581,2026-02-14 10:42:00,Guayas,Costa,Estándar urbano,PyME,8.2,102.9,0,,31.9,7.6
LA-004269,2026-02-14 10:44:00,Manabí,Costa,Estándar urbano,Corporativo,7.1,347.1,1,Demora en entrega,32.69,19.4
LA-000659,2026-02-14 10:54:00,Guayas,Costa,Estándar urbano,Comercio minorista,8.4,144.3,0,,18.44,5.0
LA-002274,2026-02-14 11:06:00,Pichincha,Sierra,Estándar urbano,Comercio minorista,8.2,161.6,0,,17.69,11.3
LA-004423,2026-02-14 11:09:00,Manabí,Costa,Express,Comercio minorista,6.7,71.4,0,,27.85,18.2
LA-002554,2026-02-14 11:09:00,Pichincha,Sierra,Express,Comercio minorista,4.2,81.2,0,,23.02,11.5
LA-000726,2026-02-14 11:25:00,Guayas,Costa,Estándar urbano,Corporativo,8.3,102.4,0,,35.75,10.5
LA-005563,2026-02-14 11:25:00,Loja,Sierra,Estándar urbano,Comercio minorista,8.9,167.9,0,,16.53,12.6
LA-001046,2026-02-14 11:28:00,Guayas,Costa,Programado,Comercio minorista,9.2,148.2,0,,27.86,6.6
LA-000629,2026-02-14 11:31:00,Guayas,Costa,Estándar urbano,PyME,6.6,95.2,0,,9.76,6.4
LA-002600,2026-02-14 11:38:00,Pichincha,Sierra,Programado,PyME,5.8,155.0,0,,26.05,4.4
LA-001002,2026-02-14 11:48:00,Guayas,Costa,Express,PyME,4.7,161.9,0,,39.02,13.3
LA-004337,2026-02-14 11:53:00,Manabí,Costa,Estándar urbano,PyME,7.6,178.1,0,,24.81,23.5
LA-005609,2026-02-14 12:13:00,Loja,Sierra,Express,Corporativo,10.6,143.2,0,,22.63,12.3
LA-000940,2026-02-14 12:14:00,Guayas,Costa,Express,Comercio minorista,8.8,88.5,0,,30.49,18.9
LA-004329,2026-02-14 12:17:00,Manabí,Costa,Estándar urbano,Comercio minorista,9.6,184.4,0,,9.51,17.3
LA-004254,2026-02-14 12:38:00,Manabí,Costa,Estándar urbano,PyME,7.8,116.0,0,,16.66,7.7
LA-003586,2026-02-14 13:02:00,Azuay,Sierra,Estándar urbano,PyME,7.0,110.2,0,,13.01,4.9
LA-004934,2026-02-14 13:14:00,Tungurahua,Sierra,Estándar urbano,PyME,8.5,95.3,0,,22.07,1.0
LA-000784,2026-02-14 13:27:00,Guayas,Costa,Estándar urbano,PyME,6.9,145.7,0,,24.53,23.1
LA-002279,2026-02-14 13:40:00,Pichincha,Sierra,Estándar urbano,PyME,7.9,101.5,0,,32.19,4.5
LA-004265,2026-02-14 13:58:00,Manabí,Costa,Estándar urbano,PyME,7.4,110.0,0,,24.86,9.7
LA-005631,2026-02-14 14:02:00,Loja,Sierra,Express,Comercio minorista,9.1,84.9,0,,23.13,9.6
LA-000986,2026-02-14 14:03:00,Guayas,Costa,Express,Comercio minorista,9.9,67.9,0,,36.13,5.7
LA-001010,2026-02-14 14:03:00,Guayas,Costa,Express,Comercio minorista,14.2,49.8,0,,48.28,8.3
LA-002512,2026-02-14 14:04:00,Pichincha,Sierra,Express,PyME,8.0,46.9,1,Incumplimiento de horario,39.87,5.5
LA-003629,2026-02-14 14:10:00,Azuay,Sierra,Estándar urbano,PyME,4.5,107.7,0,,21.21,11.6
LA-002293,2026-02-14 14:11:00,Pichincha,Sierra,Estándar urbano,Comercio minorista,8.0,140.0,0,,13.61,10.4
LA-003667,2026-02-14 14:14:00,Azuay,Sierra,Express,Comercio minorista,11.7,55.9,0,,24.79,4.1
LA-002185,2026-02-14 14:18:00,Pichincha,Sierra,Estándar urbano,Comercio minorista,5.7,122.8,0,,10.59,15.3
LA-001054,2026-02-14 14:21:00,Guayas,Costa,Programado,PyME,7.9,171.7,0,,52.99,19.3
LA-005584,2026-02-14 14:22:00,Loja,Sierra,Estándar urbano,Comercio minorista,7.0,156.1,0,,19.37,6.5
LA-003519,2026-02-14 14:28:00,Azuay,Sierra,Estándar urbano,Comercio minorista,6.3,113.9,0,,16.78,1.4
LA-004334,2026-02-14 14:44:00,Manabí,Costa,Estándar urbano,Corporativo,10.5,180.0,0,,10.49,4.7
LA-004255,2026-02-14 14:47:00,Manabí,Costa,Estándar urbano,Comercio minorista,8.4,296.2,0,,23.02,28.3
LA-005041,2026-02-14 14:53:00,Tungurahua,Sierra,Estándar urbano,PyME,3.6,147.3,0,,30.25,1.1
LA-000792,2026-02-14 14:59:00,Guayas,Costa,Estándar urbano,Comercio minorista,10.2,138.4,0,,21.72,2.8
LA-002359,2026-02-14 15:00:00,Pichincha,Sierra,Estándar urbano,Comercio minorista,11.6,199.4,0,,17.68,23.7
LA-003573,2026-02-14 15:13:00,Azuay,Sierra,Estándar urbano,PyME,5.7,115.4,0,,15.57,4.2
LA-002524,2026-02-14 15:35:00,Pichincha,Sierra,Express,PyME,5.5,31.3,1,Demora en entrega,39.58,7.3
LA-002575,2026-02-14 15:35:00,Pichincha,Sierra,Express,PyME,5.8,118.1,0,,36.12,15.0
LA-003471,2026-02-14 15:45:00,Azuay,Sierra,Estándar urbano,Corporativo,6.0,94.1,0,,13.33,5.9
LA-002396,2026-02-14 15:48:00,Pichincha,Sierra,Estándar urbano,Comercio minorista,8.0,162.6,0,,24.82,6.3
LA-000976,2026-02-14 16:10:00,Guayas,Costa,Express,Comercio minorista,7.1,73.0,0,,35.22,7.0
LA-002453,2026-02-14 16:28:00,Pichincha,Sierra,Express,Comercio minorista,6.9,74.6,0,,15.72,2.4
LA-004316,2026-02-14 18:32:00,Manabí,Costa,Estándar urbano,Corporativo,5.6,120.2,0,,27.92,5.8
LA-002338,2026-02-14 19:15:00,Pichincha,Sierra,Estándar urbano,PyME,7.6,184.3,0,,26.72,21.9
LA-003518,2026-02-15 07:04:00,Azuay,Sierra,Estándar urbano,Comercio minorista,7.2,103.1,1,Demora en entrega,12.74,5.2
LA-002440,2026-02-15 07:04:00,Pichincha,Sierra,Express,PyME,5.7,71.4,0,,36.79,6.8
LA-002428,2026-02-15 07:07:00,Pichincha,Sierra,Express,PyME,9.4,102.8,0,,30.42,3.6
LA-000820,2026-02-15 07:11:00,Guayas,Costa,Express,PyME,11.5,65.1,0,,44.97,1.0
LA-002513,2026-02-15 07:23:00,Pichincha,Sierra,Express,PyME,7.4,56.8,0,,30.83,16.9
LA-005123,2026-02-15 07:24:00,Tungurahua,Sierra,Programado,Comercio minorista,6.6,146.9,0,,22.98,5.8
LA-005135,2026-02-15 07:36:00,Tungurahua,Sierra,Programado,Comercio minorista,3.4,122.4,0,,12.1,3.0
LA-003620,2026-02-15 07:45:00,Azuay,Sierra,Estándar urbano,Comercio minorista,6.2,101.4,0,,42.57,11.1
LA-004418,2026-02-15 07:48:00,Manabí,Costa,Express,Comercio minorista,8.3,103.7,0,,23.02,18.1
LA-000930,2026-02-15 07:58:00,Guayas,Costa,Express,PyME,9.9,100.7,0,,36.0,14.3
LA-000762,2026-02-15 08:20:00,Guayas,Costa,Estándar urbano,PyME,8.1,105.9,0,,21.01,8.4
LA-005565,2026-02-15 08:21:00,Loja,Sierra,Estándar urbano,PyME,6.6,226.7,0,,16.78,38.2
LA-005047,2026-02-15 08:33:00,Tungurahua,Sierra,Estándar urbano,PyME,6.8,118.9,0,,15.34,5.0
LA-000731,2026-02-15 09:04:00,Guayas,Costa,Estándar urbano,PyME,8.4,133.9,0,,14.23,1.0
LA-002372,2026-02-15 09:04:00,Pichincha,Sierra,Estándar urbano,Comercio minorista,7.4,130.8,0,,19.89,9.8
LA-002523,2026-02-15 09:16:00,Pichincha,Sierra,Express,PyME,7.2,93.4,0,,23.04,16.4
LA-002227,2026-02-15 09:19:00,Pichincha,Sierra,Estándar urbano,Corporativo,4.5,157.1,0,,24.34,20.0
LA-005033,2026-02-15 09:39:00,Tungurahua,Sierra,Estándar urbano,PyME,7.6,108.2,0,,23.41,3.4
LA-000862,2026-02-15 09:54:00,Guayas,Costa,Express,Comercio minorista,10.7,115.1,0,,33.64,10.2
LA-002615,2026-02-15 10:00:00,Pichincha,Sierra,Programado,Comercio minorista,5.3,132.3,0,,24.25,1.0
LA-001075,2026-02-15 10:23:00,Guayas,Costa,Programado,Comercio minorista,9.5,115.7,0,,18.58,6.9
LA-002294,2026-02-15 10:24:00,Pichincha,Sierra,Estándar urbano,PyME,7.1,178.2,0,,14.78,19.8
LA-000694,2026-02-15 10:28:00,Guayas,Costa,Estándar urbano,PyME,8.6,163.5,0,,22.68,23.8
LA-005104,2026-02-15 10:28:00,Tungurahua,Sierra,Express,PyME,4.5,28.0,0,,34.11,1.5
LA-003542,2026-02-15 10:42:00,Azuay,Sierra,Estándar urbano,Comercio minorista,7.3,131.8,0,,10.33,3.7
LA-002361,2026-02-15 10:45:00,Pichincha,Sierra,Estándar urbano,Corporativo,7.8,104.0,0,,25.32,5.3
LA-004283,2026-02-15 10:48:00,Manabí,Costa,Estándar urbano,Comercio minorista,7.7,169.5,0,,26.65,2.4
LA-005131,2026-02-15 11:11:00,Tungurahua,Sierra,Programado,Corporativo,5.8,89.3,0,,35.04,2.4
LA-003617,2026-02-15 11:16:00,Azuay,Sierra,Estándar urbano,PyME,4.6,129.3,0,,20.61,3.8
LA-002267,2026-02-15 11:19:00,Pichincha,Sierra,Estándar urbano,Comercio minorista,8.8,153.3,0,,12.77,7.3
LA-003476,2026-02-15 11:25:00,Azuay,Sierra,Estándar urbano,Comercio minorista,8.2,124.4,0,,14.25,4.7
LA-000859,2026-02-15 11:25:00,Guayas,Costa,Express,Corporativo,9.3,147.5,1,Demora en entrega,71.04,21.8
LA-000926,2026-02-15 11:37:00,Guayas,Costa,Express,Corporativo,6.8,84.4,0,,46.31,5.4
LA-004403,2026-02-15 11:39:00,Manabí,Costa,Express,Comercio minorista,9.3,91.6,0,,44.1,5.1
LA-002510,2026-02-15 12:05:00,Pichincha,Sierra,Express,Comercio minorista,11.2,87.5,0,,23.01,6.2
LA-000978,2026-02-15 12:09:00,Guayas,Costa,Express,PyME,10.2,139.1,0,,23.17,17.3
LA-003577,2026-02-15 12:12:00,Azuay,Sierra,Estándar urbano,PyME,9.9,158.6,0,,19.37,22.8
LA-005546,2026-02-15 12:21:00,Loja,Sierra,Estándar urbano,PyME,8.3,198.2,0,,15.96,3.3
LA-003510,2026-02-15 12:22:00,Azuay,Sierra,Estándar urbano,PyME,7.7,122.9,0,,21.98,2.9
LA-002265,2026-02-15 12:34:00,Pichincha,Sierra,Estándar urbano,Comercio minorista,8.5,163.3,0,,19.75,20.5
LA-000640,2026-02-15 12:51:00,Guayas,Costa,Estándar urbano,Corporativo,3.2,71.9,0,,35.87,2.9
LA-000848,2026-02-15 12:58:00,Guayas,Costa,Express,Comercio minorista,8.9,49.4,0,,35.49,12.2
LA-000740,2026-02-15 13:02:00,Guayas,Costa,Estándar urbano,Corporativo,7.6,193.4,0,,42.04,30.2
LA-000798,2026-02-15 13:04:00,Guayas,Costa,Estándar urbano,Comercio minorista,10.7,229.3,1,Incumplimiento de horario,11.04,5.3
LA-003682,2026-02-15 13:08:00,Azuay,Sierra,Express,Comercio minorista,9.6,107.5,0,,26.11,9.4
LA-004332,2026-02-15 13:10:00,Manabí,Costa,Estándar urbano,PyME,9.8,202.7,0,,16.77,22.8
LA-002443,2026-02-15 13:10:00,Pichincha,Sierra,Express,Corporativo,5.0,76.8,0,,40.77,5.3
LA-005590,2026-02-15 13:20:00,Loja,Sierra,Estándar urbano,Corporativo,6.8,243.3,0,,15.53,27.9
LA-001090,2026-02-15 13:39:00,Guayas,Costa,Programado,Comercio minorista,9.2,155.5,0,,22.85,13.4
LA-005038,2026-02-15 13:59:00,Tungurahua,Sierra,Estándar urbano,Comercio minorista,8.0,78.8,0,,10.65,2.4
LA-000972,2026-02-15 14:19:00,Guayas,Costa,Express,PyME,10.5,49.8,0,,30.2,10.6
LA-000546,2026-02-15 14:31:00,Guayas,Costa,Estándar urbano,Corporativo,6.0,132.2,0,,14.16,18.8
LA-000561,2026-02-15 14:40:00,Guayas,Costa,Estándar urbano,Comercio minorista,7.1,138.6,0,,10.38,11.3
LA-000943,2026-02-15 15:06:00,Guayas,Costa,Express,Comercio minorista,8.7,38.2,1,Paquete con incidencia,20.1,1.0
LA-005612,2026-02-15 15:12:00,Loja,Sierra,Express,Comercio minorista,9.7,123.3,0,,11.16,7.9
LA-004432,2026-02-15 15:30:00,Manabí,Costa,Express,PyME,8.5,94.1,0,,57.47,8.3
LA-004939,2026-02-15 15:46:00,Tungurahua,Sierra,Estándar urbano,Comercio minorista,6.3,107.6,0,,14.01,10.1
LA-004399,2026-02-15 15:52:00,Manabí,Costa,Express,Comercio minorista,8.9,92.1,0,,38.73,7.0
LA-000892,2026-02-15 16:16:00,Guayas,Costa,Express,Corporativo,7.1,98.6,0,,36.82,2.0
LA-002242,2026-02-15 16:31:00,Pichincha,Sierra,Estándar urbano,PyME,6.1,145.7,0,,20.36,13.1
LA-003681,2026-02-15 16:44:00,Azuay,Sierra,Express,Comercio minorista,4.9,74.0,0,,21.26,3.5
LA-005121,2026-02-15 16:44:00,Tungurahua,Sierra,Programado,PyME,6.4,140.5,0,,12.16,9.4
LA-000729,2026-02-15 17:57:00,Guayas,Costa,Estándar urbano,PyME,7.4,217.6,0,,26.26,4.9
LA-001041,2026-02-15 17:58:00,Guayas,Costa,Programado,Corporativo,6.4,224.4,0,,21.46,4.4
LA-002479,2026-02-15 18:16:00,Pichincha,Sierra,Express,Corporativo,6.1,54.1,0,,39.16,2.6
LA-005061,2026-02-15 18:34:00,Tungurahua,Sierra,Estándar urbano,Comercio minorista,6.4,89.0,0,,15.35,5.8
LA-004932,2026-02-15 19:29:00,Tungurahua,Sierra,Estándar urbano,Comercio minorista,7.2,108.5,0,,14.93,3.4
LA-005645,2026-02-16 07:19:00,Loja,Sierra,Programado,PyME,8.1,168.5,0,,20.99,11.0
LA-005124,2026-02-16 07:24:00,Tungurahua,Sierra,Programado,PyME,7.0,169.0,0,,23.94,17.7
LA-002311,2026-02-16 07:28:00,Pichincha,Sierra,Estándar urbano,Corporativo,7.8,129.1,0,,37.03,13.8
LA-002204,2026-02-16 07:30:00,Pichincha,Sierra,Estándar urbano,Comercio minorista,9.8,110.3,0,,12.37,3.2
LA-004408,2026-02-16 07:37:00,Manabí,Costa,Express,PyME,8.4,42.2,0,,20.03,12.6
LA-003555,2026-02-16 07:51:00,Azuay,Sierra,Estándar urbano,Comercio minorista,9.3,122.6,0,,16.18,2.6
LA-004281,2026-02-16 07:54:00,Manabí,Costa,Estándar urbano,Comercio minorista,9.1,121.8,0,,21.07,3.8
LA-002552,2026-02-16 08:07:00,Pichincha,Sierra,Express,PyME,6.0,98.9,0,,24.36,12.2
LA-005562,2026-02-16 08:09:00,Loja,Sierra,Estándar urbano,PyME,8.6,183.1,0,,41.79,20.8
LA-003628,2026-02-16 08:16:00,Azuay,Sierra,Estándar urbano,Comercio minorista,7.7,140.6,0,,23.91,6.5
LA-000878,2026-02-16 08:16:00,Guayas,Costa,Express,Comercio minorista,8.5,123.5,0,,22.35,9.7
LA-000695,2026-02-16 08:32:00,Guayas,Costa,Estándar urbano,Corporativo,5.9,225.4,0,,43.24,36.2
LA-004367,2026-02-16 08:39:00,Manabí,Costa,Estándar urbano,Corporativo,7.7,169.7,1,Falta de actualización,38.35,9.3
LA-004941,2026-02-16 08:40:00,Tungurahua,Sierra,Estándar urbano,Comercio minorista,8.2,133.6,0,,30.77,13.6
LA-000566,2026-02-16 09:11:00,Guayas,Costa,Estándar urbano,Comercio minorista,5.5,121.2,0,,14.41,1.0
LA-004305,2026-02-16 09:23:00,Manabí,Costa,Estándar urbano,PyME,10.4,146.7,0,,19.24,6.0
LA-003653,2026-02-16 09:24:00,Azuay,Sierra,Express,Corporativo,6.9,84.8,0,,37.06,9.7
LA-000675,2026-02-16 09:41:00,Guayas,Costa,Estándar urbano,Comercio minorista,8.3,122.9,0,,17.87,1.0
LA-000569,2026-02-16 10:12:00,Guayas,Costa,Estándar urbano,PyME,3.4,126.5,0,,22.3,6.7
LA-004436,2026-02-16 10:12:00,Manabí,Costa,Programado,PyME,5.2,225.2,0,,17.27,26.1
LA-004267,2026-02-16 10:16:00,Manabí,Costa,Estándar urbano,PyME,5.4,137.8,0,,20.25,4.5
LA-005531,2026-02-16 10:24:00,Loja,Sierra,Estándar urbano,Comercio minorista,8.5,202.4,0,,19.08,18.6
LA-002402,2026-02-16 10:25:00,Pichincha,Sierra,Estándar urbano,PyME,7.5,145.0,0,,13.37,8.5
LA-001012,2026-02-16 10:32:00,Guayas,Costa,Programado,Comercio minorista,7.1,154.1,0,,25.25,4.6
LA-000702,2026-02-16 10:38:00,Guayas,Costa,Estándar urbano,Corporativo,5.1,152.8,0,,34.78,8.3
LA-005004,2026-02-16 10:43:00,Tungurahua,Sierra,Estándar urbano,Comercio minorista,5.1,95.0,0,,10.06,2.9
LA-000801,2026-02-16 10:52:00,Guayas,Costa,Estándar urbano,PyME,11.7,164.5,0,,19.66,9.4
LA-005142,2026-02-16 11:07:00,Tungurahua,Sierra,Programado,Comercio minorista,9.6,134.5,0,,19.59,5.8
LA-001035,2026-02-16 11:10:00,Guayas,Costa,Programado,Comercio minorista,9.6,135.2,1,Demora en entrega,16.51,1.8
LA-000804,2026-02-16 11:15:00,Guayas,Costa,Estándar urbano,Comercio minorista,5.3,201.8,0,,15.09,16.5
LA-003709,2026-02-16 11:17:00,Azuay,Sierra,Programado,PyME,5.2,140.2,0,,25.15,2.7
LA-005141,2026-02-16 11:35:00,Tungurahua,Sierra,Programado,PyME,10.6,118.6,0,,21.35,1.0
LA-000711,2026-02-16 11:37:00,Guayas,Costa,Estándar urbano,Comercio minorista,6.9,162.0,0,,17.9,13.5
LA-005035,2026-02-16 11:47:00,Tungurahua,Sierra,Estándar urbano,Comercio minorista,9.8,104.7,1,Falta de actualización,12.99,10.1
LA-002564,2026-02-16 11:49:00,Pichincha,Sierra,Express,Comercio minorista,9.6,76.3,0,,44.73,11.2
LA-000994,2026-02-16 11:53:00,Guayas,Costa,Express,Comercio minorista,9.3,142.0,0,,24.49,5.2
LA-005646,2026-02-16 12:03:00,Loja,Sierra,Programado,Corporativo,7.4,244.0,0,,26.32,25.5
LA-002389,2026-02-16 12:04:00,Pichincha,Sierra,Estándar urbano,Comercio minorista,7.6,168.3,0,,10.65,12.0
LA-001004,2026-02-16 12:06:00,Guayas,Costa,Express,Corporativo,9.1,108.4,0,,30.5,7.3
LA-003714,2026-02-16 12:09:00,Azuay,Sierra,Programado,Comercio minorista,5.6,119.9,0,,23.44,7.7
LA-003657,2026-02-16 12:13:00,Azuay,Sierra,Express,Comercio minorista,9.0,64.3,0,,18.82,3.3
LA-003503,2026-02-16 12:18:00,Azuay,Sierra,Estándar urbano,Comercio minorista,5.5,125.3,0,,19.21,4.6
LA-000835,2026-02-16 12:21:00,Guayas,Costa,Express,PyME,6.8,84.5,1,Falta de actualización,16.06,10.9
LA-000728,2026-02-16 12:47:00,Guayas,Costa,Estándar urbano,Comercio minorista,8.4,119.6,0,,31.23,7.3
LA-000744,2026-02-16 12:55:00,Guayas,Costa,Estándar urbano,PyME,7.4,124.1,0,,12.56,8.1
LA-002313,2026-02-16 12:58:00,Pichincha,Sierra,Estándar urbano,Corporativo,7.0,151.0,0,,64.86,9.7
LA-002449,2026-02-16 13:02:00,Pichincha,Sierra,Express,PyME,6.8,72.0,0,,50.34,10.8
LA-005579,2026-02-16 13:05:00,Loja,Sierra,Estándar urbano,PyME,9.1,171.5,0,,22.09,9.8
LA-000822,2026-02-16 13:10:00,Guayas,Costa,Express,Comercio minorista,7.2,85.6,1,Paquete con incidencia,41.49,6.1
LA-001007,2026-02-16 13:14:00,Guayas,Costa,Express,Comercio minorista,10.7,203.4,0,,19.57,5.0
LA-000615,2026-02-16 13:15:00,Guayas,Costa,Estándar urbano,PyME,6.7,110.1,0,,22.62,6.3
LA-005015,2026-02-16 13:32:00,Tungurahua,Sierra,Estándar urbano,Comercio minorista,3.4,146.0,0,,9.3,9.7
LA-002509,2026-02-16 13:44:00,Pichincha,Sierra,Express,PyME,8.8,100.6,0,,32.41,30.5
LA-002529,2026-02-16 13:54:00,Pichincha,Sierra,Express,Comercio minorista,13.9,29.4,0,,30.88,8.9
LA-000620,2026-02-16 14:28:00,Guayas,Costa,Estándar urbano,Corporativo,7.4,112.7,0,,26.12,3.3
LA-000805,2026-02-16 14:39:00,Guayas,Costa,Estándar urbano,Corporativo,7.0,176.4,0,,32.1,12.1
LA-002299,2026-02-16 14:55:00,Pichincha,Sierra,Estándar urbano,PyME,7.3,118.7,0,,17.62,7.8
LA-004339,2026-02-16 15:07:00,Manabí,Costa,Estándar urbano,Comercio minorista,10.4,195.5,0,,17.59,9.7
LA-005026,2026-02-16 15:22:00,Tungurahua,Sierra,Estándar urbano,Comercio minorista,6.6,111.7,0,,12.54,10.5
LA-005029,2026-02-16 15:30:00,Tungurahua,Sierra,Estándar urbano,Comercio minorista,10.6,172.0,0,,16.6,16.1
LA-004438,2026-02-16 15:48:00,Manabí,Costa,Programado,PyME,7.9,164.2,0,,14.32,8.8
LA-003727,2026-02-16 15:58:00,Azuay,Sierra,Programado,Corporativo,5.3,117.5,0,,45.69,1.0
LA-004275,2026-02-16 16:06:00,Manabí,Costa,Estándar urbano,PyME,10.1,77.1,0,,18.4,12.9
LA-000864,2026-02-16 16:35:00,Guayas,Costa,Express,PyME,7.5,71.9,0,,35.18,9.5
LA-002508,2026-02-16 16:38:00,Pichincha,Sierra,Express,Comercio minorista,10.1,100.7,0,,14.13,4.4
LA-004297,2026-02-16 17:53:00,Manabí,Costa,Estándar urbano,Comercio minorista,11.8,120.7,0,,15.83,9.6
LA-002181,2026-02-16 18:00:00,Pichincha,Sierra,Estándar urbano,PyME,6.1,161.2,0,,16.14,7.3
LA-003554,2026-02-16 19:13:00,Azuay,Sierra,Estándar urbano,PyME,6.7,137.2,0,,11.66,16.1
LA-000944,2026-02-16 19:32:00,Guayas,Costa,Express,Corporativo,5.8,101.6,0,,35.72,14.7
LA-000778,2026-02-17 07:11:00,Guayas,Costa,Estándar urbano,Comercio minorista,8.1,149.2,0,,24.77,25.8
LA-000917,2026-02-17 07:11:00,Guayas,Costa,Express,Comercio minorista,8.9,42.4,0,,22.93,13.6
LA-002468,2026-02-17 07:15:00,Pichincha,Sierra,Express,PyME,9.4,96.6,0,,38.02,11.4
LA-005618,2026-02-17 07:20:00,Loja,Sierra,Express,Comercio minorista,10.2,83.2,0,,20.59,4.0
LA-004380,2026-02-17 07:27:00,Manabí,Costa,Express,Comercio minorista,11.1,35.1,0,,63.2,18.5
LA-002269,2026-02-17 07:34:00,Pichincha,Sierra,Estándar urbano,PyME,6.3,129.2,0,,22.76,4.0
LA-004415,2026-02-17 07:49:00,Manabí,Costa,Express,PyME,9.7,146.0,0,,28.9,19.3
LA-005649,2026-02-17 07:51:00,Loja,Sierra,Programado,Comercio minorista,8.4,191.5,0,,35.05,17.7
LA-003537,2026-02-17 07:54:00,Azuay,Sierra,Estándar urbano,PyME,6.8,117.0,0,,25.0,8.1
LA-003568,2026-02-17 07:56:00,Azuay,Sierra,Estándar urbano,Comercio minorista,7.1,118.1,0,,14.79,3.7
LA-004253,2026-02-17 08:02:00,Manabí,Costa,Estándar urbano,Comercio minorista,12.1,111.9,0,,21.11,9.7
LA-004299,2026-02-17 08:18:00,Manabí,Costa,Estándar urbano,Comercio minorista,10.1,143.7,0,,23.89,16.0
LA-002252,2026-02-17 08:22:00,Pichincha,Sierra,Estándar urbano,Comercio minorista,9.5,127.6,0,,35.33,8.0
LA-000941,2026-02-17 08:24:00,Guayas,Costa,Express,Corporativo,12.2,128.8,0,,71.06,16.3
LA-002306,2026-02-17 08:55:00,Pichincha,Sierra,Estándar urbano,PyME,7.0,138.3,0,,14.84,9.1
LA-004288,2026-02-17 09:56:00,Manabí,Costa,Estándar urbano,PyME,5.6,281.4,0,,20.39,4.3
LA-004263,2026-02-17 09:59:00,Manabí,Costa,Estándar urbano,Corporativo,10.1,180.6,0,,37.97,23.0
LA-002574,2026-02-17 10:00:00,Pichincha,Sierra,Express,Comercio minorista,10.5,66.2,0,,28.35,4.9
LA-000881,2026-02-17 10:08:00,Guayas,Costa,Express,PyME,10.6,52.1,0,,24.59,6.1
LA-000829,2026-02-17 10:18:00,Guayas,Costa,Express,PyME,11.4,62.1,0,,33.77,1.1
LA-002476,2026-02-17 10:23:00,Pichincha,Sierra,Express,Corporativo,7.8,110.0,0,,57.35,24.9
LA-005652,2026-02-17 10:26:00,Loja,Sierra,Programado,Comercio minorista,7.8,160.6,0,,13.16,8.9
LA-003536,2026-02-17 10:29:00,Azuay,Sierra,Estándar urbano,Comercio minorista,4.3,161.9,0,,24.33,24.1
LA-002493,2026-02-17 10:37:00,Pichincha,Sierra,Express,Comercio minorista,6.2,86.9,0,,34.89,2.3
LA-002398,2026-02-17 10:44:00,Pichincha,Sierra,Estándar urbano,PyME,6.5,161.7,0,,27.14,21.5
LA-000905,2026-02-17 10:46:00,Guayas,Costa,Express,Comercio minorista,10.8,67.4,0,,26.76,11.8
LA-005049,2026-02-17 10:47:00,Tungurahua,Sierra,Estándar urbano,Comercio minorista,5.7,86.6,0,,9.74,3.5
LA-000691,2026-02-17 10:50:00,Guayas,Costa,Estándar urbano,Comercio minorista,9.6,142.5,0,,16.81,4.9
LA-004284,2026-02-17 10:57:00,Manabí,Costa,Estándar urbano,PyME,8.8,179.2,0,,42.94,17.0
LA-003585,2026-02-17 11:00:00,Azuay,Sierra,Estándar urbano,PyME,8.7,134.3,0,,25.51,13.2
LA-003500,2026-02-17 11:08:00,Azuay,Sierra,Estándar urbano,PyME,8.4,125.4,0,,16.49,8.0
LA-000643,2026-02-17 11:19:00,Guayas,Costa,Estándar urbano,PyME,5.6,169.8,0,,21.37,18.5
LA-000934,2026-02-17 11:29:00,Guayas,Costa,Express,Comercio minorista,9.1,107.7,0,,22.89,3.5
LA-004395,2026-02-17 11:29:00,Manabí,Costa,Express,PyME,9.2,127.8,0,,16.49,11.9
LA-001080,2026-02-17 11:30:00,Guayas,Costa,Programado,Comercio minorista,8.3,194.1,0,,17.26,14.7
LA-005639,2026-02-17 11:57:00,Loja,Sierra,Programado,Comercio minorista,8.3,212.0,0,,19.64,10.9
LA-005115,2026-02-17 11:58:00,Tungurahua,Sierra,Programado,Comercio minorista,7.3,154.4,0,,17.44,20.9
LA-002624,2026-02-17 12:16:00,Pichincha,Sierra,Programado,Corporativo,8.0,175.5,0,,24.25,4.5
LA-003660,2026-02-17 12:25:00,Azuay,Sierra,Express,Comercio minorista,6.0,78.9,0,,15.35,16.5
LA-002636,2026-02-17 12:28:00,Pichincha,Sierra,Programado,Corporativo,2.0,154.2,0,,17.88,8.4
LA-000706,2026-02-17 12:31:00,Guayas,Costa,Estándar urbano,PyME,13.3,115.5,0,,15.3,2.0
LA-002331,2026-02-17 12:35:00,Pichincha,Sierra,Estándar urbano,PyME,8.3,102.9,0,,24.89,3.1
LA-005654,2026-02-17 12:38:00,Loja,Sierra,Programado,PyME,5.4,253.4,0,,15.86,4.1
LA-002484,2026-02-17 12:38:00,Pichincha,Sierra,Express,Comercio minorista,7.0,103.8,0,,27.11,14.7
LA-002261,2026-02-17 12:48:00,Pichincha,Sierra,Estándar urbano,PyME,5.7,98.4,0,,15.01,7.4
LA-002381,2026-02-17 12:54:00,Pichincha,Sierra,Estándar urbano,PyME,8.0,163.8,0,,30.21,10.6
LA-003661,2026-02-17 12:55:00,Azuay,Sierra,Express,Comercio minorista,4.3,82.3,0,,22.44,10.9
LA-002309,2026-02-17 12:55:00,Pichincha,Sierra,Estándar urbano,PyME,7.2,161.2,0,,16.04,6.0
LA-005627,2026-02-17 13:13:00,Loja,Sierra,Express,Comercio minorista,8.3,227.1,0,,17.54,17.4
LA-000830,2026-02-17 13:20:00,Guayas,Costa,Express,Comercio minorista,7.1,87.2,0,,37.24,18.0
LA-005053,2026-02-17 13:24:00,Tungurahua,Sierra,Estándar urbano,PyME,5.4,138.1,0,,18.1,18.3
LA-000781,2026-02-17 13:26:00,Guayas,Costa,Estándar urbano,PyME,6.4,134.6,0,,28.95,2.4
LA-000611,2026-02-17 13:28:00,Guayas,Costa,Estándar urbano,Comercio minorista,8.5,127.6,0,,17.97,19.3
LA-000869,2026-02-17 13:32:00,Guayas,Costa,Express,PyME,6.2,95.1,0,,27.79,12.4
LA-002405,2026-02-17 13:35:00,Pichincha,Sierra,Estándar urbano,Comercio minorista,7.7,140.7,0,,30.28,9.9
LA-003707,2026-02-17 13:40:00,Azuay,Sierra,Programado,Comercio minorista,6.7,129.6,0,,13.26,2.2
LA-004268,2026-02-17 14:11:00,Manabí,Costa,Estándar urbano,Comercio minorista,9.7,153.6,0,,21.97,9.2
LA-005542,2026-02-17 14:28:00,Loja,Sierra,Estándar urbano,Comercio minorista,6.6,224.6,0,,15.76,26.7
LA-000701,2026-02-17 14:30:00,Guayas,Costa,Estándar urbano,PyME,6.7,124.3,0,,29.99,14.1
LA-005591,2026-02-17 14:46:00,Loja,Sierra,Estándar urbano,PyME,7.3,189.7,0,,32.17,7.7
LA-000548,2026-02-17 14:51:00,Guayas,Costa,Estándar urbano,Comercio minorista,9.5,151.9,0,,17.42,2.3
LA-003532,2026-02-17 15:01:00,Azuay,Sierra,Estándar urbano,PyME,6.8,110.6,0,,18.75,3.0
LA-004954,2026-02-17 15:01:00,Tungurahua,Sierra,Estándar urbano,Comercio minorista,8.7,62.3,0,,12.25,4.2
LA-000991,2026-02-17 15:03:00,Guayas,Costa,Express,Corporativo,9.7,145.5,0,,28.67,10.6
LA-004383,2026-02-17 15:13:00,Manabí,Costa,Express,Comercio minorista,9.8,132.1,1,Falta de actualización,16.58,10.1
LA-002406,2026-02-17 15:36:00,Pichincha,Sierra,Estándar urbano,Comercio minorista,8.0,88.0,0,,9.9,1.9
LA-004940,2026-02-17 16:00:00,Tungurahua,Sierra,Estándar urbano,Comercio minorista,8.0,93.4,0,,22.81,3.8
LA-002245,2026-02-17 16:06:00,Pichincha,Sierra,Estándar urbano,PyME,5.3,136.8,0,,19.34,7.0
LA-004964,2026-02-17 16:16:00,Tungurahua,Sierra,Estándar urbano,Corporativo,5.9,102.2,0,,28.01,4.9
LA-003540,2026-02-17 16:40:00,Azuay,Sierra,Estándar urbano,Corporativo,7.9,126.0,0,,35.23,7.9
LA-002336,2026-02-17 16:46:00,Pichincha,Sierra,Estándar urbano,Comercio minorista,6.8,167.9,0,,21.8,7.5
LA-000708,2026-02-17 16:50:00,Guayas,Costa,Estándar urbano,PyME,8.1,191.3,0,,31.96,15.6
LA-002362,2026-02-17 16:53:00,Pichincha,Sierra,Estándar urbano,PyME,8.9,175.8,0,,13.53,4.1
LA-004449,2026-02-17 17:32:00,Manabí,Costa,Programado,PyME,9.1,189.1,0,,29.65,15.1
LA-005636,2026-02-17 17:45:00,Loja,Sierra,Programado,Comercio minorista,7.8,121.9,0,,19.0,15.3
LA-005647,2026-02-17 18:20:00,Loja,Sierra,Programado,PyME,8.8,155.8,0,,12.18,11.2
LA-003545,2026-02-17 18:43:00,Azuay,Sierra,Estándar urbano,Comercio minorista,8.7,133.3,0,,9.71,17.7
LA-000776,2026-02-17 19:50:00,Guayas,Costa,Estándar urbano,Corporativo,7.0,341.1,0,,25.06,10.7
LA-003610,2026-02-18 07:01:00,Azuay,Sierra,Estándar urbano,Corporativo,6.4,107.9,0,,8.43,4.0
LA-003612,2026-02-18 07:13:00,Azuay,Sierra,Estándar urbano,Comercio minorista,5.8,119.7,0,,15.86,9.3
LA-001009,2026-02-18 07:18:00,Guayas,Costa,Express,PyME,9.5,74.7,0,,17.61,3.8
LA-005616,2026-02-18 07:18:00,Loja,Sierra,Express,PyME,8.9,71.2,0,,33.47,2.4
LA-002570,2026-02-18 07:27:00,Pichincha,Sierra,Express,PyME,10.2,44.7,0,,25.08,3.6
LA-003523,2026-02-18 07:50:00,Azuay,Sierra,Estándar urbano,PyME,5.1,111.8,0,,28.52,3.9
LA-003546,2026-02-18 08:30:00,Azuay,Sierra,Estándar urbano,PyME,8.7,133.3,0,,21.46,11.7
LA-001039,2026-02-18 08:30:00,Guayas,Costa,Programado,Comercio minorista,10.1,301.3,0,,35.58,14.7
LA-002376,2026-02-18 08:37:00,Pichincha,Sierra,Estándar urbano,Corporativo,5.8,325.3,0,,41.67,4.8
LA-000858,2026-02-18 08:52:00,Guayas,Costa,Express,PyME,8.7,60.3,0,,34.3,15.3
LA-004397,2026-02-18 09:03:00,Manabí,Costa,Express,Comercio minorista,8.9,374.2,0,,25.7,6.7
LA-003675,2026-02-18 09:04:00,Azuay,Sierra,Express,Corporativo,6.4,79.1,0,,22.41,7.0
LA-005530,2026-02-18 09:16:00,Loja,Sierra,Estándar urbano,PyME,7.9,192.8,1,Demora en entrega,22.29,5.4
LA-002290,2026-02-18 09:16:00,Pichincha,Sierra,Estándar urbano,PyME,8.4,133.8,0,,7.63,8.5
LA-000750,2026-02-18 09:30:00,Guayas,Costa,Estándar urbano,Comercio minorista,11.0,127.9,0,,25.05,5.4
LA-000656,2026-02-18 09:37:00,Guayas,Costa,Estándar urbano,Comercio minorista,5.5,116.4,0,,27.13,3.6
LA-001034,2026-02-18 09:37:00,Guayas,Costa,Programado,Corporativo,5.0,122.3,0,,39.47,5.2
LA-001089,2026-02-18 09:52:00,Guayas,Costa,Programado,Corporativo,6.6,130.1,0,,30.12,5.9
LA-004929,2026-02-18 09:52:00,Tungurahua,Sierra,Estándar urbano,Comercio minorista,5.2,136.2,0,,13.63,15.9
LA-003670,2026-02-18 10:02:00,Azuay,Sierra,Express,Comercio minorista,6.2,69.1,0,,11.72,8.0
LA-000974,2026-02-18 10:03:00,Guayas,Costa,Express,Comercio minorista,9.4,55.9,0,,41.19,8.2
LA-002589,2026-02-18 10:11:00,Pichincha,Sierra,Express,PyME,9.6,55.2,0,,32.4,10.1
LA-002647,2026-02-18 10:13:00,Pichincha,Sierra,Programado,Comercio minorista,9.6,131.7,0,,21.23,8.9
LA-000682,2026-02-18 10:21:00,Guayas,Costa,Estándar urbano,PyME,12.2,104.1,0,,22.67,9.2
LA-004435,2026-02-18 10:26:00,Manabí,Costa,Programado,Comercio minorista,11.3,175.6,0,,16.76,16.8
LA-002531,2026-02-18 10:48:00,Pichincha,Sierra,Express,PyME,8.7,51.3,1,Paquete con incidencia,20.71,4.5
LA-005583,2026-02-18 11:14:00,Loja,Sierra,Estándar urbano,PyME,10.6,182.5,0,,21.07,15.2
LA-000720,2026-02-18 11:15:00,Guayas,Costa,Estándar urbano,Corporativo,7.0,126.0,0,,19.52,12.5
LA-002287,2026-02-18 11:19:00,Pichincha,Sierra,Estándar urbano,PyME,6.8,138.6,0,,15.62,6.8
LA-001088,2026-02-18 11:21:00,Guayas,Costa,Programado,PyME,3.9,155.1,0,,21.59,18.9
LA-003677,2026-02-18 11:26:00,Azuay,Sierra,Express,PyME,5.0,86.8,0,,31.72,16.2
LA-002573,2026-02-18 11:26:00,Pichincha,Sierra,Express,Comercio minorista,4.8,104.8,0,,29.59,10.5
LA-002230,2026-02-18 11:37:00,Pichincha,Sierra,Estándar urbano,PyME,6.0,135.4,1,Incumplimiento de horario,34.81,15.4
LA-004394,2026-02-18 11:42:00,Manabí,Costa,Express,Corporativo,11.9,107.1,0,,44.36,12.2
LA-000697,2026-02-18 11:43:00,Guayas,Costa,Estándar urbano,PyME,8.4,128.0,0,,30.53,13.6
LA-003668,2026-02-18 12:00:00,Azuay,Sierra,Express,PyME,6.0,57.3,0,,20.27,2.5
LA-002305,2026-02-18 12:01:00,Pichincha,Sierra,Estándar urbano,Comercio minorista,6.3,93.8,0,,29.46,3.4
LA-002459,2026-02-18 12:13:00,Pichincha,Sierra,Express,PyME,8.2,68.7,0,,36.56,5.6
LA-004312,2026-02-18 12:18:00,Manabí,Costa,Estándar urbano,Comercio minorista,9.7,94.3,0,,14.65,4.7
LA-003674,2026-02-18 12:22:00,Azuay,Sierra,Express,Comercio minorista,6.4,28.0,0,,35.37,1.2
LA-000554,2026-02-18 12:22:00,Guayas,Costa,Estándar urbano,Comercio minorista,9.0,134.4,0,,45.18,3.9
LA-002414,2026-02-18 12:29:00,Pichincha,Sierra,Estándar urbano,PyME,7.0,94.4,0,,17.24,5.2
LA-000655,2026-02-18 12:32:00,Guayas,Costa,Estándar urbano,Corporativo,3.9,93.7,0,,22.04,4.3
LA-000686,2026-02-18 12:36:00,Guayas,Costa,Estándar urbano,PyME,6.0,146.5,0,,50.38,22.4
LA-002617,2026-02-18 12:38:00,Pichincha,Sierra,Programado,Comercio minorista,5.1,195.4,0,,30.3,24.3
LA-005602,2026-02-18 12:40:00,Loja,Sierra,Estándar urbano,PyME,10.1,222.1,0,,22.45,7.9
LA-000964,2026-02-18 12:49:00,Guayas,Costa,Express,PyME,5.7,112.2,0,,56.21,17.1
LA-002460,2026-02-18 12:57:00,Pichincha,Sierra,Express,PyME,11.0,120.7,0,,36.82,13.6
LA-002219,2026-02-18 13:29:00,Pichincha,Sierra,Estándar urbano,PyME,6.2,150.4,0,,21.55,4.3
LA-001047,2026-02-18 13:41:00,Guayas,Costa,Programado,PyME,8.4,141.5,0,,27.11,10.4
LA-005064,2026-02-18 13:41:00,Tungurahua,Sierra,Estándar urbano,Comercio minorista,5.6,142.9,0,,20.99,8.6
LA-000556,2026-02-18 13:50:00,Guayas,Costa,Estándar urbano,PyME,8.8,148.3,0,,30.32,13.7
LA-003588,2026-02-18 13:55:00,Azuay,Sierra,Estándar urbano,Comercio minorista,6.4,152.6,0,,13.56,10.4
LA-003666,2026-02-18 13:55:00,Azuay,Sierra,Express,PyME,10.7,102.8,0,,15.87,13.8
LA-005568,2026-02-18 14:15:00,Loja,Sierra,Estándar urbano,PyME,8.7,135.1,0,,14.14,11.2
LA-003642,2026-02-18 14:20:00,Azuay,Sierra,Express,Comercio minorista,8.3,62.5,0,,29.45,2.9
LA-004386,2026-02-18 14:28:00,Manabí,Costa,Express,PyME,10.0,103.6,0,,42.66,5.8
LA-002437,2026-02-18 14:30:00,Pichincha,Sierra,Express,PyME,8.4,73.0,0,,22.81,1.7
LA-004952,2026-02-18 14:37:00,Tungurahua,Sierra,Estándar urbano,PyME,4.6,137.8,0,,24.5,11.2
LA-002532,2026-02-18 14:45:00,Pichincha,Sierra,Express,PyME,9.6,107.4,0,,20.76,6.2
LA-000576,2026-02-18 14:50:00,Guayas,Costa,Estándar urbano,Comercio minorista,12.3,117.3,0,,12.08,9.8
LA-005619,2026-02-18 14:52:00,Loja,Sierra,Express,Comercio minorista,7.0,93.3,0,,13.52,4.0
LA-002199,2026-02-18 15:02:00,Pichincha,Sierra,Estándar urbano,PyME,5.6,94.1,0,,8.92,7.3
LA-003630,2026-02-18 15:05:00,Azuay,Sierra,Estándar urbano,Comercio minorista,7.8,104.4,0,,11.93,2.5
LA-000937,2026-02-18 15:13:00,Guayas,Costa,Express,PyME,12.0,188.6,0,,51.6,21.3
LA-003514,2026-02-18 15:27:00,Azuay,Sierra,Estándar urbano,Comercio minorista,7.6,157.3,0,,16.78,17.9
LA-004314,2026-02-18 15:34:00,Manabí,Costa,Estándar urbano,Comercio minorista,8.0,140.8,0,,15.63,24.9
LA-003513,2026-02-18 15:39:00,Azuay,Sierra,Estándar urbano,Comercio minorista,6.8,111.4,0,,25.33,11.7
LA-002278,2026-02-18 15:41:00,Pichincha,Sierra,Estándar urbano,Corporativo,8.1,165.5,0,,25.8,13.6
LA-000860,2026-02-18 16:14:00,Guayas,Costa,Express,Corporativo,7.9,109.0,0,,80.5,12.2
LA-004950,2026-02-18 16:29:00,Tungurahua,Sierra,Estándar urbano,Corporativo,7.5,75.3,0,,20.62,2.6
LA-005091,2026-02-18 16:39:00,Tungurahua,Sierra,Express,Corporativo,5.3,28.0,0,,37.0,4.1
LA-000837,2026-02-18 16:51:00,Guayas,Costa,Express,Comercio minorista,12.3,100.8,0,,16.87,11.3
LA-001037,2026-02-18 17:39:00,Guayas,Costa,Programado,Comercio minorista,7.1,142.3,0,,13.89,3.2
LA-002408,2026-02-18 17:47:00,Pichincha,Sierra,Estándar urbano,Comercio minorista,4.9,116.1,0,,12.85,5.5
LA-002393,2026-02-18 18:03:00,Pichincha,Sierra,Estándar urbano,Comercio minorista,11.2,176.5,1,Demora en atención,33.27,10.0
LA-000619,2026-02-18 18:48:00,Guayas,Costa,Estándar urbano,Comercio minorista,11.0,158.0,0,,14.14,2.7
LA-003512,2026-02-18 19:22:00,Azuay,Sierra,Estándar urbano,PyME,11.3,127.7,0,,17.92,9.7
LA-002653,2026-02-18 19:52:00,Pichincha,Sierra,Programado,PyME,6.9,156.5,0,,18.7,7.4
LA-001043,2026-02-19 07:04:00,Guayas,Costa,Programado,Corporativo,7.8,163.5,0,,24.47,8.6
LA-000747,2026-02-19 07:10:00,Guayas,Costa,Estándar urbano,PyME,8.8,108.1,0,,23.87,12.3
LA-000618,2026-02-19 07:17:00,Guayas,Costa,Estándar urbano,PyME,6.3,142.8,0,,11.93,14.3
LA-002324,2026-02-19 07:23:00,Pichincha,Sierra,Estándar urbano,PyME,7.7,126.9,0,,27.72,6.6
LA-002583,2026-02-19 07:34:00,Pichincha,Sierra,Express,PyME,10.5,116.8,0,,35.38,1.5
LA-004379,2026-02-19 07:39:00,Manabí,Costa,Express,PyME,11.3,113.9,0,,32.01,30.9
LA-000789,2026-02-19 07:56:00,Guayas,Costa,Estándar urbano,PyME,9.2,140.8,0,,17.4,4.4
LA-000790,2026-02-19 07:59:00,Guayas,Costa,Estándar urbano,PyME,7.2,172.8,0,,16.13,8.7
LA-002486,2026-02-19 08:04:00,Pichincha,Sierra,Express,Comercio minorista,7.6,330.6,0,,25.59,22.2
LA-000884,2026-02-19 08:31:00,Guayas,Costa,Express,Comercio minorista,8.2,79.0,0,,27.78,3.8
LA-000998,2026-02-19 08:36:00,Guayas,Costa,Express,Comercio minorista,10.4,74.8,0,,17.76,6.2
LA-004277,2026-02-19 08:47:00,Manabí,Costa,Estándar urbano,PyME,11.9,203.4,0,,15.25,21.7
LA-005599,2026-02-19 08:48:00,Loja,Sierra,Estándar urbano,Comercio minorista,9.5,138.5,0,,6.5,4.7
LA-002485,2026-02-19 08:49:00,Pichincha,Sierra,Express,Corporativo,7.4,76.8,0,,53.87,19.2
LA-002446,2026-02-19 08:55:00,Pichincha,Sierra,Express,Comercio minorista,8.5,92.5,0,,40.78,16.5
LA-002271,2026-02-19 08:58:00,Pichincha,Sierra,Estándar urbano,Comercio minorista,8.9,129.0,0,,20.39,3.4
LA-005518,2026-02-19 09:06:00,Loja,Sierra,Estándar urbano,Comercio minorista,8.6,165.5,0,,17.88,1.0
LA-002183,2026-02-19 09:13:00,Pichincha,Sierra,Estándar urbano,Comercio minorista,5.5,157.4,0,,12.6,9.8
LA-003644,2026-02-19 09:20:00,Azuay,Sierra,Express,PyME,8.0,55.1,0,,39.74,8.5
LA-004285,2026-02-19 09:33:00,Manabí,Costa,Estándar urbano,PyME,6.2,186.9,0,,24.33,19.0
LA-003692,2026-02-19 09:43:00,Azuay,Sierra,Express,Comercio minorista,5.5,80.5,0,,50.0,6.0
LA-003626,2026-02-19 09:57:00,Azuay,Sierra,Estándar urbano,PyME,6.5,149.2,0,,14.3,8.5
LA-003693,2026-02-19 10:10:00,Azuay,Sierra,Programado,PyME,7.7,156.6,0,,23.61,7.2
LA-004419,2026-02-19 10:11:00,Manabí,Costa,Express,Corporativo,8.3,79.6,0,,28.85,21.6
LA-003509,2026-02-19 10:16:00,Azuay,Sierra,Estándar urbano,Comercio minorista,6.6,107.3,0,,18.7,3.1
LA-002642,2026-02-19 10:19:00,Pichincha,Sierra,Programado,PyME,7.4,164.0,0,,33.18,6.5
LA-004382,2026-02-19 10:20:00,Manabí,Costa,Express,PyME,10.1,132.0,0,,22.31,13.6
LA-000853,2026-02-19 10:24:00,Guayas,Costa,Express,PyME,8.2,91.9,0,,30.63,3.8
LA-002602,2026-02-19 10:26:00,Pichincha,Sierra,Programado,Corporativo,7.4,168.8,0,,39.34,16.7
LA-002202,2026-02-19 10:29:00,Pichincha,Sierra,Estándar urbano,Comercio minorista,8.5,138.2,0,,13.18,4.0
LA-002520,2026-02-19 10:35:00,Pichincha,Sierra,Express,Corporativo,6.9,65.4,0,,38.46,3.7
LA-002507,2026-02-19 10:43:00,Pichincha,Sierra,Express,Comercio minorista,7.4,76.7,0,,27.76,15.6
LA-002549,2026-02-19 10:45:00,Pichincha,Sierra,Express,Comercio minorista,9.9,103.8,0,,28.45,13.1
LA-004961,2026-02-19 10:49:00,Tungurahua,Sierra,Estándar urbano,Corporativo,8.9,135.5,0,,28.81,10.4
LA-000674,2026-02-19 11:28:00,Guayas,Costa,Estándar urbano,PyME,10.4,160.4,0,,27.92,18.7
LA-002332,2026-02-19 11:34:00,Pichincha,Sierra,Estándar urbano,Comercio minorista,5.7,111.7,0,,18.32,2.3
LA-000632,2026-02-19 11:52:00,Guayas,Costa,Estándar urbano,Comercio minorista,9.5,130.0,0,,14.87,8.1
LA-000958,2026-02-19 11:53:00,Guayas,Costa,Express,Comercio minorista,6.4,131.4,0,,23.57,22.3
LA-000668,2026-02-19 12:00:00,Guayas,Costa,Estándar urbano,Comercio minorista,9.3,130.1,0,,23.43,22.2
LA-004354,2026-02-19 12:07:00,Manabí,Costa,Estándar urbano,Comercio minorista,7.5,218.5,0,,15.15,20.5
LA-002411,2026-02-19 12:09:00,Pichincha,Sierra,Estándar urbano,Comercio minorista,7.7,117.5,0,,15.82,4.5
LA-001085,2026-02-19 12:14:00,Guayas,Costa,Programado,PyME,9.4,157.5,0,,38.57,6.0
LA-005610,2026-02-19 12:16:00,Loja,Sierra,Express,Comercio minorista,7.5,190.8,0,,21.73,22.3
LA-001013,2026-02-19 12:27:00,Guayas,Costa,Programado,Comercio minorista,5.2,156.7,0,,24.77,1.0
LA-003643,2026-02-19 12:43:00,Azuay,Sierra,Express,PyME,6.9,54.5,0,,23.19,7.2
LA-002662,2026-02-19 12:43:00,Pichincha,Sierra,Programado,Comercio minorista,8.9,135.1,0,,16.25,6.5
LA-000572,2026-02-19 12:45:00,Guayas,Costa,Estándar urbano,PyME,8.8,169.7,0,,15.1,1.0
LA-000857,2026-02-19 12:57:00,Guayas,Costa,Express,Comercio minorista,12.4,80.6,0,,36.92,22.2
LA-005087,2026-02-19 13:33:00,Tungurahua,Sierra,Express,PyME,10.3,31.9,0,,12.95,2.1
LA-002614,2026-02-19 13:49:00,Pichincha,Sierra,Programado,Comercio minorista,11.9,115.3,0,,21.01,2.4
LA-002217,2026-02-19 13:55:00,Pichincha,Sierra,Estándar urbano,PyME,6.5,135.2,0,,13.79,16.5
LA-005552,2026-02-19 14:03:00,Loja,Sierra,Estándar urbano,Comercio minorista,5.5,152.2,0,,12.8,9.8
LA-004251,2026-02-19 14:14:00,Manabí,Costa,Estándar urbano,Corporativo,6.9,191.2,0,,21.65,10.0
LA-002222,2026-02-19 14:18:00,Pichincha,Sierra,Estándar urbano,PyME,6.0,128.5,0,,56.33,8.6
LA-002563,2026-02-19 14:36:00,Pichincha,Sierra,Express,Comercio minorista,8.7,70.3,0,,35.88,7.5
LA-004391,2026-02-19 14:43:00,Manabí,Costa,Express,Corporativo,7.5,139.3,0,,20.5,7.6
LA-002280,2026-02-19 14:55:00,Pichincha,Sierra,Estándar urbano,Comercio minorista,8.6,111.3,0,,14.04,4.4
LA-003559,2026-02-19 14:57:00,Azuay,Sierra,Estándar urbano,PyME,8.8,102.8,0,,18.44,4.9
LA-004385,2026-02-19 15:26:00,Manabí,Costa,Express,Corporativo,7.6,63.7,0,,26.36,4.9
LA-005581,2026-02-19 15:39:00,Loja,Sierra,Estándar urbano,PyME,9.9,205.4,0,,24.85,33.8
LA-002327,2026-02-19 15:39:00,Pichincha,Sierra,Estándar urbano,Comercio minorista,7.1,121.9,0,,12.95,12.9
LA-004999,2026-02-19 15:40:00,Tungurahua,Sierra,Estándar urbano,PyME,7.2,65.5,0,,14.65,2.5
LA-005505,2026-02-19 15:45:00,Loja,Sierra,Estándar urbano,PyME,7.4,208.5,0,,18.03,1.0
LA-000680,2026-02-19 17:05:00,Guayas,Costa,Estándar urbano,PyME,6.8,155.6,0,,21.21,4.9
LA-002392,2026-02-19 18:12:00,Pichincha,Sierra,Estándar urbano,Comercio minorista,6.3,169.2,0,,32.97,19.3
LA-004330,2026-02-19 19:48:00,Manabí,Costa,Estándar urbano,Comercio minorista,6.1,157.1,0,,7.57,15.7
LA-002627,2026-02-20 07:00:00,Pichincha,Sierra,Programado,PyME,6.6,127.8,0,,38.33,1.9
LA-005043,2026-02-20 07:05:00,Tungurahua,Sierra,Estándar urbano,Comercio minorista,8.0,113.2,0,,16.37,10.6
LA-005066,2026-02-20 07:14:00,Tungurahua,Sierra,Estándar urbano,Corporativo,3.5,110.6,0,,19.63,4.4
LA-005537,2026-02-20 07:20:00,Loja,Sierra,Estándar urbano,Comercio minorista,7.9,204.8,0,,20.02,6.3
LA-002196,2026-02-20 07:40:00,Pichincha,Sierra,Estándar urbano,PyME,5.6,155.8,0,,19.38,7.9
LA-002198,2026-02-20 07:48:00,Pichincha,Sierra,Estándar urbano,PyME,8.5,165.5,0,,33.2,14.0
LA-004349,2026-02-20 08:04:00,Manabí,Costa,Estándar urbano,Comercio minorista,10.3,199.6,0,,22.97,45.0
LA-004341,2026-02-20 08:08:00,Manabí,Costa,Estándar urbano,Corporativo,10.6,123.1,0,,51.1,3.1
LA-000831,2026-02-20 08:13:00,Guayas,Costa,Express,Comercio minorista,5.8,59.1,0,,20.84,2.4
LA-004990,2026-02-20 08:21:00,Tungurahua,Sierra,Estándar urbano,PyME,2.0,122.9,0,,17.78,2.8
LA-003550,2026-02-20 08:42:00,Azuay,Sierra,Estándar urbano,PyME,7.7,100.4,0,,15.99,2.3
LA-005520,2026-02-20 08:43:00,Loja,Sierra,Estándar urbano,PyME,11.6,226.9,0,,14.82,27.5
LA-002530,2026-02-20 08:58:00,Pichincha,Sierra,Express,PyME,9.8,42.7,0,,36.11,5.8
LA-001084,2026-02-20 09:04:00,Guayas,Costa,Programado,Comercio minorista,6.2,147.3,0,,25.33,5.9
LA-004317,2026-02-20 09:30:00,Manabí,Costa,Estándar urbano,Comercio minorista,6.0,164.8,0,,14.74,3.6
LA-000955,2026-02-20 09:50:00,Guayas,Costa,Express,PyME,8.5,131.6,0,,37.68,2.9
LA-004374,2026-02-20 09:56:00,Manabí,Costa,Estándar urbano,PyME,6.7,83.7,0,,14.93,18.6
LA-000535,2026-02-20 10:21:00,Guayas,Costa,Estándar urbano,Comercio minorista,9.3,156.1,0,,24.85,4.4
LA-002451,2026-02-20 10:27:00,Pichincha,Sierra,Express,Comercio minorista,10.8,51.4,0,,22.29,1.7
LA-002535,2026-02-20 10:32:00,Pichincha,Sierra,Express,Comercio minorista,9.1,46.8,0,,25.0,6.8
LA-000987,2026-02-20 10:33:00,Guayas,Costa,Express,PyME,7.3,240.4,0,,39.4,12.5
LA-000979,2026-02-20 10:34:00,Guayas,Costa,Express,Comercio minorista,10.1,132.8,0,,33.51,13.2
LA-004287,2026-02-20 10:41:00,Manabí,Costa,Estándar urbano,Comercio minorista,7.9,200.8,0,,16.51,1.0
LA-005527,2026-02-20 10:45:00,Loja,Sierra,Estándar urbano,Comercio minorista,6.1,135.1,0,,16.46,6.5
LA-002632,2026-02-20 10:55:00,Pichincha,Sierra,Programado,Comercio minorista,6.3,164.1,0,,33.35,4.2
LA-005044,2026-02-20 11:02:00,Tungurahua,Sierra,Estándar urbano,Corporativo,5.1,61.2,0,,22.07,4.4
LA-003638,2026-02-20 11:12:00,Azuay,Sierra,Express,Comercio minorista,7.5,74.2,0,,23.9,1.0
LA-004416,2026-02-20 11:12:00,Manabí,Costa,Express,Comercio minorista,7.7,179.9,0,,22.57,13.9
LA-000957,2026-02-20 11:15:00,Guayas,Costa,Express,PyME,9.5,99.6,0,,29.09,9.1
LA-000824,2026-02-20 11:16:00,Guayas,Costa,Express,Comercio minorista,7.0,133.5,0,,35.39,27.9
LA-002612,2026-02-20 11:18:00,Pichincha,Sierra,Programado,Corporativo,7.6,157.5,0,,56.89,14.0
LA-005028,2026-02-20 11:20:00,Tungurahua,Sierra,Estándar urbano,Corporativo,7.7,88.6,0,,22.27,3.5
LA-002251,2026-02-20 11:22:00,Pichincha,Sierra,Estándar urbano,PyME,8.5,123.1,0,,15.07,4.8
LA-004266,2026-02-20 11:23:00,Manabí,Costa,Estándar urbano,Corporativo,7.5,155.0,0,,31.05,26.5
LA-005504,2026-02-20 11:30:00,Loja,Sierra,Estándar urbano,PyME,12.3,160.3,0,,19.01,10.1
LA-000738,2026-02-20 11:33:00,Guayas,Costa,Estándar urbano,Comercio minorista,6.4,158.8,0,,22.14,23.2
LA-000607,2026-02-20 11:40:00,Guayas,Costa,Estándar urbano,PyME,9.5,198.5,0,,12.43,6.8
LA-003548,2026-02-20 11:46:00,Azuay,Sierra,Estándar urbano,Corporativo,7.8,131.3,0,,37.9,7.8
LA-000812,2026-02-20 12:08:00,Guayas,Costa,Express,Comercio minorista,6.6,69.0,0,,25.99,12.4
LA-004401,2026-02-20 12:08:00,Manabí,Costa,Express,Comercio minorista,9.2,108.5,0,,35.4,12.2
LA-002233,2026-02-20 12:30:00,Pichincha,Sierra,Estándar urbano,Comercio minorista,8.1,137.5,0,,28.21,3.3
LA-005133,2026-02-20 12:36:00,Tungurahua,Sierra,Programado,Comercio minorista,6.0,111.0,0,,14.23,5.3
LA-000840,2026-02-20 12:45:00,Guayas,Costa,Express,PyME,6.6,80.4,0,,29.68,28.6
LA-000773,2026-02-20 12:48:00,Guayas,Costa,Estándar urbano,Comercio minorista,10.9,117.9,0,,17.85,5.1
LA-004362,2026-02-20 12:59:00,Manabí,Costa,Estándar urbano,Comercio minorista,11.3,161.7,0,,12.67,6.8
LA-003505,2026-02-20 13:17:00,Azuay,Sierra,Estándar urbano,PyME,9.4,100.3,0,,23.28,6.4
LA-002235,2026-02-20 13:33:00,Pichincha,Sierra,Estándar urbano,Comercio minorista,6.9,133.2,0,,18.62,10.6
LA-001061,2026-02-20 13:39:00,Guayas,Costa,Programado,PyME,4.1,200.1,0,,29.69,17.9
LA-003564,2026-02-20 13:50:00,Azuay,Sierra,Estándar urbano,Comercio minorista,7.6,134.0,0,,17.74,7.0
LA-004335,2026-02-20 13:57:00,Manabí,Costa,Estándar urbano,PyME,8.7,132.9,0,,26.49,10.4
LA-001029,2026-02-20 14:11:00,Guayas,Costa,Programado,Comercio minorista,6.3,205.1,0,,24.57,9.0
LA-002258,2026-02-20 14:18:00,Pichincha,Sierra,Estándar urbano,PyME,6.2,177.4,0,,12.5,12.9
LA-000589,2026-02-20 14:26:00,Guayas,Costa,Estándar urbano,Corporativo,8.2,103.8,0,,15.12,7.4
LA-002503,2026-02-20 14:31:00,Pichincha,Sierra,Express,Comercio minorista,6.6,140.8,0,,31.6,11.1
LA-002262,2026-02-20 14:46:00,Pichincha,Sierra,Estándar urbano,PyME,6.4,128.1,0,,18.39,3.1
LA-002472,2026-02-20 14:51:00,Pichincha,Sierra,Express,Comercio minorista,10.0,106.7,0,,20.49,9.0
LA-004458,2026-02-20 14:57:00,Manabí,Costa,Programado,Comercio minorista,7.3,233.2,0,,15.9,20.9
LA-002342,2026-02-20 15:24:00,Pichincha,Sierra,Estándar urbano,Comercio minorista,5.4,223.9,0,,14.59,1.9
LA-000777,2026-02-20 15:35:00,Guayas,Costa,Estándar urbano,Comercio minorista,5.8,115.2,0,,11.0,3.7
LA-003723,2026-02-20 15:42:00,Azuay,Sierra,Programado,Comercio minorista,5.3,130.9,0,,30.91,6.0
LA-003701,2026-02-20 16:19:00,Azuay,Sierra,Programado,Comercio minorista,6.6,121.1,0,,21.68,1.4
LA-000795,2026-02-20 16:27:00,Guayas,Costa,Estándar urbano,PyME,11.4,132.2,0,,14.99,2.4
LA-005042,2026-02-20 16:57:00,Tungurahua,Sierra,Estándar urbano,Comercio minorista,6.1,106.9,0,,9.97,2.9
LA-003562,2026-02-20 17:34:00,Azuay,Sierra,Estándar urbano,Comercio minorista,6.3,121.9,0,,19.73,7.3
LA-004973,2026-02-20 17:57:00,Tungurahua,Sierra,Estándar urbano,PyME,8.7,172.1,0,,25.79,20.3
LA-000591,2026-02-20 18:21:00,Guayas,Costa,Estándar urbano,Comercio minorista,11.0,144.8,0,,15.89,9.2
LA-002639,2026-02-20 18:37:00,Pichincha,Sierra,Programado,Corporativo,5.0,175.1,0,,26.5,12.6
LA-004400,2026-02-20 19:59:00,Manabí,Costa,Express,Corporativo,8.7,130.0,0,,29.83,18.2
LA-000613,2026-02-21 07:17:00,Guayas,Costa,Estándar urbano,Comercio minorista,6.8,153.3,0,,22.63,9.1
LA-002223,2026-02-21 08:03:00,Pichincha,Sierra,Estándar urbano,Comercio minorista,7.1,150.0,0,,27.25,32.4
LA-000851,2026-02-21 08:11:00,Guayas,Costa,Express,Comercio minorista,11.2,88.0,0,,27.82,11.1
LA-003659,2026-02-21 08:31:00,Azuay,Sierra,Express,Corporativo,10.2,81.3,0,,38.09,8.4
LA-002352,2026-02-21 08:31:00,Pichincha,Sierra,Estándar urbano,Comercio minorista,8.8,150.6,0,,12.06,14.8
LA-004293,2026-02-21 08:52:00,Manabí,Costa,Estándar urbano,Comercio minorista,11.3,283.8,0,,18.77,16.7
LA-002502,2026-02-21 08:58:00,Pichincha,Sierra,Express,PyME,7.3,44.4,0,,31.12,3.9
LA-002616,2026-02-21 09:18:00,Pichincha,Sierra,Programado,Corporativo,6.6,156.0,0,,26.44,3.5
LA-000983,2026-02-21 09:36:00,Guayas,Costa,Express,Comercio minorista,10.6,82.7,0,,21.16,1.8
LA-001086,2026-02-21 09:39:00,Guayas,Costa,Programado,Comercio minorista,6.6,219.1,0,,32.98,19.3
LA-003604,2026-02-21 09:43:00,Azuay,Sierra,Estándar urbano,PyME,7.4,126.0,0,,18.57,11.9
LA-000654,2026-02-21 09:46:00,Guayas,Costa,Estándar urbano,Corporativo,6.0,211.1,0,,20.24,25.1
LA-003631,2026-02-21 09:47:00,Azuay,Sierra,Estándar urbano,Comercio minorista,9.1,150.5,0,,15.18,19.0
LA-002312,2026-02-21 10:01:00,Pichincha,Sierra,Estándar urbano,Comercio minorista,5.7,144.7,0,,18.66,15.2
LA-005624,2026-02-21 10:05:00,Loja,Sierra,Express,PyME,8.6,163.4,0,,31.3,8.7
LA-002536,2026-02-21 10:16:00,Pichincha,Sierra,Express,Comercio minorista,6.5,146.3,0,,34.22,12.0
LA-004313,2026-02-21 10:35:00,Manabí,Costa,Estándar urbano,Comercio minorista,10.2,162.8,0,,12.69,14.1
LA-004971,2026-02-21 10:35:00,Tungurahua,Sierra,Estándar urbano,PyME,6.1,98.2,0,,18.26,8.2
LA-002221,2026-02-21 10:42:00,Pichincha,Sierra,Estándar urbano,Comercio minorista,7.8,119.2,0,,26.51,4.4
LA-002516,2026-02-21 10:51:00,Pichincha,Sierra,Express,Corporativo,8.1,103.9,0,,33.64,13.1
LA-004456,2026-02-21 10:54:00,Manabí,Costa,Programado,PyME,6.8,148.5,0,,12.55,3.9
LA-002329,2026-02-21 11:10:00,Pichincha,Sierra,Estándar urbano,Comercio minorista,6.9,125.0,0,,23.98,1.1
LA-002418,2026-02-21 11:28:00,Pichincha,Sierra,Estándar urbano,PyME,6.5,157.3,0,,47.93,16.2
LA-001091,2026-02-21 11:38:00,Guayas,Costa,Programado,Comercio minorista,6.7,158.8,0,,14.69,6.5
LA-002458,2026-02-21 11:38:00,Pichincha,Sierra,Express,PyME,10.0,59.2,0,,32.61,5.6
LA-005023,2026-02-21 11:49:00,Tungurahua,Sierra,Estándar urbano,Comercio minorista,9.3,88.9,0,,18.79,5.0
LA-000950,2026-02-21 12:08:00,Guayas,Costa,Express,PyME,7.4,39.5,0,,29.81,6.7
LA-005048,2026-02-21 12:09:00,Tungurahua,Sierra,Estándar urbano,PyME,5.4,108.3,0,,11.06,7.0
LA-003496,2026-02-21 12:19:00,Azuay,Sierra,Estándar urbano,Comercio minorista,10.1,140.8,0,,13.1,5.7
LA-000741,2026-02-21 12:20:00,Guayas,Costa,Estándar urbano,Corporativo,9.0,140.6,0,,40.09,3.4
LA-002264,2026-02-21 12:40:00,Pichincha,Sierra,Estándar urbano,PyME,6.3,153.4,0,,18.92,17.5
LA-000568,2026-02-21 13:02:00,Guayas,Costa,Estándar urbano,PyME,8.2,118.8,0,,17.41,15.8
LA-003522,2026-02-21 13:27:00,Azuay,Sierra,Estándar urbano,Comercio minorista,6.1,127.0,0,,19.47,3.8
LA-002645,2026-02-21 13:29:00,Pichincha,Sierra,Programado,Comercio minorista,9.6,146.8,0,,24.03,17.0
LA-003551,2026-02-21 13:30:00,Azuay,Sierra,Estándar urbano,Comercio minorista,6.4,99.2,0,,17.06,5.7
LA-002643,2026-02-21 13:34:00,Pichincha,Sierra,Programado,Comercio minorista,7.7,167.7,0,,34.72,12.8
LA-002581,2026-02-21 13:39:00,Pichincha,Sierra,Express,Corporativo,9.0,45.2,0,,45.37,5.6
LA-000898,2026-02-21 13:46:00,Guayas,Costa,Express,PyME,7.1,107.6,0,,28.95,6.1
LA-005046,2026-02-21 13:47:00,Tungurahua,Sierra,Estándar urbano,PyME,8.4,131.9,0,,20.63,15.6
LA-002492,2026-02-21 13:54:00,Pichincha,Sierra,Express,PyME,6.7,28.0,0,,44.14,2.1
LA-000661,2026-02-21 14:04:00,Guayas,Costa,Estándar urbano,PyME,7.8,128.2,0,,23.43,6.1
LA-005545,2026-02-21 14:09:00,Loja,Sierra,Estándar urbano,PyME,5.5,158.7,0,,16.55,9.6
LA-003614,2026-02-21 14:13:00,Azuay,Sierra,Estándar urbano,PyME,11.5,126.5,0,,29.56,3.7
LA-002538,2026-02-21 14:13:00,Pichincha,Sierra,Express,Comercio minorista,11.3,79.1,0,,28.64,8.6
LA-001005,2026-02-21 14:14:00,Guayas,Costa,Express,PyME,5.3,59.6,0,,34.0,5.9
LA-003507,2026-02-21 14:38:00,Azuay,Sierra,Estándar urbano,PyME,9.6,109.1,0,,18.1,7.0
LA-000833,2026-02-21 14:41:00,Guayas,Costa,Express,PyME,8.5,68.9,0,,23.28,5.3
LA-002275,2026-02-21 14:41:00,Pichincha,Sierra,Estándar urbano,PyME,7.1,171.0,0,,16.89,5.5
LA-002266,2026-02-21 15:07:00,Pichincha,Sierra,Estándar urbano,Corporativo,6.6,132.4,0,,29.46,18.0
LA-005515,2026-02-21 15:14:00,Loja,Sierra,Estándar urbano,Comercio minorista,9.3,178.7,0,,11.84,8.2
LA-004404,2026-02-21 15:17:00,Manabí,Costa,Express,Comercio minorista,6.7,131.3,0,,24.66,14.6
LA-003646,2026-02-21 15:25:00,Azuay,Sierra,Express,PyME,5.5,69.6,0,,30.74,6.1
LA-002344,2026-02-21 15:40:00,Pichincha,Sierra,Estándar urbano,Corporativo,4.9,108.2,0,,36.33,8.1
LA-000845,2026-02-21 16:09:00,Guayas,Costa,Express,Comercio minorista,9.1,142.3,0,,16.26,5.0
LA-003602,2026-02-21 16:16:00,Azuay,Sierra,Estándar urbano,Comercio minorista,8.8,113.6,0,,11.9,12.0
LA-002228,2026-02-21 16:41:00,Pichincha,Sierra,Estándar urbano,Corporativo,5.0,133.5,0,,30.05,1.9
LA-000739,2026-02-21 17:07:00,Guayas,Costa,Estándar urbano,PyME,10.7,152.7,0,,29.38,4.9
LA-000817,2026-02-21 17:07:00,Guayas,Costa,Express,Comercio minorista,8.9,154.4,0,,37.51,7.2
LA-001042,2026-02-21 17:12:00,Guayas,Costa,Programado,Corporativo,8.6,153.5,0,,23.31,7.2
LA-002320,2026-02-22 07:00:00,Pichincha,Sierra,Estándar urbano,Comercio minorista,8.1,96.7,0,,16.97,7.2
LA-002610,2026-02-22 07:22:00,Pichincha,Sierra,Programado,Comercio minorista,10.4,177.8,0,,60.95,10.7
LA-004318,2026-02-22 07:23:00,Manabí,Costa,Estándar urbano,Comercio minorista,7.4,168.9,0,,14.94,6.0
LA-000800,2026-02-22 07:26:00,Guayas,Costa,Estándar urbano,Corporativo,6.1,134.4,0,,15.09,4.8
LA-005506,2026-02-22 07:28:00,Loja,Sierra,Estándar urbano,Comercio minorista,10.5,165.7,0,,16.25,10.9
LA-002272,2026-02-22 07:35:00,Pichincha,Sierra,Estándar urbano,Comercio minorista,9.9,118.9,0,,23.44,6.4
LA-003593,2026-02-22 07:39:00,Azuay,Sierra,Estándar urbano,PyME,5.8,111.9,0,,12.97,4.6
LA-003695,2026-02-22 07:50:00,Azuay,Sierra,Programado,PyME,5.9,152.6,0,,38.92,1.7
LA-000567,2026-02-22 08:03:00,Guayas,Costa,Estándar urbano,PyME,8.8,167.4,0,,34.26,6.4
LA-004420,2026-02-22 08:16:00,Manabí,Costa,Express,Comercio minorista,8.9,69.3,0,,43.5,7.7
LA-002373,2026-02-22 08:19:00,Pichincha,Sierra,Estándar urbano,PyME,9.6,148.6,0,,27.33,12.6
LA-003584,2026-02-22 08:26:00,Azuay,Sierra,Estándar urbano,Comercio minorista,5.6,122.4,0,,30.06,4.4
LA-000612,2026-02-22 09:03:00,Guayas,Costa,Estándar urbano,Comercio minorista,10.6,99.9,0,,12.64,7.0
LA-004414,2026-02-22 09:07:00,Manabí,Costa,Express,Comercio minorista,10.5,59.2,0,,18.9,11.7
LA-000549,2026-02-22 09:21:00,Guayas,Costa,Estándar urbano,PyME,5.1,144.8,0,,31.76,19.3
LA-005615,2026-02-22 09:34:00,Loja,Sierra,Express,Comercio minorista,7.7,123.5,0,,15.5,8.2
LA-000696,2026-02-22 09:35:00,Guayas,Costa,Estándar urbano,PyME,5.3,161.1,0,,24.89,12.5
LA-002348,2026-02-22 09:38:00,Pichincha,Sierra,Estándar urbano,Corporativo,7.9,189.5,0,,24.08,15.3
LA-002188,2026-02-22 09:47:00,Pichincha,Sierra,Estándar urbano,Comercio minorista,6.7,141.9,0,,12.67,2.1
LA-003541,2026-02-22 09:50:00,Azuay,Sierra,Estándar urbano,PyME,6.0,95.8,0,,19.21,3.5
LA-003726,2026-02-22 09:57:00,Azuay,Sierra,Programado,Comercio minorista,5.9,136.3,0,,15.04,3.7
LA-000624,2026-02-22 10:02:00,Guayas,Costa,Estándar urbano,Comercio minorista,8.8,148.3,0,,30.31,9.4
LA-000536,2026-02-22 10:17:00,Guayas,Costa,Estándar urbano,PyME,5.5,201.2,0,,21.6,9.4
LA-004333,2026-02-22 10:27:00,Manabí,Costa,Estándar urbano,PyME,8.3,163.2,0,,35.31,16.0
LA-002470,2026-02-22 10:34:00,Pichincha,Sierra,Express,Comercio minorista,7.7,72.1,0,,30.45,1.6
LA-005081,2026-02-22 10:34:00,Tungurahua,Sierra,Express,PyME,8.1,64.9,0,,42.62,4.0
LA-000538,2026-02-22 10:45:00,Guayas,Costa,Estándar urbano,Comercio minorista,9.4,132.8,0,,13.84,10.5
LA-001077,2026-02-22 10:54:00,Guayas,Costa,Programado,PyME,5.7,163.9,0,,34.67,5.4
LA-002495,2026-02-22 10:54:00,Pichincha,Sierra,Express,Corporativo,5.7,76.9,0,,32.4,10.2
LA-003680,2026-02-22 11:06:00,Azuay,Sierra,Express,Comercio minorista,10.4,97.7,0,,15.92,10.2
LA-005541,2026-02-22 11:06:00,Loja,Sierra,Estándar urbano,Comercio minorista,7.5,151.0,0,,16.25,8.8
LA-002450,2026-02-22 11:14:00,Pichincha,Sierra,Express,Corporativo,5.4,93.3,0,,44.02,14.8
LA-005127,2026-02-22 11:22:00,Tungurahua,Sierra,Programado,PyME,9.4,125.6,0,,23.54,6.8
LA-005601,2026-02-22 11:26:00,Loja,Sierra,Estándar urbano,PyME,7.0,136.0,0,,12.22,9.3
LA-004460,2026-02-22 11:44:00,Manabí,Costa,Programado,Comercio minorista,6.1,185.5,0,,23.37,20.9
LA-003547,2026-02-22 11:56:00,Azuay,Sierra,Estándar urbano,Comercio minorista,4.3,113.6,0,,11.56,1.0
LA-000909,2026-02-22 11:57:00,Guayas,Costa,Express,PyME,7.6,216.7,1,Falta de actualización,28.76,13.5
LA-002345,2026-02-22 12:01:00,Pichincha,Sierra,Estándar urbano,Comercio minorista,9.6,133.7,0,,14.69,11.2
LA-004957,2026-02-22 12:01:00,Tungurahua,Sierra,Estándar urbano,Corporativo,8.9,134.0,0,,18.71,2.1
LA-005099,2026-02-22 12:01:00,Tungurahua,Sierra,Express,PyME,8.3,44.2,0,,48.79,1.9
LA-002588,2026-02-22 12:07:00,Pichincha,Sierra,Express,Corporativo,7.7,71.8,0,,32.43,7.3
LA-002284,2026-02-22 12:16:00,Pichincha,Sierra,Estándar urbano,Comercio minorista,8.0,158.2,0,,21.21,8.9
LA-000577,2026-02-22 12:18:00,Guayas,Costa,Estándar urbano,PyME,7.4,404.9,0,,20.17,1.1
LA-003539,2026-02-22 12:21:00,Azuay,Sierra,Estándar urbano,Comercio minorista,5.6,112.7,0,,21.69,2.4
LA-002401,2026-02-22 12:37:00,Pichincha,Sierra,Estándar urbano,PyME,5.5,134.5,0,,46.33,5.6
LA-002360,2026-02-22 12:48:00,Pichincha,Sierra,Estándar urbano,PyME,7.7,181.9,0,,20.48,18.8
LA-000746,2026-02-22 12:49:00,Guayas,Costa,Estándar urbano,Comercio minorista,7.9,123.6,0,,23.64,15.7
LA-002640,2026-02-22 12:50:00,Pichincha,Sierra,Programado,Comercio minorista,7.5,206.0,0,,18.41,17.7
LA-002577,2026-02-22 12:53:00,Pichincha,Sierra,Express,Corporativo,8.0,97.0,0,,48.97,1.0
LA-005112,2026-02-22 12:53:00,Tungurahua,Sierra,Express,Comercio minorista,8.0,53.7,0,,30.49,9.3
LA-000579,2026-02-22 12:57:00,Guayas,Costa,Estándar urbano,Corporativo,6.1,142.4,0,,15.7,6.4
LA-000700,2026-02-22 12:59:00,Guayas,Costa,Estándar urbano,Comercio minorista,8.4,183.6,0,,19.31,26.0
LA-003619,2026-02-22 13:01:00,Azuay,Sierra,Estándar urbano,PyME,7.6,128.5,0,,15.05,12.0
LA-000716,2026-02-22 13:25:00,Guayas,Costa,Estándar urbano,PyME,6.4,132.2,0,,17.77,9.5
LA-002343,2026-02-22 13:40:00,Pichincha,Sierra,Estándar urbano,PyME,6.7,164.4,0,,31.77,16.0
LA-000608,2026-02-22 14:40:00,Guayas,Costa,Estándar urbano,Comercio minorista,8.1,143.7,0,,25.51,3.6
LA-002399,2026-02-22 14:46:00,Pichincha,Sierra,Estándar urbano,Comercio minorista,7.4,125.4,0,,30.23,5.1
LA-004286,2026-02-22 14:47:00,Manabí,Costa,Estándar urbano,Comercio minorista,10.5,190.0,0,,15.02,6.1
LA-005625,2026-02-22 15:26:00,Loja,Sierra,Express,Comercio minorista,9.0,108.4,0,,28.3,11.0
LA-002229,2026-02-22 16:27:00,Pichincha,Sierra,Estándar urbano,PyME,10.3,191.4,0,,14.91,18.9
LA-004998,2026-02-22 16:37:00,Tungurahua,Sierra,Estándar urbano,PyME,8.8,77.3,0,,33.0,6.3
LA-004262,2026-02-22 16:39:00,Manabí,Costa,Estándar urbano,PyME,8.2,151.7,0,,16.76,23.2
LA-002385,2026-02-22 16:53:00,Pichincha,Sierra,Estándar urbano,Comercio minorista,9.0,147.2,0,,17.82,4.8
LA-005095,2026-02-22 17:00:00,Tungurahua,Sierra,Express,PyME,9.3,47.5,0,,40.26,3.5
LA-000743,2026-02-22 17:31:00,Guayas,Costa,Estándar urbano,Corporativo,5.5,150.6,0,,23.27,4.7
LA-002553,2026-02-22 17:32:00,Pichincha,Sierra,Express,PyME,10.5,86.2,0,,19.79,3.3
LA-003520,2026-02-22 17:45:00,Azuay,Sierra,Estándar urbano,Comercio minorista,8.4,88.5,0,,34.06,7.6
LA-005526,2026-02-22 17:59:00,Loja,Sierra,Estándar urbano,PyME,5.1,243.4,0,,28.41,18.8
LA-002584,2026-02-22 18:19:00,Pichincha,Sierra,Express,PyME,11.5,126.7,0,,23.31,13.0
LA-004291,2026-02-22 19:08:00,Manabí,Costa,Estándar urbano,PyME,10.4,215.1,0,,25.54,3.4
LA-000537,2026-02-22 19:45:00,Guayas,Costa,Estándar urbano,Corporativo,9.3,77.9,0,,33.81,7.0
LA-003720,2026-02-23 07:08:00,Azuay,Sierra,Programado,Comercio minorista,6.4,106.8,0,,17.46,3.7
LA-003637,2026-02-23 07:29:00,Azuay,Sierra,Estándar urbano,Comercio minorista,7.7,125.9,0,,17.8,6.3
LA-002499,2026-02-23 07:31:00,Pichincha,Sierra,Express,Corporativo,8.7,116.0,0,,30.52,17.4
LA-000882,2026-02-23 07:39:00,Guayas,Costa,Express,Corporativo,7.4,88.5,0,,33.64,8.0
LA-005072,2026-02-23 07:41:00,Tungurahua,Sierra,Express,PyME,7.2,28.0,0,,31.95,1.0
LA-003636,2026-02-23 07:44:00,Azuay,Sierra,Estándar urbano,Comercio minorista,11.3,138.4,0,,6.5,3.8
LA-004989,2026-02-23 08:16:00,Tungurahua,Sierra,Estándar urbano,PyME,5.4,116.5,0,,17.2,6.6
LA-000540,2026-02-23 08:27:00,Guayas,Costa,Estándar urbano,Corporativo,7.7,186.4,0,,41.78,30.8
LA-002257,2026-02-23 08:32:00,Pichincha,Sierra,Estándar urbano,Corporativo,8.1,235.4,0,,40.36,16.3
LA-000679,2026-02-23 08:39:00,Guayas,Costa,Estándar urbano,Corporativo,10.9,238.6,0,,49.34,7.0
LA-001011,2026-02-23 08:48:00,Guayas,Costa,Programado,PyME,9.6,156.9,0,,25.13,11.0
LA-003711,2026-02-23 09:04:00,Azuay,Sierra,Programado,PyME,5.9,138.1,0,,24.79,2.1
LA-000850,2026-02-23 09:19:00,Guayas,Costa,Express,Corporativo,8.5,78.4,0,,35.03,14.1
LA-002355,2026-02-23 09:31:00,Pichincha,Sierra,Estándar urbano,Comercio minorista,5.6,57.0,0,,11.4,4.1
LA-000687,2026-02-23 09:32:00,Guayas,Costa,Estándar urbano,PyME,10.7,159.7,0,,26.05,7.7
LA-004983,2026-02-23 09:46:00,Tungurahua,Sierra,Estándar urbano,Comercio minorista,5.5,97.6,0,,12.87,10.9
LA-003474,2026-02-23 10:07:00,Azuay,Sierra,Estándar urbano,Comercio minorista,4.1,112.1,0,,12.68,1.8
LA-000922,2026-02-23 10:10:00,Guayas,Costa,Express,Comercio minorista,9.2,143.6,0,,35.3,40.4
LA-004995,2026-02-23 10:18:00,Tungurahua,Sierra,Estándar urbano,Comercio minorista,7.0,80.2,0,,12.63,7.5
LA-005513,2026-02-23 10:20:00,Loja,Sierra,Estándar urbano,PyME,8.6,158.3,0,,28.74,17.4
LA-005607,2026-02-23 10:25:00,Loja,Sierra,Estándar urbano,Comercio minorista,8.1,160.0,0,,16.29,5.6
LA-005544,2026-02-23 10:31:00,Loja,Sierra,Estándar urbano,PyME,6.8,235.0,0,,19.84,45.0
LA-002203,2026-02-23 10:35:00,Pichincha,Sierra,Estándar urbano,Corporativo,9.3,51.7,0,,24.88,4.1
LA-003527,2026-02-23 10:40:00,Azuay,Sierra,Estándar urbano,Comercio minorista,9.6,116.2,0,,16.07,11.6
LA-002236,2026-02-23 10:46:00,Pichincha,Sierra,Estándar urbano,Corporativo,8.1,87.9,0,,34.7,10.5
LA-000971,2026-02-23 10:50:00,Guayas,Costa,Express,Comercio minorista,10.3,146.0,0,,40.16,8.0
LA-000585,2026-02-23 10:55:00,Guayas,Costa,Estándar urbano,PyME,7.0,154.1,0,,16.7,6.1
LA-005651,2026-02-23 10:57:00,Loja,Sierra,Programado,Comercio minorista,8.5,206.4,0,,14.98,17.9
LA-005103,2026-02-23 11:28:00,Tungurahua,Sierra,Express,PyME,7.3,87.0,0,,19.08,6.8
LA-005070,2026-02-23 11:29:00,Tungurahua,Sierra,Estándar urbano,PyME,6.8,159.1,0,,10.6,21.8
LA-000544,2026-02-23 11:43:00,Guayas,Costa,Estándar urbano,PyME,4.8,198.1,0,,14.15,4.5
LA-003535,2026-02-23 11:55:00,Azuay,Sierra,Estándar urbano,Comercio minorista,7.9,98.3,0,,14.47,6.5
LA-005075,2026-02-23 12:08:00,Tungurahua,Sierra,Express,PyME,8.7,67.4,0,,27.81,6.7
LA-003616,2026-02-23 12:47:00,Azuay,Sierra,Estándar urbano,PyME,8.6,120.9,0,,26.32,9.7
LA-004958,2026-02-23 12:48:00,Tungurahua,Sierra,Estándar urbano,Comercio minorista,5.9,111.3,0,,12.85,6.3
LA-005632,2026-02-23 13:04:00,Loja,Sierra,Programado,Comercio minorista,9.2,166.1,0,,18.18,10.2
LA-004969,2026-02-23 13:16:00,Tungurahua,Sierra,Estándar urbano,Comercio minorista,8.5,97.8,0,,21.48,2.5
LA-002657,2026-02-23 13:18:00,Pichincha,Sierra,Programado,Comercio minorista,7.0,133.6,0,,18.47,4.6
LA-002558,2026-02-23 13:43:00,Pichincha,Sierra,Express,Comercio minorista,9.5,72.8,0,,21.34,12.5
LA-005604,2026-02-23 13:50:00,Loja,Sierra,Estándar urbano,PyME,6.1,149.1,0,,22.54,13.5
LA-004388,2026-02-23 13:51:00,Manabí,Costa,Express,Comercio minorista,12.7,135.0,0,,23.96,3.4
LA-003722,2026-02-23 13:54:00,Azuay,Sierra,Programado,PyME,7.8,188.2,0,,36.15,25.0
LA-005125,2026-02-23 14:11:00,Tungurahua,Sierra,Programado,PyME,5.1,170.5,0,,37.16,15.9
LA-000889,2026-02-23 14:19:00,Guayas,Costa,Express,Comercio minorista,8.7,106.6,0,,48.88,18.0
LA-004242,2026-02-23 14:21:00,Manabí,Costa,Estándar urbano,PyME,6.5,143.4,0,,17.13,21.4
LA-004248,2026-02-23 14:26:00,Manabí,Costa,Estándar urbano,Comercio minorista,6.8,155.4,0,,13.3,30.1
LA-005606,2026-02-23 14:39:00,Loja,Sierra,Estándar urbano,PyME,8.3,157.6,0,,13.66,13.0
LA-002322,2026-02-23 14:46:00,Pichincha,Sierra,Estándar urbano,Comercio minorista,8.3,144.9,0,,20.97,9.9
LA-004455,2026-02-23 14:47:00,Manabí,Costa,Programado,PyME,9.8,138.3,0,,43.52,13.6
LA-002282,2026-02-23 14:50:00,Pichincha,Sierra,Estándar urbano,Corporativo,7.1,152.7,0,,20.04,6.6
LA-000707,2026-02-23 15:01:00,Guayas,Costa,Estándar urbano,Corporativo,8.2,248.8,0,,28.46,45.0
LA-004258,2026-02-23 15:01:00,Manabí,Costa,Estándar urbano,PyME,11.4,153.6,0,,10.87,7.5
LA-005573,2026-02-23 15:04:00,Loja,Sierra,Estándar urbano,Comercio minorista,11.2,143.8,0,,12.18,9.9
LA-002548,2026-02-23 15:08:00,Pichincha,Sierra,Express,PyME,8.9,68.2,0,,13.7,2.3
LA-004927,2026-02-23 15:09:00,Tungurahua,Sierra,Estándar urbano,PyME,6.7,118.9,0,,14.22,7.7
LA-004290,2026-02-23 15:23:00,Manabí,Costa,Estándar urbano,PyME,10.6,90.3,1,Demora en atención,19.25,3.5
LA-002409,2026-02-23 15:36:00,Pichincha,Sierra,Estándar urbano,PyME,6.8,137.8,0,,25.07,2.5
LA-000733,2026-02-23 15:44:00,Guayas,Costa,Estándar urbano,Corporativo,10.8,136.0,0,,16.94,15.4
LA-005517,2026-02-23 15:47:00,Loja,Sierra,Estándar urbano,PyME,6.8,162.6,0,,21.31,2.9
LA-005122,2026-02-23 15:53:00,Tungurahua,Sierra,Programado,Comercio minorista,4.5,147.8,0,,17.06,18.3
LA-001006,2026-02-23 16:15:00,Guayas,Costa,Express,Comercio minorista,10.2,134.2,0,,28.57,8.4
LA-003676,2026-02-23 16:17:00,Azuay,Sierra,Express,PyME,8.1,76.6,0,,34.7,2.9
LA-000642,2026-02-23 16:18:00,Guayas,Costa,Estándar urbano,PyME,9.1,155.9,0,,25.92,13.5
LA-005650,2026-02-23 16:58:00,Loja,Sierra,Programado,Comercio minorista,6.2,133.6,1,Paquete con incidencia,14.69,7.2
LA-005519,2026-02-23 17:00:00,Loja,Sierra,Estándar urbano,Corporativo,4.9,180.0,0,,27.29,9.8
LA-004966,2026-02-23 17:20:00,Tungurahua,Sierra,Estándar urbano,PyME,4.2,124.7,0,,24.75,6.3
LA-004982,2026-02-24 07:13:00,Tungurahua,Sierra,Estándar urbano,PyME,5.3,137.1,0,,19.12,10.1
LA-002556,2026-02-24 07:21:00,Pichincha,Sierra,Express,Corporativo,6.6,52.1,0,,35.26,4.2
LA-005594,2026-02-24 07:24:00,Loja,Sierra,Estándar urbano,Comercio minorista,8.6,115.2,0,,10.26,16.2
LA-005116,2026-02-24 07:33:00,Tungurahua,Sierra,Programado,Corporativo,2.8,151.4,0,,31.18,3.9
LA-003686,2026-02-24 07:43:00,Azuay,Sierra,Express,Corporativo,7.3,56.5,0,,37.7,2.4
LA-003615,2026-02-24 07:47:00,Azuay,Sierra,Estándar urbano,Comercio minorista,6.4,97.7,0,,23.99,3.5
LA-002388,2026-02-24 07:51:00,Pichincha,Sierra,Estándar urbano,Corporativo,7.0,102.4,1,Falta de actualización,11.9,4.5
LA-003647,2026-02-24 07:52:00,Azuay,Sierra,Express,Comercio minorista,8.0,67.6,0,,25.3,9.5
LA-003603,2026-02-24 08:02:00,Azuay,Sierra,Estándar urbano,Comercio minorista,10.7,132.5,0,,28.14,16.1
LA-003495,2026-02-24 08:05:00,Azuay,Sierra,Estándar urbano,PyME,6.5,130.5,0,,22.93,19.2
LA-000989,2026-02-24 08:17:00,Guayas,Costa,Express,Comercio minorista,8.9,127.4,0,,17.46,7.4
LA-001015,2026-02-24 08:18:00,Guayas,Costa,Programado,Comercio minorista,6.6,173.7,0,,16.77,4.4
LA-004407,2026-02-24 08:28:00,Manabí,Costa,Express,Comercio minorista,7.1,61.3,0,,17.62,15.7
LA-001082,2026-02-24 09:04:00,Guayas,Costa,Programado,PyME,9.5,236.0,0,,29.05,26.3
LA-002494,2026-02-24 09:12:00,Pichincha,Sierra,Express,Comercio minorista,8.7,93.8,0,,17.18,5.3
LA-004968,2026-02-24 09:16:00,Tungurahua,Sierra,Estándar urbano,Comercio minorista,6.9,121.4,0,,10.66,7.0
LA-004405,2026-02-24 09:19:00,Manabí,Costa,Express,PyME,10.3,104.3,0,,26.2,29.0
LA-004261,2026-02-24 09:29:00,Manabí,Costa,Estándar urbano,Comercio minorista,10.3,131.7,0,,16.27,13.4
LA-002544,2026-02-24 09:43:00,Pichincha,Sierra,Express,Comercio minorista,10.9,82.7,0,,30.52,9.6
LA-003613,2026-02-24 09:52:00,Azuay,Sierra,Estándar urbano,Comercio minorista,6.2,142.6,0,,13.96,12.2
LA-003699,2026-02-24 09:56:00,Azuay,Sierra,Programado,PyME,10.2,165.4,0,,31.01,20.5
LA-004302,2026-02-24 10:06:00,Manabí,Costa,Estándar urbano,Comercio minorista,11.2,72.4,0,,34.36,13.8
LA-002387,2026-02-24 10:12:00,Pichincha,Sierra,Estándar urbano,Comercio minorista,6.1,155.6,0,,13.74,4.4
LA-002234,2026-02-24 10:17:00,Pichincha,Sierra,Estándar urbano,PyME,3.8,129.3,0,,24.89,4.4
LA-000942,2026-02-24 10:32:00,Guayas,Costa,Express,Comercio minorista,8.8,103.6,0,,21.03,5.6
LA-004377,2026-02-24 10:41:00,Manabí,Costa,Estándar urbano,Comercio minorista,9.1,373.1,1,Falta de actualización,11.07,7.4
LA-002611,2026-02-24 11:02:00,Pichincha,Sierra,Programado,Corporativo,3.9,149.2,0,,27.76,3.2
LA-005094,2026-02-24 11:15:00,Tungurahua,Sierra,Express,Comercio minorista,11.2,87.9,0,,19.38,2.2
LA-002375,2026-02-24 11:16:00,Pichincha,Sierra,Estándar urbano,PyME,7.2,114.3,0,,24.31,3.1
LA-005079,2026-02-24 11:21:00,Tungurahua,Sierra,Express,PyME,8.2,86.6,0,,9.91,1.7
LA-002308,2026-02-24 11:23:00,Pichincha,Sierra,Estándar urbano,Comercio minorista,3.9,145.2,0,,15.76,5.7
LA-000718,2026-02-24 11:40:00,Guayas,Costa,Estándar urbano,PyME,7.9,102.1,0,,19.07,5.0
LA-000671,2026-02-24 12:03:00,Guayas,Costa,Estándar urbano,PyME,9.0,94.1,0,,24.79,2.6
LA-005102,2026-02-24 12:03:00,Tungurahua,Sierra,Express,Corporativo,8.6,90.1,0,,16.11,9.9
LA-000573,2026-02-24 12:07:00,Guayas,Costa,Estándar urbano,Comercio minorista,7.5,121.2,0,,17.17,16.1
LA-002511,2026-02-24 12:08:00,Pichincha,Sierra,Express,PyME,9.9,36.3,0,,21.64,3.2
LA-000651,2026-02-24 12:12:00,Guayas,Costa,Estándar urbano,Comercio minorista,9.9,128.5,0,,13.41,6.7
LA-002307,2026-02-24 12:22:00,Pichincha,Sierra,Estándar urbano,Comercio minorista,9.9,100.1,0,,18.01,3.2
LA-002466,2026-02-24 12:31:00,Pichincha,Sierra,Express,Corporativo,6.9,47.6,0,,44.41,2.2
LA-003566,2026-02-24 12:46:00,Azuay,Sierra,Estándar urbano,Comercio minorista,5.5,104.5,0,,15.88,10.4
LA-004454,2026-02-24 12:46:00,Manabí,Costa,Programado,Comercio minorista,8.6,197.9,0,,18.5,18.2
LA-002525,2026-02-24 12:46:00,Pichincha,Sierra,Express,PyME,9.0,53.1,0,,31.85,3.1
LA-004274,2026-02-24 12:52:00,Manabí,Costa,Estándar urbano,PyME,9.7,43.2,0,,23.97,2.2
LA-001058,2026-02-24 12:53:00,Guayas,Costa,Programado,PyME,6.6,219.5,0,,16.86,15.1
LA-000533,2026-02-24 13:06:00,Guayas,Costa,Estándar urbano,Comercio minorista,9.9,208.2,0,,18.96,12.9
LA-003706,2026-02-24 13:21:00,Azuay,Sierra,Programado,Comercio minorista,6.3,172.6,0,,27.29,16.5
LA-004963,2026-02-24 13:25:00,Tungurahua,Sierra,Estándar urbano,Comercio minorista,7.8,105.9,0,,9.88,7.1
LA-005027,2026-02-24 13:34:00,Tungurahua,Sierra,Estándar urbano,Corporativo,7.0,129.1,0,,22.84,9.7
LA-000759,2026-02-24 13:41:00,Guayas,Costa,Estándar urbano,Comercio minorista,8.2,168.1,0,,10.46,5.8
LA-000578,2026-02-24 13:43:00,Guayas,Costa,Estándar urbano,PyME,6.8,209.0,0,,18.36,18.7
LA-000797,2026-02-24 13:57:00,Guayas,Costa,Estándar urbano,PyME,8.8,170.2,0,,23.33,7.4
LA-002626,2026-02-24 14:17:00,Pichincha,Sierra,Programado,Comercio minorista,8.1,145.5,0,,28.47,11.7
LA-002622,2026-02-24 14:22:00,Pichincha,Sierra,Programado,Comercio minorista,7.1,148.0,0,,23.56,3.0
LA-002249,2026-02-24 14:37:00,Pichincha,Sierra,Estándar urbano,Comercio minorista,8.4,117.2,0,,26.03,8.7
LA-000649,2026-02-24 14:38:00,Guayas,Costa,Estándar urbano,PyME,11.5,124.6,0,,19.19,8.8
LA-001024,2026-02-24 14:38:00,Guayas,Costa,Programado,Comercio minorista,8.4,144.1,0,,20.23,9.3
LA-005007,2026-02-24 14:50:00,Tungurahua,Sierra,Estándar urbano,PyME,7.5,131.9,0,,15.95,18.3
LA-004459,2026-02-24 14:53:00,Manabí,Costa,Programado,Comercio minorista,6.6,154.7,0,,17.09,14.5
LA-002303,2026-02-24 15:05:00,Pichincha,Sierra,Estándar urbano,Comercio minorista,7.3,125.9,0,,15.9,11.8
LA-001016,2026-02-24 15:15:00,Guayas,Costa,Programado,Corporativo,8.6,169.6,0,,26.11,5.2
LA-000931,2026-02-24 15:25:00,Guayas,Costa,Express,Corporativo,7.9,97.8,0,,41.1,12.0
LA-002368,2026-02-24 16:31:00,Pichincha,Sierra,Estándar urbano,Comercio minorista,10.6,131.6,0,,17.27,5.8
LA-000900,2026-02-24 16:38:00,Guayas,Costa,Express,PyME,10.0,142.2,0,,41.56,11.0
LA-005514,2026-02-24 17:40:00,Loja,Sierra,Estándar urbano,Comercio minorista,4.1,155.8,0,,22.57,16.1
LA-002646,2026-02-24 18:29:00,Pichincha,Sierra,Programado,Corporativo,6.9,119.8,0,,30.67,1.8
LA-004279,2026-02-24 19:25:00,Manabí,Costa,Estándar urbano,Comercio minorista,7.5,222.2,0,,13.28,30.7
LA-003565,2026-02-25 07:03:00,Azuay,Sierra,Estándar urbano,PyME,7.6,94.5,0,,14.09,1.2
LA-002481,2026-02-25 07:28:00,Pichincha,Sierra,Express,Comercio minorista,9.7,98.6,0,,26.03,15.9
LA-002644,2026-02-25 07:31:00,Pichincha,Sierra,Programado,PyME,7.5,148.7,0,,52.46,5.3
LA-005022,2026-02-25 07:32:00,Tungurahua,Sierra,Estándar urbano,PyME,3.9,127.8,0,,25.82,12.8
LA-003728,2026-02-25 07:45:00,Azuay,Sierra,Programado,Corporativo,6.5,153.8,0,,37.03,15.8
LA-003521,2026-02-25 07:58:00,Azuay,Sierra,Estándar urbano,PyME,9.5,113.9,0,,15.78,2.3
LA-005085,2026-02-25 07:58:00,Tungurahua,Sierra,Express,Comercio minorista,11.7,71.7,0,,28.92,6.5
LA-001087,2026-02-25 08:22:00,Guayas,Costa,Programado,PyME,4.9,138.3,0,,18.03,2.3
LA-005088,2026-02-25 08:32:00,Tungurahua,Sierra,Express,PyME,5.8,50.9,0,,31.84,2.9
LA-000730,2026-02-25 08:39:00,Guayas,Costa,Estándar urbano,PyME,4.6,208.3,0,,22.88,16.3
LA-002187,2026-02-25 08:51:00,Pichincha,Sierra,Estándar urbano,Comercio minorista,6.8,125.9,0,,16.64,9.6
LA-005024,2026-02-25 09:20:00,Tungurahua,Sierra,Estándar urbano,PyME,7.4,76.7,0,,16.41,1.0
LA-002404,2026-02-25 09:49:00,Pichincha,Sierra,Estándar urbano,Comercio minorista,6.0,151.3,0,,12.53,11.5
LA-002417,2026-02-25 10:01:00,Pichincha,Sierra,Estándar urbano,PyME,6.9,137.0,0,,37.4,3.5
LA-002504,2026-02-25 10:07:00,Pichincha,Sierra,Express,Corporativo,10.3,58.4,0,,50.97,2.7
LA-003687,2026-02-25 10:24:00,Azuay,Sierra,Express,Comercio minorista,6.0,76.4,0,,22.94,14.2
LA-002572,2026-02-25 10:36:00,Pichincha,Sierra,Express,Corporativo,8.0,87.4,0,,51.75,13.6
LA-001008,2026-02-25 10:44:00,Guayas,Costa,Express,Comercio minorista,9.7,110.8,0,,25.65,7.4
LA-003570,2026-02-25 10:47:00,Azuay,Sierra,Estándar urbano,Corporativo,9.7,109.6,0,,23.56,6.2
LA-000806,2026-02-25 10:50:00,Guayas,Costa,Estándar urbano,PyME,7.7,115.7,0,,38.84,20.5
LA-002268,2026-02-25 11:04:00,Pichincha,Sierra,Estándar urbano,Corporativo,4.1,99.4,0,,36.17,3.1
LA-005611,2026-02-25 11:12:00,Loja,Sierra,Express,PyME,6.8,120.5,0,,10.45,7.5
LA-003583,2026-02-25 11:14:00,Azuay,Sierra,Estándar urbano,Comercio minorista,8.1,114.5,0,,10.63,5.7
LA-002477,2026-02-25 11:29:00,Pichincha,Sierra,Express,PyME,7.9,70.0,0,,23.16,5.1
LA-003556,2026-02-25 11:37:00,Azuay,Sierra,Estándar urbano,Comercio minorista,7.4,123.9,0,,18.22,3.6
LA-004996,2026-02-25 11:50:00,Tungurahua,Sierra,Estándar urbano,Corporativo,4.7,95.8,0,,29.8,8.5
LA-003508,2026-02-25 11:52:00,Azuay,Sierra,Estándar urbano,PyME,9.0,109.8,0,,17.45,1.6
LA-000839,2026-02-25 11:55:00,Guayas,Costa,Express,Comercio minorista,9.8,28.0,0,,30.2,1.0
LA-004252,2026-02-25 11:55:00,Manabí,Costa,Estándar urbano,Corporativo,7.2,193.6,0,,57.25,10.3
LA-004393,2026-02-25 12:03:00,Manabí,Costa,Express,Comercio minorista,12.3,47.9,0,,20.17,6.6
LA-002193,2026-02-25 12:30:00,Pichincha,Sierra,Estándar urbano,PyME,5.0,125.7,0,,13.81,3.7
LA-002591,2026-02-25 12:49:00,Pichincha,Sierra,Express,PyME,7.4,88.5,0,,54.95,15.0
LA-004440,2026-02-25 12:53:00,Manabí,Costa,Programado,Comercio minorista,5.9,148.3,0,,17.27,7.8
LA-001051,2026-02-25 12:57:00,Guayas,Costa,Programado,Corporativo,7.6,159.0,0,,40.44,5.8
LA-005641,2026-02-25 13:08:00,Loja,Sierra,Programado,Corporativo,9.0,199.4,0,,16.01,12.9
LA-003487,2026-02-25 13:18:00,Azuay,Sierra,Estándar urbano,PyME,8.0,131.6,0,,15.86,4.8
LA-005613,2026-02-25 13:21:00,Loja,Sierra,Express,PyME,10.3,161.8,0,,36.39,8.2
LA-002469,2026-02-25 13:22:00,Pichincha,Sierra,Express,Comercio minorista,12.9,101.3,0,,17.35,8.1
LA-002218,2026-02-25 13:25:00,Pichincha,Sierra,Estándar urbano,PyME,8.8,142.5,0,,36.3,14.1
LA-002397,2026-02-25 13:26:00,Pichincha,Sierra,Estándar urbano,Corporativo,9.6,143.2,0,,35.73,18.0
LA-002276,2026-02-25 13:47:00,Pichincha,Sierra,Estándar urbano,PyME,9.8,126.6,0,,17.24,9.4
LA-000597,2026-02-25 14:03:00,Guayas,Costa,Estándar urbano,Comercio minorista,6.3,126.0,0,,21.76,11.0
LA-000599,2026-02-25 14:05:00,Guayas,Costa,Estándar urbano,Comercio minorista,11.5,122.4,0,,16.38,5.8
LA-004424,2026-02-25 14:06:00,Manabí,Costa,Express,Comercio minorista,7.0,50.0,0,,28.59,11.1
LA-003678,2026-02-25 14:07:00,Azuay,Sierra,Express,Comercio minorista,6.2,105.9,0,,16.4,7.2
LA-004343,2026-02-25 14:08:00,Manabí,Costa,Estándar urbano,PyME,8.3,216.0,0,,9.86,10.5
LA-002471,2026-02-25 14:17:00,Pichincha,Sierra,Express,Comercio minorista,11.1,75.3,1,Demora en atención,20.74,4.8
LA-004997,2026-02-25 14:27:00,Tungurahua,Sierra,Estándar urbano,PyME,6.2,117.3,0,,25.79,6.0
LA-002568,2026-02-25 14:30:00,Pichincha,Sierra,Express,Comercio minorista,10.7,101.2,0,,36.38,6.5
LA-002407,2026-02-25 14:32:00,Pichincha,Sierra,Estándar urbano,Corporativo,7.5,155.1,0,,48.87,3.0
LA-004238,2026-02-25 15:19:00,Manabí,Costa,Estándar urbano,PyME,9.2,71.0,0,,23.87,2.5
LA-002609,2026-02-25 15:32:00,Pichincha,Sierra,Programado,Comercio minorista,7.5,156.4,0,,31.69,11.0
LA-005106,2026-02-25 15:40:00,Tungurahua,Sierra,Express,PyME,10.0,94.1,0,,34.52,1.0
LA-000637,2026-02-25 15:47:00,Guayas,Costa,Estándar urbano,PyME,4.0,79.5,0,,18.86,1.4
LA-003501,2026-02-25 15:51:00,Azuay,Sierra,Estándar urbano,Comercio minorista,6.3,144.0,0,,27.54,7.3
LA-003482,2026-02-25 15:57:00,Azuay,Sierra,Estándar urbano,Comercio minorista,7.1,106.7,0,,8.06,2.2
LA-000925,2026-02-25 16:04:00,Guayas,Costa,Express,PyME,11.0,134.1,0,,19.09,10.0
LA-005529,2026-02-25 16:08:00,Loja,Sierra,Estándar urbano,Comercio minorista,4.8,157.9,0,,21.45,12.8
LA-000794,2026-02-25 16:31:00,Guayas,Costa,Estándar urbano,PyME,8.4,95.3,0,,28.4,6.0
LA-002270,2026-02-25 16:59:00,Pichincha,Sierra,Estándar urbano,PyME,4.9,121.6,0,,38.42,6.0
LA-003486,2026-02-25 17:10:00,Azuay,Sierra,Estándar urbano,Comercio minorista,7.9,125.4,0,,8.86,8.2
LA-005553,2026-02-25 17:26:00,Loja,Sierra,Estándar urbano,PyME,9.3,172.4,0,,14.01,22.2
LA-003560,2026-02-25 18:04:00,Azuay,Sierra,Estándar urbano,Comercio minorista,4.2,105.7,0,,18.22,1.2
LA-000819,2026-02-25 18:17:00,Guayas,Costa,Express,Comercio minorista,8.7,126.3,1,Demora en entrega,31.38,1.0
LA-004370,2026-02-25 18:32:00,Manabí,Costa,Estándar urbano,Comercio minorista,7.8,258.1,0,,16.98,45.0
LA-000684,2026-02-25 18:33:00,Guayas,Costa,Estándar urbano,PyME,9.4,132.8,0,,10.31,1.0
LA-005119,2026-02-25 19:05:00,Tungurahua,Sierra,Programado,Corporativo,7.3,132.5,0,,34.47,8.7
LA-002561,2026-02-26 07:03:00,Pichincha,Sierra,Express,PyME,9.1,58.9,0,,49.21,12.0
LA-001057,2026-02-26 07:09:00,Guayas,Costa,Programado,Comercio minorista,5.3,142.2,0,,32.86,10.7
LA-003491,2026-02-26 07:22:00,Azuay,Sierra,Estándar urbano,PyME,3.4,130.7,0,,16.64,5.5
LA-000755,2026-02-26 07:48:00,Guayas,Costa,Estándar urbano,Comercio minorista,8.7,124.4,0,,19.92,9.9
LA-000683,2026-02-26 07:55:00,Guayas,Costa,Estándar urbano,PyME,8.6,103.6,0,,14.39,7.0
LA-002534,2026-02-26 08:21:00,Pichincha,Sierra,Express,Comercio minorista,12.0,85.3,0,,27.94,18.9
LA-002491,2026-02-26 08:37:00,Pichincha,Sierra,Express,Comercio minorista,8.8,92.1,0,,30.37,13.0
LA-005010,2026-02-26 08:37:00,Tungurahua,Sierra,Estándar urbano,Comercio minorista,7.6,83.5,0,,12.8,8.2
LA-003632,2026-02-26 09:15:00,Azuay,Sierra,Estándar urbano,Comercio minorista,6.9,129.5,0,,19.44,9.2
LA-005060,2026-02-26 09:42:00,Tungurahua,Sierra,Estándar urbano,Comercio minorista,8.9,132.1,0,,26.81,10.5
LA-000667,2026-02-26 09:43:00,Guayas,Costa,Estándar urbano,PyME,7.4,348.4,0,,28.69,11.9
LA-005096,2026-02-26 10:15:00,Tungurahua,Sierra,Express,Corporativo,5.6,43.6,0,,41.91,5.5
LA-005137,2026-02-26 10:15:00,Tungurahua,Sierra,Programado,PyME,6.3,123.9,0,,18.08,9.9
LA-000666,2026-02-26 10:18:00,Guayas,Costa,Estándar urbano,PyME,5.3,104.8,1,Falta de actualización,41.36,9.5
LA-005538,2026-02-26 10:23:00,Loja,Sierra,Estándar urbano,PyME,9.8,156.9,0,,21.02,4.6
LA-004427,2026-02-26 10:49:00,Manabí,Costa,Express,Corporativo,8.4,139.8,0,,30.48,6.6
LA-003590,2026-02-26 10:54:00,Azuay,Sierra,Estándar urbano,PyME,4.4,113.1,0,,32.82,7.7
LA-002562,2026-02-26 11:02:00,Pichincha,Sierra,Express,Comercio minorista,8.7,95.2,0,,27.08,6.2
LA-001050,2026-02-26 11:09:00,Guayas,Costa,Programado,Comercio minorista,8.9,96.7,0,,21.67,3.2
LA-004443,2026-02-26 11:26:00,Manabí,Costa,Programado,Corporativo,8.6,165.1,0,,34.43,11.5
LA-005640,2026-02-26 11:29:00,Loja,Sierra,Programado,PyME,3.7,185.9,0,,35.75,9.0
LA-002533,2026-02-26 11:30:00,Pichincha,Sierra,Express,Comercio minorista,7.7,77.1,0,,17.54,4.3
LA-004437,2026-02-26 11:36:00,Manabí,Costa,Programado,Corporativo,9.7,162.0,0,,32.92,6.9
LA-005067,2026-02-26 11:40:00,Tungurahua,Sierra,Estándar urbano,Comercio minorista,11.3,100.8,0,,11.47,7.4
LA-002211,2026-02-26 11:44:00,Pichincha,Sierra,Estándar urbano,Comercio minorista,7.4,110.4,0,,25.88,8.1
LA-002628,2026-02-26 11:49:00,Pichincha,Sierra,Programado,Comercio minorista,2.2,127.0,0,,44.29,7.9
LA-005058,2026-02-26 11:50:00,Tungurahua,Sierra,Estándar urbano,Comercio minorista,7.1,106.2,0,,9.02,5.0
LA-002500,2026-02-26 11:51:00,Pichincha,Sierra,Express,Comercio minorista,8.7,29.8,0,,17.35,5.2
LA-000639,2026-02-26 12:06:00,Guayas,Costa,Estándar urbano,Comercio minorista,9.0,142.1,0,,15.04,4.3
LA-000765,2026-02-26 12:11:00,Guayas,Costa,Estándar urbano,Comercio minorista,7.6,138.1,0,,17.05,8.8
LA-004360,2026-02-26 12:11:00,Manabí,Costa,Estándar urbano,Comercio minorista,9.9,233.2,0,,9.3,9.4
LA-002354,2026-02-26 12:13:00,Pichincha,Sierra,Estándar urbano,PyME,8.5,139.4,0,,35.68,7.6
LA-005011,2026-02-26 12:46:00,Tungurahua,Sierra,Estándar urbano,PyME,8.1,171.3,0,,18.65,5.9
LA-003515,2026-02-26 12:52:00,Azuay,Sierra,Estándar urbano,PyME,7.4,89.0,0,,24.75,4.6
LA-003543,2026-02-26 12:52:00,Azuay,Sierra,Estándar urbano,PyME,7.9,127.3,0,,21.05,17.2
LA-002323,2026-02-26 12:53:00,Pichincha,Sierra,Estándar urbano,PyME,7.8,142.6,0,,15.55,8.2
LA-002517,2026-02-26 13:01:00,Pichincha,Sierra,Express,Comercio minorista,9.4,78.9,0,,22.24,8.3
LA-005037,2026-02-26 13:06:00,Tungurahua,Sierra,Estándar urbano,Comercio minorista,8.1,290.8,0,,10.17,7.6
LA-000673,2026-02-26 13:17:00,Guayas,Costa,Estándar urbano,Comercio minorista,4.8,152.9,0,,16.75,6.3
LA-004936,2026-02-26 13:25:00,Tungurahua,Sierra,Estándar urbano,Comercio minorista,8.7,88.2,0,,14.29,1.5
LA-005509,2026-02-26 13:28:00,Loja,Sierra,Estándar urbano,Comercio minorista,5.1,186.2,0,,14.36,40.6
LA-003717,2026-02-26 13:48:00,Azuay,Sierra,Programado,PyME,4.0,134.6,0,,25.98,5.3
LA-003684,2026-02-26 13:50:00,Azuay,Sierra,Express,PyME,8.0,47.5,0,,21.56,3.1
LA-002243,2026-02-26 13:53:00,Pichincha,Sierra,Estándar urbano,Comercio minorista,8.7,129.8,0,,26.79,4.3
LA-003494,2026-02-26 14:04:00,Azuay,Sierra,Estándar urbano,Comercio minorista,8.9,109.0,0,,14.65,13.5
LA-005535,2026-02-26 14:10:00,Loja,Sierra,Estándar urbano,Corporativo,8.3,361.3,1,Demora en entrega,21.07,29.0
LA-001032,2026-02-26 14:11:00,Guayas,Costa,Programado,PyME,9.4,145.7,0,,38.92,8.9
LA-001048,2026-02-26 14:19:00,Guayas,Costa,Programado,Comercio minorista,7.7,179.5,0,,17.93,11.1
LA-002442,2026-02-26 14:28:00,Pichincha,Sierra,Express,Comercio minorista,11.1,80.2,0,,24.39,2.9
LA-003553,2026-02-26 14:30:00,Azuay,Sierra,Estándar urbano,Comercio minorista,7.1,95.4,0,,11.45,6.0
LA-003587,2026-02-26 14:31:00,Azuay,Sierra,Estándar urbano,Corporativo,5.7,135.9,0,,27.22,4.4
LA-005086,2026-02-26 14:45:00,Tungurahua,Sierra,Express,Comercio minorista,11.7,89.3,0,,28.66,24.9
LA-002321,2026-02-26 14:51:00,Pichincha,Sierra,Estándar urbano,PyME,5.2,147.7,0,,25.27,13.9
LA-000626,2026-02-26 14:53:00,Guayas,Costa,Estándar urbano,PyME,8.8,137.2,0,,22.62,10.5
LA-000866,2026-02-26 14:53:00,Guayas,Costa,Express,PyME,7.1,78.9,0,,21.95,7.8
LA-000751,2026-02-26 14:57:00,Guayas,Costa,Estándar urbano,Comercio minorista,6.5,125.6,0,,15.69,5.1
LA-004457,2026-02-26 15:08:00,Manabí,Costa,Programado,Comercio minorista,7.9,147.6,0,,18.54,6.5
LA-001068,2026-02-26 15:27:00,Guayas,Costa,Programado,Comercio minorista,7.9,181.6,0,,28.36,26.5
LA-005577,2026-02-26 15:32:00,Loja,Sierra,Estándar urbano,Comercio minorista,11.1,130.6,0,,21.23,12.2
LA-002431,2026-02-26 15:38:00,Pichincha,Sierra,Express,Comercio minorista,10.7,76.9,0,,18.52,11.0
LA-002301,2026-02-26 15:40:00,Pichincha,Sierra,Estándar urbano,Comercio minorista,9.1,99.2,0,,21.29,6.9
LA-000879,2026-02-26 15:55:00,Guayas,Costa,Express,Comercio minorista,9.1,101.6,0,,58.2,40.5
LA-002625,2026-02-26 15:56:00,Pichincha,Sierra,Programado,Corporativo,4.8,170.6,0,,17.84,16.8
LA-002557,2026-02-26 16:02:00,Pichincha,Sierra,Express,Comercio minorista,10.7,98.1,0,,29.77,11.9
LA-000676,2026-02-26 16:06:00,Guayas,Costa,Estándar urbano,PyME,6.3,185.3,0,,23.96,6.2
LA-000880,2026-02-26 16:15:00,Guayas,Costa,Express,PyME,8.4,152.7,0,,57.84,20.9
LA-005065,2026-02-26 17:57:00,Tungurahua,Sierra,Estándar urbano,Comercio minorista,8.6,115.9,0,,8.61,13.5
LA-000856,2026-02-26 18:32:00,Guayas,Costa,Express,Comercio minorista,11.0,142.1,0,,21.44,7.6
LA-001040,2026-02-26 18:35:00,Guayas,Costa,Programado,Comercio minorista,4.6,183.2,0,,19.97,11.1
LA-001079,2026-02-26 18:37:00,Guayas,Costa,Programado,PyME,7.0,166.1,0,,25.36,1.0
LA-004409,2026-02-26 18:52:00,Manabí,Costa,Express,PyME,9.3,117.2,1,Incumplimiento de horario,15.19,7.8
LA-004328,2026-02-26 19:10:00,Manabí,Costa,Estándar urbano,PyME,7.4,159.6,0,,17.77,29.6
LA-002186,2026-02-26 19:21:00,Pichincha,Sierra,Estándar urbano,Corporativo,6.2,107.8,0,,69.32,8.5
LA-002648,2026-02-27 07:03:00,Pichincha,Sierra,Programado,PyME,7.0,182.0,0,,36.81,17.8
LA-000861,2026-02-27 07:08:00,Guayas,Costa,Express,PyME,9.4,72.4,0,,26.45,1.0
LA-000918,2026-02-27 07:14:00,Guayas,Costa,Express,Comercio minorista,10.0,57.4,0,,36.51,5.9
LA-000550,2026-02-27 07:29:00,Guayas,Costa,Estándar urbano,PyME,4.6,144.0,0,,23.93,19.2
LA-003592,2026-02-27 07:38:00,Azuay,Sierra,Estándar urbano,Comercio minorista,5.9,118.9,0,,20.11,1.0
LA-000949,2026-02-27 07:39:00,Guayas,Costa,Express,Comercio minorista,10.6,59.2,0,,19.01,12.5
LA-002435,2026-02-27 07:46:00,Pichincha,Sierra,Express,Comercio minorista,11.0,90.7,0,,18.88,13.7
LA-002425,2026-02-27 09:00:00,Pichincha,Sierra,Express,Comercio minorista,5.7,28.0,0,,19.02,1.0
LA-004442,2026-02-27 09:04:00,Manabí,Costa,Programado,PyME,9.3,254.0,0,,19.33,12.1
LA-003688,2026-02-27 09:17:00,Azuay,Sierra,Express,Comercio minorista,3.5,57.3,0,,26.8,4.5
LA-003572,2026-02-27 09:22:00,Azuay,Sierra,Estándar urbano,PyME,8.6,137.6,0,,14.95,6.3
LA-003479,2026-02-27 09:25:00,Azuay,Sierra,Estándar urbano,Comercio minorista,5.6,94.5,0,,18.42,1.7
LA-002528,2026-02-27 09:31:00,Pichincha,Sierra,Express,Corporativo,8.7,79.2,0,,34.42,13.1
LA-000574,2026-02-27 09:38:00,Guayas,Costa,Estándar urbano,PyME,6.2,94.6,0,,18.82,5.7
LA-005614,2026-02-27 09:42:00,Loja,Sierra,Express,Comercio minorista,7.7,77.7,0,,27.51,10.4
LA-000766,2026-02-27 09:44:00,Guayas,Costa,Estándar urbano,Corporativo,7.5,129.5,0,,29.27,14.3
LA-002302,2026-02-27 09:45:00,Pichincha,Sierra,Estándar urbano,PyME,8.5,142.3,0,,28.55,11.5
LA-000605,2026-02-27 09:50:00,Guayas,Costa,Estándar urbano,Comercio minorista,10.1,128.6,0,,17.98,6.6
LA-002608,2026-02-27 09:51:00,Pichincha,Sierra,Programado,PyME,4.4,162.3,0,,20.27,6.4
LA-003511,2026-02-27 10:00:00,Azuay,Sierra,Estándar urbano,Comercio minorista,9.5,123.5,0,,20.17,10.3
LA-003490,2026-02-27 10:15:00,Azuay,Sierra,Estándar urbano,Comercio minorista,7.0,106.3,0,,15.79,3.7
LA-003489,2026-02-27 10:25:00,Azuay,Sierra,Estándar urbano,Comercio minorista,4.4,114.9,0,,23.42,7.1
LA-000963,2026-02-27 10:27:00,Guayas,Costa,Express,Comercio minorista,9.4,99.5,0,,24.34,13.9
LA-001055,2026-02-27 10:28:00,Guayas,Costa,Programado,Comercio minorista,7.5,195.7,0,,14.05,8.2
LA-000602,2026-02-27 10:32:00,Guayas,Costa,Estándar urbano,Comercio minorista,7.7,455.1,0,,20.04,18.6
LA-003597,2026-02-27 10:40:00,Azuay,Sierra,Estándar urbano,Corporativo,8.2,102.4,0,,28.95,4.3
LA-005608,2026-02-27 10:53:00,Loja,Sierra,Estándar urbano,Comercio minorista,7.9,106.1,0,,20.27,7.4
LA-002546,2026-02-27 10:56:00,Pichincha,Sierra,Express,PyME,9.0,44.9,0,,42.95,1.1
LA-002328,2026-02-27 11:03:00,Pichincha,Sierra,Estándar urbano,Comercio minorista,9.1,164.1,0,,18.96,6.5
LA-005019,2026-02-27 11:06:00,Tungurahua,Sierra,Estándar urbano,Corporativo,6.5,111.5,0,,13.62,3.7
LA-003531,2026-02-27 11:20:00,Azuay,Sierra,Estándar urbano,Comercio minorista,6.8,109.3,0,,13.89,7.0
LA-004935,2026-02-27 11:31:00,Tungurahua,Sierra,Estándar urbano,PyME,8.2,111.7,0,,19.72,8.9
LA-005592,2026-02-27 11:32:00,Loja,Sierra,Estándar urbano,PyME,9.6,146.0,0,,15.03,17.0
LA-002241,2026-02-27 11:54:00,Pichincha,Sierra,Estándar urbano,Comercio minorista,5.6,123.6,0,,11.95,6.8
LA-004326,2026-02-27 11:56:00,Manabí,Costa,Estándar urbano,Comercio minorista,8.8,82.4,0,,16.19,3.4
LA-000714,2026-02-27 11:58:00,Guayas,Costa,Estándar urbano,Comercio minorista,8.3,82.0,0,,29.6,11.5
LA-002357,2026-02-27 12:11:00,Pichincha,Sierra,Estándar urbano,Comercio minorista,7.1,133.7,0,,16.54,14.1
LA-000849,2026-02-27 12:15:00,Guayas,Costa,Express,Comercio minorista,7.6,77.4,0,,30.36,16.7
LA-004350,2026-02-27 12:22:00,Manabí,Costa,Estándar urbano,Comercio minorista,7.8,172.7,0,,25.2,3.5
LA-000641,2026-02-27 12:26:00,Guayas,Costa,Estándar urbano,Comercio minorista,6.8,90.6,1,Paquete con incidencia,20.99,5.2
LA-000664,2026-02-27 12:33:00,Guayas,Costa,Estándar urbano,Comercio minorista,11.7,423.2,0,,19.7,7.1
LA-002550,2026-02-27 12:45:00,Pichincha,Sierra,Express,PyME,4.8,96.4,0,,29.51,16.5
LA-002430,2026-02-27 12:53:00,Pichincha,Sierra,Express,PyME,5.7,90.5,0,,37.31,13.0
LA-002341,2026-02-27 13:02:00,Pichincha,Sierra,Estándar urbano,PyME,5.4,143.6,0,,17.29,6.5
LA-002289,2026-02-27 13:03:00,Pichincha,Sierra,Estándar urbano,Corporativo,10.5,154.6,0,,28.32,10.8
LA-000763,2026-02-27 13:07:00,Guayas,Costa,Estándar urbano,PyME,7.2,156.7,0,,20.52,23.4
LA-004259,2026-02-27 13:09:00,Manabí,Costa,Estándar urbano,PyME,7.0,107.2,0,,19.06,12.7
LA-004358,2026-02-27 13:15:00,Manabí,Costa,Estándar urbano,Comercio minorista,8.8,162.5,0,,19.01,19.3
LA-004447,2026-02-27 13:21:00,Manabí,Costa,Programado,Comercio minorista,8.9,250.0,0,,28.53,23.4
LA-001094,2026-02-27 13:25:00,Guayas,Costa,Programado,PyME,7.1,480.7,0,,41.01,42.8
LA-000614,2026-02-27 13:47:00,Guayas,Costa,Estándar urbano,Comercio minorista,9.6,121.3,0,,12.67,7.0
LA-002514,2026-02-27 13:53:00,Pichincha,Sierra,Express,PyME,7.2,50.7,0,,33.9,2.5
LA-005105,2026-02-27 14:01:00,Tungurahua,Sierra,Express,PyME,8.1,56.5,0,,19.23,12.9
LA-001052,2026-02-27 14:17:00,Guayas,Costa,Programado,Corporativo,10.9,202.2,0,,25.06,25.2
LA-003708,2026-02-27 14:21:00,Azuay,Sierra,Programado,Comercio minorista,4.5,129.0,0,,14.05,7.0
LA-002317,2026-02-27 14:22:00,Pichincha,Sierra,Estándar urbano,PyME,7.7,92.6,0,,27.84,1.0
LA-002412,2026-02-27 14:22:00,Pichincha,Sierra,Estándar urbano,PyME,9.4,165.4,0,,24.9,19.3
LA-000737,2026-02-27 14:34:00,Guayas,Costa,Estándar urbano,Comercio minorista,11.3,170.8,0,,13.81,11.7
LA-002356,2026-02-27 14:41:00,Pichincha,Sierra,Estándar urbano,Comercio minorista,7.7,112.6,0,,13.62,1.2
LA-000954,2026-02-27 14:45:00,Guayas,Costa,Express,PyME,10.2,40.7,0,,34.71,4.9
LA-000910,2026-02-27 14:53:00,Guayas,Costa,Express,Comercio minorista,9.6,140.2,0,,33.41,8.6
LA-000616,2026-02-27 15:12:00,Guayas,Costa,Estándar urbano,Comercio minorista,7.4,125.1,0,,18.17,7.8
LA-004244,2026-02-27 15:16:00,Manabí,Costa,Estándar urbano,Comercio minorista,11.6,120.5,0,,20.71,23.6
LA-002369,2026-02-27 15:21:00,Pichincha,Sierra,Estándar urbano,Comercio minorista,9.4,109.6,0,,18.89,3.0
LA-002540,2026-02-27 16:34:00,Pichincha,Sierra,Express,Comercio minorista,11.2,60.8,0,,21.87,6.3
LA-005543,2026-02-27 16:48:00,Loja,Sierra,Estándar urbano,Comercio minorista,8.9,135.1,0,,20.78,6.8
LA-004429,2026-02-27 17:28:00,Manabí,Costa,Express,Corporativo,9.5,175.3,0,,33.22,3.4
LA-000874,2026-02-27 17:41:00,Guayas,Costa,Express,Comercio minorista,12.3,148.4,0,,27.01,15.3
LA-004960,2026-02-27 17:47:00,Tungurahua,Sierra,Estándar urbano,Comercio minorista,8.0,124.6,0,,22.07,3.6
LA-002391,2026-02-27 18:20:00,Pichincha,Sierra,Estándar urbano,Corporativo,7.3,144.8,0,,25.37,15.5
LA-000627,2026-02-27 19:09:00,Guayas,Costa,Estándar urbano,Corporativo,10.6,171.3,0,,16.43,5.0
LA-005118,2026-02-27 19:37:00,Tungurahua,Sierra,Programado,Comercio minorista,6.6,128.1,0,,23.08,5.2
LA-000854,2026-02-28 07:00:00,Guayas,Costa,Express,PyME,12.5,28.0,1,Paquete con incidencia,29.41,1.0
LA-001076,2026-02-28 07:08:00,Guayas,Costa,Programado,PyME,8.8,172.3,0,,22.64,7.5
LA-003607,2026-02-28 07:13:00,Azuay,Sierra,Estándar urbano,PyME,7.3,134.8,0,,28.87,15.8
LA-000775,2026-02-28 07:16:00,Guayas,Costa,Estándar urbano,Comercio minorista,9.7,130.2,0,,16.0,8.0
LA-003475,2026-02-28 07:33:00,Azuay,Sierra,Estándar urbano,Comercio minorista,4.1,88.2,0,,10.86,3.6
LA-000868,2026-02-28 07:39:00,Guayas,Costa,Express,Comercio minorista,11.7,131.3,0,,41.51,21.9
LA-000657,2026-02-28 07:45:00,Guayas,Costa,Estándar urbano,Corporativo,6.0,132.0,0,,36.28,7.8
LA-000709,2026-02-28 07:47:00,Guayas,Costa,Estándar urbano,Comercio minorista,8.9,119.8,0,,28.38,21.8
LA-000582,2026-02-28 08:15:00,Guayas,Costa,Estándar urbano,PyME,6.8,137.5,0,,18.96,11.8
LA-000571,2026-02-28 09:04:00,Guayas,Costa,Estándar urbano,Comercio minorista,5.5,146.2,0,,27.27,6.2
LA-000843,2026-02-28 09:19:00,Guayas,Costa,Express,PyME,8.4,112.9,0,,47.24,5.1
LA-005093,2026-02-28 09:27:00,Tungurahua,Sierra,Express,PyME,3.8,44.4,0,,25.09,3.2
LA-005020,2026-02-28 09:46:00,Tungurahua,Sierra,Estándar urbano,Comercio minorista,8.0,99.2,0,,23.0,9.7
LA-004307,2026-02-28 09:47:00,Manabí,Costa,Estándar urbano,Comercio minorista,10.1,131.5,0,,15.52,15.1
LA-000996,2026-02-28 09:50:00,Guayas,Costa,Express,Corporativo,7.5,171.8,0,,38.24,25.6
LA-004439,2026-02-28 10:20:00,Manabí,Costa,Programado,PyME,7.5,112.1,0,,17.35,1.0
LA-004257,2026-02-28 10:27:00,Manabí,Costa,Estándar urbano,PyME,6.0,68.9,0,,8.11,1.4
LA-001000,2026-02-28 10:31:00,Guayas,Costa,Express,Comercio minorista,11.3,112.5,0,,31.66,12.3
LA-005540,2026-02-28 10:33:00,Loja,Sierra,Estándar urbano,Comercio minorista,8.5,176.9,0,,12.84,6.8
LA-004994,2026-02-28 10:37:00,Tungurahua,Sierra,Estándar urbano,Comercio minorista,8.9,78.4,0,,14.22,15.7
LA-004924,2026-02-28 10:39:00,Tungurahua,Sierra,Estándar urbano,PyME,9.0,104.6,0,,18.06,3.8
LA-000545,2026-02-28 10:42:00,Guayas,Costa,Estándar urbano,Corporativo,9.1,99.8,0,,20.95,9.6
LA-005621,2026-02-28 11:02:00,Loja,Sierra,Express,Comercio minorista,8.8,126.7,0,,39.49,18.9
LA-000609,2026-02-28 11:16:00,Guayas,Costa,Estándar urbano,PyME,9.8,112.0,0,,14.81,8.3
LA-003715,2026-02-28 11:27:00,Azuay,Sierra,Programado,Comercio minorista,4.4,141.5,0,,24.31,6.7
LA-003718,2026-02-28 11:32:00,Azuay,Sierra,Programado,PyME,9.7,128.8,0,,20.73,6.6
LA-002650,2026-02-28 11:55:00,Pichincha,Sierra,Programado,Corporativo,9.2,162.1,0,,28.28,11.2
LA-005653,2026-02-28 12:04:00,Loja,Sierra,Programado,PyME,9.9,253.7,0,,24.72,13.6
LA-000939,2026-02-28 12:08:00,Guayas,Costa,Express,Comercio minorista,10.7,79.4,0,,35.75,13.1
LA-001022,2026-02-28 12:08:00,Guayas,Costa,Programado,PyME,6.4,241.9,0,,39.9,23.2
LA-002422,2026-02-28 12:13:00,Pichincha,Sierra,Estándar urbano,PyME,8.2,146.9,0,,30.23,3.5
LA-005571,2026-02-28 12:19:00,Loja,Sierra,Estándar urbano,Corporativo,8.6,248.2,0,,28.32,45.0
LA-004985,2026-02-28 12:32:00,Tungurahua,Sierra,Estándar urbano,Comercio minorista,9.0,113.3,0,,9.23,9.1
LA-001003,2026-02-28 12:36:00,Guayas,Costa,Express,Comercio minorista,8.7,43.0,0,,31.68,4.3
LA-000977,2026-02-28 12:50:00,Guayas,Costa,Express,Comercio minorista,9.4,134.4,0,,29.23,11.6
LA-002606,2026-02-28 12:50:00,Pichincha,Sierra,Programado,Corporativo,6.6,130.2,0,,19.54,7.6
LA-005063,2026-02-28 12:54:00,Tungurahua,Sierra,Estándar urbano,Comercio minorista,6.2,100.7,0,,12.76,3.9
LA-002567,2026-02-28 13:00:00,Pichincha,Sierra,Express,Comercio minorista,7.7,93.8,0,,39.16,6.5
LA-003721,2026-02-28 13:08:00,Azuay,Sierra,Programado,Comercio minorista,6.2,152.5,0,,17.34,13.4
LA-001063,2026-02-28 13:17:00,Guayas,Costa,Programado,Comercio minorista,5.5,145.5,0,,12.4,6.2
LA-000809,2026-02-28 13:26:00,Guayas,Costa,Estándar urbano,Comercio minorista,9.1,96.7,0,,16.77,2.6
LA-003716,2026-02-28 13:42:00,Azuay,Sierra,Programado,Corporativo,6.5,152.0,0,,34.18,8.1
LA-000631,2026-02-28 14:00:00,Guayas,Costa,Estándar urbano,Comercio minorista,9.0,164.0,0,,20.77,6.7
LA-001093,2026-02-28 14:02:00,Guayas,Costa,Programado,PyME,8.7,191.2,0,,53.59,38.8
LA-003544,2026-02-28 14:09:00,Azuay,Sierra,Estándar urbano,Comercio minorista,7.2,89.8,0,,12.99,3.2
LA-003589,2026-02-28 14:23:00,Azuay,Sierra,Estándar urbano,Comercio minorista,6.4,95.7,0,,18.87,5.1
LA-004345,2026-02-28 14:28:00,Manabí,Costa,Estándar urbano,Comercio minorista,10.0,148.1,0,,12.39,1.0
LA-004975,2026-02-28 14:29:00,Tungurahua,Sierra,Estándar urbano,Comercio minorista,7.0,104.1,0,,8.76,11.2
LA-005068,2026-02-28 14:39:00,Tungurahua,Sierra,Estándar urbano,PyME,8.9,114.2,0,,13.01,19.5
LA-000920,2026-02-28 14:51:00,Guayas,Costa,Express,PyME,6.5,35.7,0,,34.34,16.7
LA-005555,2026-02-28 14:53:00,Loja,Sierra,Estándar urbano,PyME,10.1,124.0,0,,17.56,9.5
LA-002601,2026-02-28 15:10:00,Pichincha,Sierra,Programado,Comercio minorista,6.8,148.0,0,,29.39,1.3
LA-000844,2026-02-28 15:42:00,Guayas,Costa,Express,Comercio minorista,7.9,104.5,0,,22.22,1.0
LA-002421,2026-02-28 15:42:00,Pichincha,Sierra,Estándar urbano,Comercio minorista,6.5,127.6,0,,17.26,4.6
LA-005111,2026-02-28 15:42:00,Tungurahua,Sierra,Express,Comercio minorista,6.2,94.2,0,,21.65,11.9
LA-000705,2026-02-28 15:46:00,Guayas,Costa,Estándar urbano,PyME,6.8,107.0,0,,24.77,7.3
LA-000887,2026-02-28 16:08:00,Guayas,Costa,Express,PyME,9.6,139.4,0,,28.38,3.7
LA-003690,2026-02-28 16:21:00,Azuay,Sierra,Express,Comercio minorista,7.1,72.4,0,,23.29,1.0
LA-004944,2026-02-28 16:26:00,Tungurahua,Sierra,Estándar urbano,PyME,4.7,169.3,0,,19.55,14.0
LA-005549,2026-02-28 16:27:00,Loja,Sierra,Estándar urbano,Comercio minorista,14.9,202.4,0,,14.96,16.1
LA-000565,2026-02-28 16:48:00,Guayas,Costa,Estándar urbano,PyME,8.9,161.9,0,,40.82,30.5
LA-000911,2026-02-28 17:28:00,Guayas,Costa,Express,PyME,4.9,202.4,0,,25.82,9.7
LA-005012,2026-02-28 17:49:00,Tungurahua,Sierra,Estándar urbano,Comercio minorista,7.6,145.0,0,,38.74,9.1
LA-004986,2026-02-28 19:36:00,Tungurahua,Sierra,Estándar urbano,PyME,6.9,91.2,0,,36.83,8.5
LA-005760,2026-03-01 07:03:00,Loja,Sierra,Express,Corporativo,6.9,126.1,0,,31.84,16.6
LA-003188,2026-03-01 07:36:00,Pichincha,Sierra,Programado,Comercio minorista,9.5,139.8,0,,16.16,4.2
LA-001477,2026-03-01 07:40:00,Guayas,Costa,Express,Corporativo,7.0,88.6,1,Falta de actualización,30.42,8.6
LA-002685,2026-03-01 07:41:00,Pichincha,Sierra,Estándar urbano,Comercio minorista,6.8,143.0,0,,22.24,14.1
LA-005343,2026-03-01 07:51:00,Tungurahua,Sierra,Programado,Corporativo,5.2,147.6,0,,32.58,16.0
LA-001183,2026-03-01 07:55:00,Guayas,Costa,Estándar urbano,Corporativo,6.3,92.7,0,,25.46,4.4
LA-005677,2026-03-01 08:47:00,Loja,Sierra,Estándar urbano,Corporativo,10.8,205.6,0,,19.3,16.2
LA-005164,2026-03-01 09:13:00,Tungurahua,Sierra,Estándar urbano,Comercio minorista,9.8,120.3,0,,29.45,9.2
LA-003979,2026-03-01 09:32:00,Azuay,Sierra,Programado,Comercio minorista,2.2,142.1,0,,13.16,11.6
LA-001660,2026-03-01 09:48:00,Guayas,Costa,Programado,PyME,9.8,161.0,0,,20.55,5.3
LA-002683,2026-03-01 10:17:00,Pichincha,Sierra,Estándar urbano,Corporativo,10.1,171.1,0,,19.6,6.9
LA-005327,2026-03-01 10:22:00,Tungurahua,Sierra,Programado,Comercio minorista,9.2,150.6,0,,14.37,3.2
LA-001703,2026-03-01 10:24:00,Guayas,Costa,Programado,PyME,7.4,152.4,0,,27.5,5.0
LA-001457,2026-03-01 10:34:00,Guayas,Costa,Express,Comercio minorista,12.6,71.0,0,,38.69,26.4
LA-003774,2026-03-01 10:46:00,Azuay,Sierra,Estándar urbano,PyME,8.0,113.9,0,,27.48,6.9
LA-001583,2026-03-01 10:57:00,Guayas,Costa,Express,PyME,6.9,62.9,0,,21.85,12.2
LA-005702,2026-03-01 10:57:00,Loja,Sierra,Estándar urbano,Comercio minorista,9.3,211.1,0,,18.2,35.3
LA-001345,2026-03-01 11:00:00,Guayas,Costa,Estándar urbano,Comercio minorista,6.1,103.2,0,,22.61,6.0
LA-001308,2026-03-01 11:05:00,Guayas,Costa,Estándar urbano,Corporativo,11.4,102.6,0,,52.09,2.2
LA-005757,2026-03-01 11:05:00,Loja,Sierra,Express,PyME,7.8,157.8,0,,30.63,15.5
LA-002992,2026-03-01 11:13:00,Pichincha,Sierra,Express,PyME,12.7,111.9,0,,23.81,18.9
LA-001222,2026-03-01 11:18:00,Guayas,Costa,Estándar urbano,PyME,7.0,175.7,0,,22.46,14.9
LA-002920,2026-03-01 11:22:00,Pichincha,Sierra,Estándar urbano,Corporativo,4.0,129.7,0,,14.34,4.0
LA-004533,2026-03-01 11:40:00,Manabí,Costa,Estándar urbano,PyME,10.6,99.9,0,,16.7,1.6
LA-003910,2026-03-01 11:50:00,Azuay,Sierra,Express,Comercio minorista,6.2,68.5,0,,13.26,7.9
LA-004614,2026-03-01 11:51:00,Manabí,Costa,Estándar urbano,PyME,7.0,129.2,0,,12.4,4.5
LA-002991,2026-03-01 11:53:00,Pichincha,Sierra,Express,Corporativo,7.5,71.9,0,,43.18,4.0
LA-004557,2026-03-01 11:58:00,Manabí,Costa,Estándar urbano,PyME,6.8,156.0,0,,23.63,2.8
LA-003045,2026-03-01 12:04:00,Pichincha,Sierra,Express,Comercio minorista,8.9,77.6,0,,29.52,8.5
LA-002666,2026-03-01 12:23:00,Pichincha,Sierra,Estándar urbano,PyME,9.1,123.7,0,,28.04,5.0
LA-005198,2026-03-01 12:24:00,Tungurahua,Sierra,Estándar urbano,PyME,11.4,125.0,0,,25.99,12.2
LA-003879,2026-03-01 12:33:00,Azuay,Sierra,Estándar urbano,Comercio minorista,8.3,114.1,0,,13.87,7.1
LA-005777,2026-03-01 12:34:00,Loja,Sierra,Programado,PyME,8.1,160.0,0,,27.04,1.7
LA-001326,2026-03-01 12:35:00,Guayas,Costa,Estándar urbano,PyME,9.1,173.0,0,,21.71,14.4
LA-001528,2026-03-01 12:42:00,Guayas,Costa,Express,Comercio minorista,7.4,92.0,0,,19.82,4.0
LA-005317,2026-03-01 12:47:00,Tungurahua,Sierra,Programado,Corporativo,6.4,159.4,0,,84.05,17.6
LA-001709,2026-03-01 12:59:00,Guayas,Costa,Programado,PyME,8.9,151.0,0,,31.53,15.5
LA-003028,2026-03-01 13:01:00,Pichincha,Sierra,Express,PyME,10.7,71.9,0,,42.29,2.9
LA-005751,2026-03-01 13:12:00,Loja,Sierra,Estándar urbano,PyME,6.6,185.0,0,,15.02,18.3
LA-001127,2026-03-01 13:44:00,Guayas,Costa,Estándar urbano,PyME,4.9,165.1,0,,16.46,6.2
LA-005283,2026-03-01 13:55:00,Tungurahua,Sierra,Express,Corporativo,7.4,85.1,0,,39.9,2.6
LA-001280,2026-03-01 14:00:00,Guayas,Costa,Estándar urbano,Comercio minorista,8.2,164.0,0,,10.39,19.2
LA-005687,2026-03-01 14:12:00,Loja,Sierra,Estándar urbano,Comercio minorista,9.3,105.0,0,,7.05,1.9
LA-002983,2026-03-01 14:18:00,Pichincha,Sierra,Express,Corporativo,9.3,126.4,0,,54.88,20.9
LA-002955,2026-03-01 14:36:00,Pichincha,Sierra,Express,PyME,10.8,114.6,0,,22.3,33.1
LA-005216,2026-03-01 14:47:00,Tungurahua,Sierra,Estándar urbano,PyME,5.5,133.3,0,,11.87,1.9
LA-001505,2026-03-01 14:52:00,Guayas,Costa,Express,Corporativo,10.4,53.8,0,,54.82,6.1
LA-005715,2026-03-01 14:55:00,Loja,Sierra,Estándar urbano,Comercio minorista,9.0,140.7,0,,18.59,10.3
LA-001479,2026-03-01 15:17:00,Guayas,Costa,Express,PyME,8.9,76.9,0,,42.28,4.9
LA-001293,2026-03-01 15:21:00,Guayas,Costa,Estándar urbano,PyME,7.5,195.9,0,,17.46,7.3
LA-002982,2026-03-01 15:25:00,Pichincha,Sierra,Express,Comercio minorista,10.5,56.4,0,,23.44,1.0
LA-005205,2026-03-01 15:41:00,Tungurahua,Sierra,Estándar urbano,Comercio minorista,6.9,80.6,0,,18.36,1.7
LA-003109,2026-03-01 15:46:00,Pichincha,Sierra,Express,Comercio minorista,5.1,44.6,0,,60.29,5.1
LA-001707,2026-03-01 15:47:00,Guayas,Costa,Programado,PyME,7.3,166.1,0,,10.19,1.0
LA-003893,2026-03-01 15:50:00,Azuay,Sierra,Estándar urbano,Comercio minorista,6.6,113.3,0,,17.59,7.6
LA-005257,2026-03-01 16:19:00,Tungurahua,Sierra,Express,Comercio minorista,10.3,39.8,0,,26.76,7.4
LA-001516,2026-03-01 17:10:00,Guayas,Costa,Express,Corporativo,9.8,82.9,0,,41.39,5.3
LA-001659,2026-03-01 17:23:00,Guayas,Costa,Programado,Comercio minorista,5.7,143.3,0,,19.45,4.0
LA-005723,2026-03-01 17:49:00,Loja,Sierra,Estándar urbano,Comercio minorista,7.8,182.1,0,,15.09,11.8
LA-004471,2026-03-01 17:55:00,Manabí,Costa,Estándar urbano,PyME,11.2,210.8,0,,11.14,4.7
LA-003888,2026-03-01 17:59:00,Azuay,Sierra,Estándar urbano,PyME,6.0,123.5,0,,26.41,7.7
LA-001694,2026-03-01 19:41:00,Guayas,Costa,Programado,Comercio minorista,8.6,200.5,0,,15.9,9.2
LA-003785,2026-03-01 19:43:00,Azuay,Sierra,Estándar urbano,Comercio minorista,8.0,136.3,0,,18.01,5.1
LA-001565,2026-03-02 07:14:00,Guayas,Costa,Express,Comercio minorista,8.6,97.5,0,,34.3,13.2
LA-002926,2026-03-02 07:22:00,Pichincha,Sierra,Estándar urbano,Comercio minorista,9.9,125.5,0,,18.12,11.3
LA-001681,2026-03-02 07:42:00,Guayas,Costa,Programado,PyME,8.5,176.6,0,,23.62,3.0
LA-005174,2026-03-02 08:14:00,Tungurahua,Sierra,Estándar urbano,Corporativo,2.3,69.6,0,,21.48,5.2
LA-002767,2026-03-02 08:33:00,Pichincha,Sierra,Estándar urbano,PyME,12.1,162.9,0,,27.89,16.8
LA-002898,2026-03-02 08:46:00,Pichincha,Sierra,Estándar urbano,PyME,5.8,102.3,0,,27.43,5.8
LA-003146,2026-03-02 08:49:00,Pichincha,Sierra,Programado,Comercio minorista,2.3,137.6,0,,11.9,1.0
LA-001582,2026-03-02 09:06:00,Guayas,Costa,Express,Comercio minorista,8.7,123.8,1,Incumplimiento de horario,64.46,16.4
LA-002810,2026-03-02 09:07:00,Pichincha,Sierra,Estándar urbano,Comercio minorista,8.0,124.6,0,,11.61,6.5
LA-003818,2026-03-02 09:16:00,Azuay,Sierra,Estándar urbano,Comercio minorista,7.8,146.2,0,,19.85,13.0
LA-003955,2026-03-02 09:26:00,Azuay,Sierra,Express,PyME,6.9,67.0,0,,24.85,5.4
LA-003183,2026-03-02 09:27:00,Pichincha,Sierra,Programado,PyME,6.4,170.6,0,,41.54,10.9
LA-001284,2026-03-02 09:34:00,Guayas,Costa,Estándar urbano,Corporativo,5.4,152.7,0,,44.97,7.9
LA-001627,2026-03-02 09:53:00,Guayas,Costa,Programado,PyME,8.9,170.6,0,,31.99,8.2
LA-001388,2026-03-02 10:03:00,Guayas,Costa,Estándar urbano,Comercio minorista,7.8,169.2,0,,18.6,3.8
LA-001281,2026-03-02 10:04:00,Guayas,Costa,Estándar urbano,Comercio minorista,7.1,108.3,0,,14.82,5.7
LA-003961,2026-03-02 10:12:00,Azuay,Sierra,Express,Corporativo,9.7,66.4,0,,31.3,7.0
LA-001236,2026-03-02 10:24:00,Guayas,Costa,Estándar urbano,PyME,8.1,92.9,0,,15.57,1.1
LA-002874,2026-03-02 10:26:00,Pichincha,Sierra,Estándar urbano,Comercio minorista,6.5,106.2,0,,13.19,3.7
LA-002738,2026-03-02 10:32:00,Pichincha,Sierra,Estándar urbano,PyME,6.7,97.9,0,,21.88,11.7
LA-001188,2026-03-02 10:43:00,Guayas,Costa,Estándar urbano,Comercio minorista,11.6,97.8,0,,34.15,4.2
LA-001495,2026-03-02 10:44:00,Guayas,Costa,Express,Comercio minorista,7.5,52.4,0,,10.93,8.2
LA-005771,2026-03-02 10:45:00,Loja,Sierra,Express,Comercio minorista,9.1,99.5,0,,17.74,1.0
LA-001476,2026-03-02 11:00:00,Guayas,Costa,Express,PyME,7.4,144.5,0,,26.35,10.1
LA-001616,2026-03-02 11:01:00,Guayas,Costa,Programado,PyME,8.9,208.9,0,,33.42,23.8
LA-002816,2026-03-02 11:08:00,Pichincha,Sierra,Estándar urbano,PyME,8.0,139.1,0,,16.56,4.2
LA-005276,2026-03-02 11:19:00,Tungurahua,Sierra,Express,Comercio minorista,5.5,109.6,0,,16.16,10.2
LA-001625,2026-03-02 11:28:00,Guayas,Costa,Programado,Corporativo,5.5,170.2,0,,24.27,11.9
LA-004482,2026-03-02 11:28:00,Manabí,Costa,Estándar urbano,Corporativo,9.9,126.2,0,,27.03,9.1
LA-003101,2026-03-02 11:29:00,Pichincha,Sierra,Express,Corporativo,8.5,78.5,1,Demora en entrega,80.2,5.7
LA-004599,2026-03-02 11:51:00,Manabí,Costa,Estándar urbano,PyME,11.6,159.4,0,,18.51,2.2
LA-004707,2026-03-02 12:00:00,Manabí,Costa,Programado,PyME,9.2,204.1,0,,20.11,11.8
LA-001664,2026-03-02 12:05:00,Guayas,Costa,Programado,PyME,10.1,154.3,0,,16.77,5.7
LA-002861,2026-03-02 12:18:00,Pichincha,Sierra,Estándar urbano,Comercio minorista,8.2,155.2,0,,14.98,6.2
LA-004669,2026-03-02 12:33:00,Manabí,Costa,Express,Comercio minorista,11.8,76.9,0,,18.13,14.1
LA-003764,2026-03-02 12:37:00,Azuay,Sierra,Estándar urbano,Comercio minorista,9.2,120.1,0,,17.35,5.2
LA-001356,2026-03-02 12:42:00,Guayas,Costa,Estándar urbano,Corporativo,6.1,148.4,0,,28.03,9.6
LA-003765,2026-03-02 12:53:00,Azuay,Sierra,Estándar urbano,Comercio minorista,5.4,100.2,0,,19.45,1.1
LA-002960,2026-03-02 12:56:00,Pichincha,Sierra,Express,PyME,10.0,88.6,0,,30.31,10.7
LA-001697,2026-03-02 12:58:00,Guayas,Costa,Programado,Comercio minorista,6.1,264.4,0,,35.73,4.9
LA-002838,2026-03-02 13:05:00,Pichincha,Sierra,Estándar urbano,PyME,8.5,117.4,0,,34.98,4.9
LA-002837,2026-03-02 13:08:00,Pichincha,Sierra,Estándar urbano,Comercio minorista,5.9,136.1,0,,18.92,3.5
LA-005273,2026-03-02 13:16:00,Tungurahua,Sierra,Express,PyME,6.2,66.4,0,,45.39,5.4
LA-005708,2026-03-02 13:17:00,Loja,Sierra,Estándar urbano,Corporativo,6.9,164.3,0,,18.74,10.8
LA-005330,2026-03-02 13:21:00,Tungurahua,Sierra,Programado,Corporativo,7.6,116.6,1,Paquete con incidencia,28.23,5.2
LA-003872,2026-03-02 13:27:00,Azuay,Sierra,Estándar urbano,Corporativo,7.4,128.4,0,,56.45,8.7
LA-003016,2026-03-02 13:28:00,Pichincha,Sierra,Express,PyME,9.8,195.9,0,,34.61,17.4
LA-003729,2026-03-02 13:30:00,Azuay,Sierra,Estándar urbano,Corporativo,7.4,114.1,1,Falta de actualización,21.3,8.2
LA-001420,2026-03-02 13:30:00,Guayas,Costa,Express,Comercio minorista,7.9,126.6,0,,27.61,8.6
LA-004588,2026-03-02 13:33:00,Manabí,Costa,Estándar urbano,PyME,7.7,154.0,0,,16.44,2.7
LA-003118,2026-03-02 13:37:00,Pichincha,Sierra,Express,Comercio minorista,7.8,60.1,0,,33.81,4.4
LA-001667,2026-03-02 13:47:00,Guayas,Costa,Programado,Comercio minorista,5.6,163.6,0,,24.09,7.4
LA-001675,2026-03-02 13:50:00,Guayas,Costa,Programado,Corporativo,5.1,152.5,0,,23.02,8.6
LA-001140,2026-03-02 14:00:00,Guayas,Costa,Estándar urbano,PyME,9.3,158.0,0,,23.1,7.5
LA-003022,2026-03-02 14:11:00,Pichincha,Sierra,Express,PyME,7.7,103.4,0,,19.64,5.6
LA-001132,2026-03-02 14:20:00,Guayas,Costa,Estándar urbano,Comercio minorista,9.9,181.6,0,,23.88,21.9
LA-001453,2026-03-02 14:21:00,Guayas,Costa,Express,Comercio minorista,8.5,103.3,0,,43.47,7.3
LA-005766,2026-03-02 14:48:00,Loja,Sierra,Express,Corporativo,8.2,99.2,0,,33.18,7.2
LA-001527,2026-03-02 14:53:00,Guayas,Costa,Express,PyME,6.1,93.3,0,,33.39,6.7
LA-001154,2026-03-02 14:54:00,Guayas,Costa,Estándar urbano,PyME,7.9,143.3,0,,26.65,12.9
LA-005664,2026-03-02 15:02:00,Loja,Sierra,Estándar urbano,PyME,7.1,169.5,0,,39.34,15.6
LA-001631,2026-03-02 15:03:00,Guayas,Costa,Programado,Comercio minorista,8.5,146.7,0,,39.53,6.2
LA-003796,2026-03-02 15:09:00,Azuay,Sierra,Estándar urbano,PyME,5.6,87.3,0,,23.51,1.3
LA-002680,2026-03-02 15:10:00,Pichincha,Sierra,Estándar urbano,PyME,8.8,126.6,0,,18.69,3.3
LA-005314,2026-03-02 15:12:00,Tungurahua,Sierra,Programado,PyME,6.5,110.9,0,,29.89,4.4
LA-004499,2026-03-02 15:19:00,Manabí,Costa,Estándar urbano,Corporativo,9.8,157.4,0,,20.52,7.3
LA-004721,2026-03-02 15:22:00,Manabí,Costa,Programado,PyME,7.7,193.3,0,,27.18,9.1
LA-003946,2026-03-02 15:27:00,Azuay,Sierra,Express,Corporativo,9.5,64.3,0,,45.98,6.9
LA-003743,2026-03-02 15:28:00,Azuay,Sierra,Estándar urbano,PyME,2.3,96.3,0,,12.67,2.0
LA-004645,2026-03-02 15:30:00,Manabí,Costa,Express,Comercio minorista,11.2,45.4,0,,20.44,10.9
LA-001316,2026-03-02 16:01:00,Guayas,Costa,Estándar urbano,Comercio minorista,11.2,160.5,0,,25.96,1.0
LA-001385,2026-03-02 16:06:00,Guayas,Costa,Estándar urbano,PyME,9.2,173.8,0,,25.43,11.9
LA-003929,2026-03-02 16:18:00,Azuay,Sierra,Express,PyME,10.0,76.8,0,,27.31,9.4
LA-005213,2026-03-02 16:41:00,Tungurahua,Sierra,Estándar urbano,Comercio minorista,9.5,131.6,0,,22.39,8.3
LA-001433,2026-03-03 07:33:00,Guayas,Costa,Express,Corporativo,9.4,107.0,0,,35.7,22.3
LA-001649,2026-03-03 07:34:00,Guayas,Costa,Programado,Comercio minorista,6.5,172.3,0,,10.96,12.1
LA-001300,2026-03-03 07:45:00,Guayas,Costa,Estándar urbano,PyME,9.5,138.4,0,,17.59,5.1
LA-005194,2026-03-03 07:46:00,Tungurahua,Sierra,Estándar urbano,Comercio minorista,7.6,143.8,0,,12.12,9.3
LA-001641,2026-03-03 07:54:00,Guayas,Costa,Programado,Comercio minorista,10.5,138.3,0,,19.4,8.8
LA-005657,2026-03-03 08:03:00,Loja,Sierra,Estándar urbano,PyME,6.2,138.4,0,,20.0,3.2
LA-002947,2026-03-03 08:10:00,Pichincha,Sierra,Express,PyME,10.3,90.2,0,,32.75,4.3
LA-005680,2026-03-03 08:32:00,Loja,Sierra,Estándar urbano,PyME,5.7,128.2,1,Falta de actualización,11.39,7.3
LA-003986,2026-03-03 08:54:00,Azuay,Sierra,Programado,Corporativo,4.6,138.2,0,,21.03,5.9
LA-003957,2026-03-03 09:05:00,Azuay,Sierra,Express,Comercio minorista,5.0,79.5,0,,30.06,7.4
LA-003010,2026-03-03 09:48:00,Pichincha,Sierra,Express,Corporativo,9.3,65.6,0,,78.38,1.0
LA-001425,2026-03-03 09:49:00,Guayas,Costa,Express,Comercio minorista,10.1,392.1,0,,27.67,9.8
LA-001626,2026-03-03 09:55:00,Guayas,Costa,Programado,Corporativo,6.4,184.1,0,,45.53,6.1
LA-003198,2026-03-03 10:03:00,Pichincha,Sierra,Programado,Comercio minorista,5.0,158.4,0,,20.02,2.0
LA-001593,2026-03-03 10:05:00,Guayas,Costa,Express,PyME,6.1,97.8,0,,33.69,7.9
LA-003026,2026-03-03 10:12:00,Pichincha,Sierra,Express,Corporativo,7.1,78.8,0,,43.15,13.1
LA-003193,2026-03-03 10:14:00,Pichincha,Sierra,Programado,Comercio minorista,6.7,147.3,0,,35.75,9.1
LA-003152,2026-03-03 10:16:00,Pichincha,Sierra,Programado,Comercio minorista,7.7,161.9,0,,27.65,12.1
LA-003847,2026-03-03 10:17:00,Azuay,Sierra,Estándar urbano,PyME,7.1,125.0,0,,12.16,3.5
LA-005781,2026-03-03 10:17:00,Loja,Sierra,Programado,Comercio minorista,7.7,201.1,0,,13.93,7.2
LA-004596,2026-03-03 10:18:00,Manabí,Costa,Estándar urbano,Corporativo,5.9,173.0,0,,20.47,11.4
LA-003196,2026-03-03 10:20:00,Pichincha,Sierra,Programado,Comercio minorista,9.9,161.6,0,,19.43,8.0
LA-002967,2026-03-03 10:24:00,Pichincha,Sierra,Express,PyME,9.9,85.8,0,,22.79,11.2
LA-002698,2026-03-03 10:26:00,Pichincha,Sierra,Estándar urbano,Corporativo,4.7,120.3,0,,30.37,12.6
LA-005288,2026-03-03 10:26:00,Tungurahua,Sierra,Express,Comercio minorista,5.8,63.5,0,,28.18,4.6
LA-005151,2026-03-03 10:32:00,Tungurahua,Sierra,Estándar urbano,Corporativo,7.5,94.1,0,,37.66,23.2
LA-002931,2026-03-03 10:38:00,Pichincha,Sierra,Estándar urbano,PyME,11.9,216.8,0,,28.74,6.0
LA-003772,2026-03-03 10:46:00,Azuay,Sierra,Estándar urbano,PyME,5.8,120.5,0,,14.65,4.1
LA-005756,2026-03-03 10:51:00,Loja,Sierra,Express,PyME,8.2,111.9,0,,21.98,14.8
LA-003759,2026-03-03 10:58:00,Azuay,Sierra,Estándar urbano,Comercio minorista,4.9,99.0,0,,19.21,1.5
LA-003767,2026-03-03 11:07:00,Azuay,Sierra,Estándar urbano,Corporativo,7.7,100.8,0,,28.89,6.3
LA-003779,2026-03-03 11:09:00,Azuay,Sierra,Estándar urbano,PyME,6.9,119.1,0,,28.73,1.0
LA-001423,2026-03-03 11:10:00,Guayas,Costa,Express,Corporativo,8.2,85.9,0,,19.34,8.3
LA-001452,2026-03-03 11:12:00,Guayas,Costa,Express,Corporativo,10.4,75.6,0,,26.1,7.7
LA-003771,2026-03-03 11:39:00,Azuay,Sierra,Estándar urbano,PyME,5.1,107.9,0,,16.79,10.3
LA-002873,2026-03-03 11:43:00,Pichincha,Sierra,Estándar urbano,Comercio minorista,8.4,145.4,0,,20.49,11.3
LA-002973,2026-03-03 12:05:00,Pichincha,Sierra,Express,Corporativo,9.8,95.6,0,,33.51,6.2
LA-001682,2026-03-03 12:07:00,Guayas,Costa,Programado,Comercio minorista,7.9,281.5,0,,13.75,1.2
LA-001617,2026-03-03 12:20:00,Guayas,Costa,Programado,Comercio minorista,9.5,145.3,0,,21.94,6.8
LA-001471,2026-03-03 12:37:00,Guayas,Costa,Express,Comercio minorista,7.6,134.1,0,,12.37,17.4
LA-005261,2026-03-03 12:43:00,Tungurahua,Sierra,Express,PyME,7.8,76.3,0,,27.9,7.3
LA-001365,2026-03-03 12:50:00,Guayas,Costa,Estándar urbano,Corporativo,7.9,102.5,0,,28.77,4.0
LA-005193,2026-03-03 12:55:00,Tungurahua,Sierra,Estándar urbano,Comercio minorista,7.0,71.7,0,,22.99,1.0
LA-004567,2026-03-03 13:05:00,Manabí,Costa,Estándar urbano,Comercio minorista,6.4,157.6,0,,12.14,3.6
LA-001460,2026-03-03 13:14:00,Guayas,Costa,Express,PyME,7.1,98.6,0,,28.03,3.1
LA-001340,2026-03-03 13:27:00,Guayas,Costa,Estándar urbano,Comercio minorista,10.0,100.7,0,,16.78,8.1
LA-004544,2026-03-03 13:30:00,Manabí,Costa,Estándar urbano,PyME,6.7,193.3,0,,18.5,21.0
LA-002878,2026-03-03 13:40:00,Pichincha,Sierra,Estándar urbano,Comercio minorista,9.8,196.5,0,,17.44,7.0
LA-004556,2026-03-03 13:54:00,Manabí,Costa,Estándar urbano,PyME,10.5,123.7,0,,14.68,5.0
LA-003870,2026-03-03 14:12:00,Azuay,Sierra,Estándar urbano,Corporativo,10.2,124.2,0,,33.0,3.8
LA-003846,2026-03-03 14:25:00,Azuay,Sierra,Estándar urbano,PyME,7.7,216.1,0,,23.99,2.2
LA-001133,2026-03-03 14:33:00,Guayas,Costa,Estándar urbano,PyME,7.7,156.8,0,,27.54,8.0
LA-004562,2026-03-03 14:38:00,Manabí,Costa,Estándar urbano,PyME,11.4,169.2,0,,24.25,14.1
LA-002841,2026-03-03 15:11:00,Pichincha,Sierra,Estándar urbano,Comercio minorista,7.8,135.2,0,,22.95,4.8
LA-005275,2026-03-03 15:26:00,Tungurahua,Sierra,Express,Comercio minorista,9.4,87.2,0,,30.13,8.3
LA-003150,2026-03-03 15:54:00,Pichincha,Sierra,Programado,PyME,7.6,172.2,0,,35.05,17.2
LA-002784,2026-03-03 15:58:00,Pichincha,Sierra,Estándar urbano,PyME,7.0,137.2,0,,23.36,9.9
LA-001386,2026-03-03 16:02:00,Guayas,Costa,Estándar urbano,Corporativo,9.3,130.4,0,,26.83,4.0
LA-003079,2026-03-03 16:14:00,Pichincha,Sierra,Express,Comercio minorista,8.2,79.6,0,,23.42,6.5
LA-003120,2026-03-03 16:37:00,Pichincha,Sierra,Express,PyME,10.8,81.6,0,,25.9,7.3
LA-004698,2026-03-03 17:12:00,Manabí,Costa,Programado,Comercio minorista,10.8,238.9,0,,25.17,23.0
LA-002865,2026-03-03 17:37:00,Pichincha,Sierra,Estándar urbano,Comercio minorista,6.5,191.4,0,,17.69,6.6
LA-005158,2026-03-03 18:52:00,Tungurahua,Sierra,Estándar urbano,PyME,8.3,113.3,0,,12.25,11.5
LA-001367,2026-03-03 19:19:00,Guayas,Costa,Estándar urbano,PyME,8.6,76.9,0,,26.09,2.7
LA-005170,2026-03-03 19:38:00,Tungurahua,Sierra,Estándar urbano,Comercio minorista,8.1,98.9,0,,16.98,9.0
LA-004524,2026-03-04 07:04:00,Manabí,Costa,Estándar urbano,PyME,13.8,222.9,1,Demora en atención,19.81,34.5
LA-002956,2026-03-04 07:21:00,Pichincha,Sierra,Express,Comercio minorista,6.6,93.1,0,,19.87,8.4
LA-004581,2026-03-04 07:23:00,Manabí,Costa,Estándar urbano,PyME,10.9,403.0,0,,36.54,21.4
LA-002877,2026-03-04 07:38:00,Pichincha,Sierra,Estándar urbano,Comercio minorista,9.1,148.7,0,,23.64,25.1
LA-001645,2026-03-04 08:20:00,Guayas,Costa,Programado,Comercio minorista,6.2,191.0,0,,11.04,3.9
LA-003094,2026-03-04 08:24:00,Pichincha,Sierra,Express,Comercio minorista,9.2,110.8,0,,33.57,7.2
LA-004691,2026-03-04 09:18:00,Manabí,Costa,Programado,PyME,7.7,244.1,0,,32.24,17.2
LA-005683,2026-03-04 09:28:00,Loja,Sierra,Estándar urbano,Comercio minorista,9.7,166.4,0,,22.61,32.1
LA-003882,2026-03-04 09:29:00,Azuay,Sierra,Estándar urbano,PyME,8.7,115.3,0,,19.66,4.6
LA-005739,2026-03-04 10:00:00,Loja,Sierra,Estándar urbano,Corporativo,7.8,166.9,0,,20.07,5.0
LA-003890,2026-03-04 10:03:00,Azuay,Sierra,Estándar urbano,Corporativo,5.4,138.8,0,,25.42,6.9
LA-004501,2026-03-04 10:03:00,Manabí,Costa,Estándar urbano,PyME,12.6,109.9,0,,16.18,5.9
LA-001112,2026-03-04 10:13:00,Guayas,Costa,Estándar urbano,Comercio minorista,7.0,103.7,0,,16.25,2.7
LA-003066,2026-03-04 10:17:00,Pichincha,Sierra,Express,Corporativo,7.2,111.3,0,,64.46,14.4
LA-001384,2026-03-04 10:31:00,Guayas,Costa,Estándar urbano,PyME,6.2,129.9,0,,31.08,6.1
LA-001259,2026-03-04 10:42:00,Guayas,Costa,Estándar urbano,PyME,5.6,146.7,0,,44.21,10.6
LA-003057,2026-03-04 10:46:00,Pichincha,Sierra,Express,Comercio minorista,5.9,44.1,0,,22.92,5.4
LA-002803,2026-03-04 11:02:00,Pichincha,Sierra,Estándar urbano,Comercio minorista,9.8,151.6,0,,27.5,12.0
LA-001484,2026-03-04 11:04:00,Guayas,Costa,Express,Corporativo,10.3,47.5,0,,36.6,9.4
LA-001473,2026-03-04 11:08:00,Guayas,Costa,Express,PyME,9.3,85.3,0,,23.95,4.5
LA-004558,2026-03-04 11:11:00,Manabí,Costa,Estándar urbano,PyME,6.7,131.7,0,,25.92,11.8
LA-001545,2026-03-04 11:28:00,Guayas,Costa,Express,Comercio minorista,11.5,113.1,0,,38.06,12.3
LA-001443,2026-03-04 11:37:00,Guayas,Costa,Express,Comercio minorista,10.6,98.4,0,,19.87,9.3
LA-003913,2026-03-04 11:47:00,Azuay,Sierra,Express,PyME,10.5,68.7,0,,38.25,8.3
LA-005156,2026-03-04 11:50:00,Tungurahua,Sierra,Estándar urbano,Corporativo,6.5,110.0,0,,21.07,7.6
LA-002663,2026-03-04 11:56:00,Pichincha,Sierra,Estándar urbano,Comercio minorista,6.3,108.0,0,,7.93,10.0
LA-001491,2026-03-04 12:02:00,Guayas,Costa,Express,PyME,9.9,63.9,0,,42.21,7.4
LA-001428,2026-03-04 12:03:00,Guayas,Costa,Express,PyME,5.0,48.8,0,,30.05,6.1
LA-005168,2026-03-04 12:12:00,Tungurahua,Sierra,Estándar urbano,PyME,9.6,103.3,0,,14.93,4.7
LA-003158,2026-03-04 12:17:00,Pichincha,Sierra,Programado,PyME,4.9,152.2,0,,23.5,8.7
LA-003087,2026-03-04 12:18:00,Pichincha,Sierra,Express,Comercio minorista,6.4,127.1,0,,34.01,7.9
LA-001310,2026-03-04 12:27:00,Guayas,Costa,Estándar urbano,Comercio minorista,10.9,143.2,0,,16.78,4.3
LA-003076,2026-03-04 12:29:00,Pichincha,Sierra,Express,Comercio minorista,6.8,89.4,0,,31.51,10.2
LA-003784,2026-03-04 12:48:00,Azuay,Sierra,Estándar urbano,Comercio minorista,3.8,107.4,0,,14.21,4.1
LA-003837,2026-03-04 13:02:00,Azuay,Sierra,Estándar urbano,Corporativo,9.0,96.1,0,,35.14,2.8
LA-005235,2026-03-04 13:04:00,Tungurahua,Sierra,Estándar urbano,Comercio minorista,10.7,103.3,0,,21.82,5.3
LA-001136,2026-03-04 13:18:00,Guayas,Costa,Estándar urbano,PyME,10.5,158.5,0,,13.84,9.5
LA-005186,2026-03-04 13:27:00,Tungurahua,Sierra,Estándar urbano,Comercio minorista,8.8,96.6,0,,15.47,9.4
LA-002959,2026-03-04 13:36:00,Pichincha,Sierra,Express,Comercio minorista,4.0,78.4,0,,17.47,6.0
LA-003789,2026-03-04 13:44:00,Azuay,Sierra,Estándar urbano,Corporativo,6.0,106.2,0,,18.75,1.9
LA-001656,2026-03-04 13:47:00,Guayas,Costa,Programado,Comercio minorista,5.7,106.3,0,,24.5,9.0
LA-001601,2026-03-04 13:53:00,Guayas,Costa,Express,Corporativo,7.8,145.9,1,Falta de actualización,29.67,6.4
LA-003814,2026-03-04 14:00:00,Azuay,Sierra,Estándar urbano,Comercio minorista,6.4,128.6,0,,13.45,14.2
LA-005209,2026-03-04 14:17:00,Tungurahua,Sierra,Estándar urbano,PyME,7.5,120.2,0,,19.47,1.7
LA-001514,2026-03-04 14:43:00,Guayas,Costa,Express,Comercio minorista,7.5,56.0,0,,48.22,6.7
LA-004552,2026-03-04 14:46:00,Manabí,Costa,Estándar urbano,PyME,9.9,199.9,0,,15.9,28.1
LA-003086,2026-03-04 14:50:00,Pichincha,Sierra,Express,Corporativo,6.8,47.7,0,,28.58,2.5
LA-004668,2026-03-04 15:16:00,Manabí,Costa,Express,PyME,11.7,52.9,0,,32.26,8.1
LA-001700,2026-03-04 15:33:00,Guayas,Costa,Programado,Comercio minorista,11.1,427.4,0,,20.78,5.7
LA-001122,2026-03-04 16:19:00,Guayas,Costa,Estándar urbano,PyME,8.9,178.5,0,,32.31,18.4
LA-004553,2026-03-04 16:40:00,Manabí,Costa,Estándar urbano,PyME,11.9,156.0,0,,17.19,11.2
LA-001139,2026-03-04 18:15:00,Guayas,Costa,Estándar urbano,PyME,8.4,153.0,0,,13.17,7.7
LA-001489,2026-03-04 18:43:00,Guayas,Costa,Express,PyME,10.5,80.4,0,,42.77,4.1
LA-004667,2026-03-05 07:04:00,Manabí,Costa,Express,PyME,12.9,107.5,1,Paquete con incidencia,24.73,45.0
LA-003172,2026-03-05 07:08:00,Pichincha,Sierra,Programado,Comercio minorista,8.3,169.2,0,,13.8,11.1
LA-002754,2026-03-05 07:13:00,Pichincha,Sierra,Estándar urbano,PyME,5.0,118.3,0,,20.21,7.2
LA-003731,2026-03-05 07:15:00,Azuay,Sierra,Estándar urbano,PyME,5.6,134.4,0,,18.35,14.9
LA-003988,2026-03-05 07:18:00,Azuay,Sierra,Programado,Comercio minorista,7.9,120.3,0,,32.53,6.7
LA-001380,2026-03-05 07:19:00,Guayas,Costa,Estándar urbano,PyME,7.9,95.5,0,,29.63,7.9
LA-001230,2026-03-05 07:35:00,Guayas,Costa,Estándar urbano,PyME,8.9,141.9,0,,25.35,4.7
LA-003733,2026-03-05 08:05:00,Azuay,Sierra,Estándar urbano,Corporativo,5.3,141.8,0,,37.92,3.9
LA-002687,2026-03-05 08:19:00,Pichincha,Sierra,Estándar urbano,Comercio minorista,9.5,171.3,0,,29.89,23.9
LA-002871,2026-03-05 08:59:00,Pichincha,Sierra,Estándar urbano,Comercio minorista,5.3,132.0,0,,15.48,8.0
LA-003943,2026-03-05 09:02:00,Azuay,Sierra,Express,Comercio minorista,5.7,73.5,0,,33.28,6.1
LA-004699,2026-03-05 09:15:00,Manabí,Costa,Programado,PyME,6.6,179.0,0,,26.06,11.1
LA-001169,2026-03-05 09:17:00,Guayas,Costa,Estándar urbano,PyME,7.4,117.2,0,,21.97,7.1
LA-002925,2026-03-05 09:27:00,Pichincha,Sierra,Estándar urbano,Comercio minorista,8.8,178.4,0,,20.98,18.4
LA-001148,2026-03-05 09:34:00,Guayas,Costa,Estándar urbano,Comercio minorista,9.4,132.0,0,,12.63,11.2
LA-002905,2026-03-05 09:38:00,Pichincha,Sierra,Estándar urbano,PyME,5.9,148.5,0,,17.16,3.9
LA-004595,2026-03-05 09:43:00,Manabí,Costa,Estándar urbano,PyME,12.4,136.9,0,,20.93,10.2
LA-001665,2026-03-05 09:49:00,Guayas,Costa,Programado,Corporativo,6.0,160.4,0,,26.1,10.0
LA-001266,2026-03-05 09:54:00,Guayas,Costa,Estándar urbano,PyME,9.9,66.1,0,,14.2,2.9
LA-001432,2026-03-05 10:09:00,Guayas,Costa,Express,PyME,9.8,117.1,0,,25.88,13.9
LA-004697,2026-03-05 10:18:00,Manabí,Costa,Programado,PyME,9.5,188.7,0,,21.14,9.3
LA-001706,2026-03-05 10:20:00,Guayas,Costa,Programado,Comercio minorista,10.1,151.6,0,,21.14,9.5
LA-003954,2026-03-05 10:25:00,Azuay,Sierra,Express,Comercio minorista,7.5,59.8,0,,18.54,9.9
LA-003889,2026-03-05 10:27:00,Azuay,Sierra,Estándar urbano,Comercio minorista,7.0,92.6,0,,24.05,1.3
LA-001597,2026-03-05 10:33:00,Guayas,Costa,Express,Comercio minorista,9.7,90.7,0,,37.62,6.5
LA-003201,2026-03-05 10:33:00,Pichincha,Sierra,Programado,Corporativo,5.1,167.1,0,,36.76,1.8
LA-003751,2026-03-05 10:36:00,Azuay,Sierra,Estándar urbano,Comercio minorista,6.5,105.1,0,,11.48,1.6
LA-005271,2026-03-05 10:36:00,Tungurahua,Sierra,Express,Comercio minorista,7.9,58.5,0,,21.82,23.3
LA-003960,2026-03-05 10:42:00,Azuay,Sierra,Express,Comercio minorista,7.7,92.9,0,,25.32,12.9
LA-003974,2026-03-05 10:48:00,Azuay,Sierra,Programado,Comercio minorista,2.5,134.2,0,,33.33,3.1
LA-003175,2026-03-05 10:58:00,Pichincha,Sierra,Programado,PyME,4.6,165.5,0,,17.78,14.1
LA-005347,2026-03-05 11:01:00,Tungurahua,Sierra,Programado,Comercio minorista,7.2,133.3,0,,26.8,4.5
LA-003856,2026-03-05 11:06:00,Azuay,Sierra,Estándar urbano,Corporativo,5.0,148.6,0,,24.37,7.1
LA-003008,2026-03-05 11:15:00,Pichincha,Sierra,Express,PyME,7.7,119.9,1,Falta de actualización,25.71,19.3
LA-005780,2026-03-05 11:25:00,Loja,Sierra,Programado,PyME,5.4,185.2,0,,28.35,13.4
LA-003992,2026-03-05 11:26:00,Azuay,Sierra,Programado,PyME,4.6,184.6,0,,13.87,14.6
LA-001553,2026-03-05 11:27:00,Guayas,Costa,Express,Comercio minorista,8.3,130.9,0,,38.22,13.1
LA-004008,2026-03-05 11:29:00,Azuay,Sierra,Programado,Comercio minorista,7.4,132.3,0,,21.58,8.4
LA-001628,2026-03-05 11:37:00,Guayas,Costa,Programado,Comercio minorista,8.4,200.9,0,,27.78,22.3
LA-003115,2026-03-05 11:42:00,Pichincha,Sierra,Express,Comercio minorista,5.9,122.6,0,,33.06,10.6
LA-001698,2026-03-05 11:50:00,Guayas,Costa,Programado,Comercio minorista,11.0,227.0,0,,26.14,26.9
LA-005765,2026-03-05 11:58:00,Loja,Sierra,Express,PyME,9.7,172.8,0,,25.49,12.5
LA-005744,2026-03-05 12:05:00,Loja,Sierra,Estándar urbano,PyME,9.9,208.7,0,,23.14,14.1
LA-003098,2026-03-05 12:12:00,Pichincha,Sierra,Express,Comercio minorista,8.8,81.7,0,,26.65,12.6
LA-002756,2026-03-05 12:24:00,Pichincha,Sierra,Estándar urbano,PyME,11.3,122.1,0,,16.43,2.1
LA-003944,2026-03-05 12:25:00,Azuay,Sierra,Express,Comercio minorista,10.9,73.2,0,,24.58,13.9
LA-003084,2026-03-05 12:32:00,Pichincha,Sierra,Express,Corporativo,5.5,121.0,0,,41.79,9.9
LA-001290,2026-03-05 12:52:00,Guayas,Costa,Estándar urbano,Comercio minorista,6.4,163.7,0,,17.65,27.3
LA-004540,2026-03-05 13:01:00,Manabí,Costa,Estándar urbano,Comercio minorista,9.8,101.2,0,,15.4,10.0
LA-001587,2026-03-05 13:12:00,Guayas,Costa,Express,Corporativo,12.3,47.4,0,,42.57,8.2
LA-002856,2026-03-05 13:16:00,Pichincha,Sierra,Estándar urbano,PyME,7.9,137.7,0,,24.58,3.8
LA-003204,2026-03-05 13:21:00,Pichincha,Sierra,Programado,PyME,6.1,132.7,0,,26.99,13.6
LA-003131,2026-03-05 13:35:00,Pichincha,Sierra,Programado,Comercio minorista,9.0,154.4,0,,16.07,4.2
LA-003160,2026-03-05 13:45:00,Pichincha,Sierra,Programado,Corporativo,8.1,128.9,0,,46.35,8.5
LA-004467,2026-03-05 13:51:00,Manabí,Costa,Estándar urbano,Corporativo,10.9,169.7,0,,19.18,4.2
LA-004002,2026-03-05 13:56:00,Azuay,Sierra,Programado,PyME,8.2,154.1,0,,14.69,17.1
LA-004689,2026-03-05 13:58:00,Manabí,Costa,Programado,PyME,4.7,252.2,0,,17.04,10.4
LA-005211,2026-03-05 13:59:00,Tungurahua,Sierra,Estándar urbano,PyME,5.3,119.4,0,,21.04,6.9
LA-002881,2026-03-05 14:00:00,Pichincha,Sierra,Estándar urbano,Corporativo,3.4,172.9,0,,38.99,35.3
LA-002987,2026-03-05 14:20:00,Pichincha,Sierra,Express,Comercio minorista,10.9,87.7,0,,33.09,7.5
LA-004555,2026-03-05 14:21:00,Manabí,Costa,Estándar urbano,PyME,10.9,431.1,0,,46.75,21.0
LA-005251,2026-03-05 14:36:00,Tungurahua,Sierra,Estándar urbano,Comercio minorista,11.5,78.2,0,,17.46,4.0
LA-003735,2026-03-05 14:39:00,Azuay,Sierra,Estándar urbano,Corporativo,6.3,112.8,0,,24.18,1.1
LA-003053,2026-03-05 15:04:00,Pichincha,Sierra,Express,Comercio minorista,10.2,75.8,0,,32.57,9.7
LA-001325,2026-03-05 15:16:00,Guayas,Costa,Estándar urbano,PyME,4.2,144.0,1,Paquete con incidencia,26.43,21.4
LA-002974,2026-03-05 15:27:00,Pichincha,Sierra,Express,Corporativo,6.6,77.1,0,,26.76,5.3
LA-004708,2026-03-05 15:36:00,Manabí,Costa,Programado,Comercio minorista,7.7,254.5,0,,22.35,19.7
LA-001594,2026-03-05 15:53:00,Guayas,Costa,Express,PyME,10.9,99.5,0,,21.73,2.6
LA-002832,2026-03-05 15:56:00,Pichincha,Sierra,Estándar urbano,PyME,8.3,118.4,0,,32.92,4.5
LA-003185,2026-03-05 15:58:00,Pichincha,Sierra,Programado,PyME,5.0,158.8,0,,22.24,7.4
LA-004653,2026-03-05 16:01:00,Manabí,Costa,Express,Corporativo,10.4,68.0,0,,26.87,3.2
LA-003080,2026-03-05 16:06:00,Pichincha,Sierra,Express,PyME,5.1,160.3,0,,42.38,21.2
LA-001257,2026-03-05 16:11:00,Guayas,Costa,Estándar urbano,Comercio minorista,7.0,130.8,0,,21.65,3.2
LA-004690,2026-03-05 16:12:00,Manabí,Costa,Programado,Comercio minorista,9.8,194.6,0,,19.43,12.9
LA-005206,2026-03-05 17:00:00,Tungurahua,Sierra,Estándar urbano,Comercio minorista,6.3,218.2,0,,16.4,6.5
LA-001288,2026-03-05 17:27:00,Guayas,Costa,Estándar urbano,PyME,10.6,146.3,1,Demora en atención,30.75,7.1
LA-001461,2026-03-05 17:30:00,Guayas,Costa,Express,PyME,10.0,111.3,0,,49.62,12.0
LA-003787,2026-03-05 17:36:00,Azuay,Sierra,Estándar urbano,Comercio minorista,5.3,90.6,0,,16.56,3.4
LA-003092,2026-03-05 18:32:00,Pichincha,Sierra,Express,Comercio minorista,10.3,68.0,0,,26.99,13.9
LA-005696,2026-03-05 18:52:00,Loja,Sierra,Estándar urbano,Comercio minorista,9.4,121.4,0,,23.35,8.1
LA-001427,2026-03-06 07:06:00,Guayas,Costa,Express,Comercio minorista,10.7,213.6,0,,16.83,3.5
LA-003049,2026-03-06 07:48:00,Pichincha,Sierra,Express,PyME,6.0,62.6,0,,34.65,4.7
LA-001467,2026-03-06 08:06:00,Guayas,Costa,Express,Corporativo,7.3,136.8,1,Falta de actualización,36.47,7.8
LA-004673,2026-03-06 08:10:00,Manabí,Costa,Express,Corporativo,7.7,114.2,0,,45.83,4.4
LA-004515,2026-03-06 08:20:00,Manabí,Costa,Estándar urbano,Comercio minorista,10.1,160.9,0,,24.43,8.8
LA-005268,2026-03-06 08:49:00,Tungurahua,Sierra,Express,PyME,12.8,73.3,0,,25.08,13.5
LA-001472,2026-03-06 08:51:00,Guayas,Costa,Express,Comercio minorista,10.8,94.9,0,,17.78,2.6
LA-003803,2026-03-06 08:55:00,Azuay,Sierra,Estándar urbano,Comercio minorista,6.0,119.1,0,,25.26,6.2
LA-001336,2026-03-06 09:03:00,Guayas,Costa,Estándar urbano,PyME,11.1,155.1,0,,50.7,42.8
LA-004496,2026-03-06 09:10:00,Manabí,Costa,Estándar urbano,Corporativo,8.2,127.0,0,,50.2,5.7
LA-005714,2026-03-06 10:26:00,Loja,Sierra,Estándar urbano,PyME,6.2,520.0,0,,20.86,14.3
LA-001657,2026-03-06 10:29:00,Guayas,Costa,Programado,Comercio minorista,6.2,179.8,0,,22.5,21.2
LA-003838,2026-03-06 10:41:00,Azuay,Sierra,Estándar urbano,Corporativo,4.9,131.8,0,,20.34,10.2
LA-004000,2026-03-06 11:00:00,Azuay,Sierra,Programado,Corporativo,7.2,178.1,0,,31.1,12.2
LA-001462,2026-03-06 11:12:00,Guayas,Costa,Express,Corporativo,7.5,153.5,0,,19.74,5.4
LA-001573,2026-03-06 11:32:00,Guayas,Costa,Express,PyME,11.3,79.0,0,,37.09,7.0
LA-005787,2026-03-06 11:44:00,Loja,Sierra,Programado,PyME,7.5,131.9,0,,22.13,15.1
LA-001099,2026-03-06 11:56:00,Guayas,Costa,Estándar urbano,PyME,8.2,157.0,0,,13.51,26.3
LA-003788,2026-03-06 12:15:00,Azuay,Sierra,Estándar urbano,Comercio minorista,5.1,122.8,0,,14.38,9.3
LA-002876,2026-03-06 12:16:00,Pichincha,Sierra,Estándar urbano,Corporativo,6.0,99.0,0,,20.23,1.0
LA-003987,2026-03-06 12:23:00,Azuay,Sierra,Programado,Comercio minorista,13.0,149.5,1,Demora en entrega,23.3,2.1
LA-001351,2026-03-06 12:23:00,Guayas,Costa,Estándar urbano,PyME,10.7,165.6,0,,30.81,8.4
LA-001499,2026-03-06 12:40:00,Guayas,Costa,Express,Comercio minorista,10.1,90.3,0,,32.86,17.0
LA-005776,2026-03-06 12:49:00,Loja,Sierra,Express,Corporativo,8.8,97.8,0,,37.05,15.8
LA-004484,2026-03-06 13:05:00,Manabí,Costa,Estándar urbano,PyME,13.3,168.6,0,,12.6,8.9
LA-002749,2026-03-06 13:09:00,Pichincha,Sierra,Estándar urbano,Corporativo,7.6,128.7,0,,25.79,12.4
LA-002818,2026-03-06 13:09:00,Pichincha,Sierra,Estándar urbano,Comercio minorista,6.2,134.0,0,,20.25,13.7
LA-004670,2026-03-06 13:14:00,Manabí,Costa,Express,PyME,6.7,146.4,0,,20.92,8.2
LA-005324,2026-03-06 13:16:00,Tungurahua,Sierra,Programado,PyME,6.2,148.1,0,,34.46,14.5
LA-004523,2026-03-06 13:28:00,Manabí,Costa,Estándar urbano,Comercio minorista,11.0,107.2,0,,13.68,3.9
LA-004631,2026-03-06 13:30:00,Manabí,Costa,Express,Comercio minorista,10.4,182.4,0,,23.07,2.0
LA-001478,2026-03-06 14:02:00,Guayas,Costa,Express,PyME,7.7,276.7,0,,27.6,7.3
LA-001465,2026-03-06 14:10:00,Guayas,Costa,Express,Comercio minorista,8.2,116.4,0,,39.8,5.5
LA-005770,2026-03-06 14:10:00,Loja,Sierra,Express,PyME,7.9,200.1,0,,27.33,9.1
LA-002882,2026-03-06 14:18:00,Pichincha,Sierra,Estándar urbano,PyME,7.3,92.9,0,,11.99,3.5
LA-005684,2026-03-06 14:19:00,Loja,Sierra,Estándar urbano,Corporativo,8.8,180.8,0,,25.24,4.9
LA-005769,2026-03-06 14:22:00,Loja,Sierra,Express,Comercio minorista,10.1,103.7,0,,17.47,10.6
LA-002919,2026-03-06 14:23:00,Pichincha,Sierra,Estándar urbano,PyME,7.6,129.0,0,,20.79,12.7
LA-001323,2026-03-06 15:12:00,Guayas,Costa,Estándar urbano,PyME,8.1,104.0,0,,20.65,10.5
LA-003039,2026-03-06 15:14:00,Pichincha,Sierra,Express,Comercio minorista,10.5,168.1,0,,19.07,23.3
LA-003940,2026-03-06 15:19:00,Azuay,Sierra,Express,Comercio minorista,9.1,81.3,0,,25.07,6.1
LA-001271,2026-03-06 15:24:00,Guayas,Costa,Estándar urbano,Comercio minorista,7.6,114.2,0,,11.88,17.4
LA-005661,2026-03-06 15:27:00,Loja,Sierra,Estándar urbano,Comercio minorista,8.0,161.9,0,,16.25,9.1
LA-004695,2026-03-06 16:20:00,Manabí,Costa,Programado,PyME,8.2,201.7,0,,24.02,7.0
LA-005150,2026-03-06 17:23:00,Tungurahua,Sierra,Estándar urbano,Comercio minorista,3.1,123.2,0,,18.65,18.9
LA-001145,2026-03-06 17:24:00,Guayas,Costa,Estándar urbano,Comercio minorista,6.2,129.3,0,,11.99,8.1
LA-004463,2026-03-06 18:44:00,Manabí,Costa,Estándar urbano,PyME,7.0,117.3,0,,20.82,25.6
LA-005165,2026-03-06 19:02:00,Tungurahua,Sierra,Estándar urbano,PyME,8.1,95.2,0,,24.82,3.5
LA-004531,2026-03-07 07:06:00,Manabí,Costa,Estándar urbano,PyME,7.9,124.9,0,,19.19,6.2
LA-001637,2026-03-07 07:10:00,Guayas,Costa,Programado,Comercio minorista,4.3,112.1,0,,23.21,9.4
LA-005320,2026-03-07 07:13:00,Tungurahua,Sierra,Programado,Corporativo,6.6,134.8,0,,24.39,6.0
LA-003843,2026-03-07 07:37:00,Azuay,Sierra,Estándar urbano,Corporativo,6.3,93.1,0,,22.35,8.0
LA-001256,2026-03-07 07:42:00,Guayas,Costa,Estándar urbano,PyME,6.1,110.4,0,,28.55,16.8
LA-001705,2026-03-07 07:57:00,Guayas,Costa,Programado,PyME,6.7,146.5,0,,17.03,6.5
LA-002723,2026-03-07 07:57:00,Pichincha,Sierra,Estándar urbano,Corporativo,4.2,348.3,0,,17.71,6.6
LA-002924,2026-03-07 08:04:00,Pichincha,Sierra,Estándar urbano,Corporativo,7.1,144.1,0,,37.69,5.7
LA-001558,2026-03-07 08:06:00,Guayas,Costa,Express,PyME,8.0,83.1,0,,19.88,7.3
LA-003840,2026-03-07 08:23:00,Azuay,Sierra,Estándar urbano,PyME,8.6,116.9,0,,27.38,5.5
LA-001393,2026-03-07 08:29:00,Guayas,Costa,Estándar urbano,Comercio minorista,8.1,155.8,0,,22.19,12.0
LA-003061,2026-03-07 08:31:00,Pichincha,Sierra,Express,Corporativo,5.4,63.6,0,,26.55,10.8
LA-005758,2026-03-07 08:53:00,Loja,Sierra,Express,PyME,7.3,52.4,0,,22.0,11.3
LA-004696,2026-03-07 09:16:00,Manabí,Costa,Programado,Comercio minorista,7.0,165.2,0,,17.88,7.2
LA-001107,2026-03-07 09:34:00,Guayas,Costa,Estándar urbano,Corporativo,8.5,256.8,0,,19.03,36.9
LA-001121,2026-03-07 10:00:00,Guayas,Costa,Estándar urbano,PyME,9.5,144.1,0,,23.58,2.2
LA-001577,2026-03-07 10:10:00,Guayas,Costa,Express,Corporativo,8.2,72.2,0,,26.78,13.4
LA-001369,2026-03-07 10:13:00,Guayas,Costa,Estándar urbano,Corporativo,10.2,102.6,0,,62.23,13.8
LA-003023,2026-03-07 10:31:00,Pichincha,Sierra,Express,PyME,6.4,123.4,0,,30.58,20.5
LA-002800,2026-03-07 10:44:00,Pichincha,Sierra,Estándar urbano,PyME,7.7,138.6,0,,20.19,2.1
LA-001097,2026-03-07 10:56:00,Guayas,Costa,Estándar urbano,Comercio minorista,9.1,127.1,0,,24.47,6.3
LA-005323,2026-03-07 11:00:00,Tungurahua,Sierra,Programado,Comercio minorista,10.4,176.7,0,,17.41,32.7
LA-002703,2026-03-07 11:01:00,Pichincha,Sierra,Estándar urbano,PyME,6.0,101.4,0,,23.78,5.0
LA-001346,2026-03-07 11:02:00,Guayas,Costa,Estándar urbano,Comercio minorista,6.2,165.2,0,,21.56,10.2
LA-001571,2026-03-07 11:05:00,Guayas,Costa,Express,PyME,8.6,45.0,0,,27.71,1.2
LA-002758,2026-03-07 11:14:00,Pichincha,Sierra,Estándar urbano,Comercio minorista,7.5,125.8,0,,15.01,17.0
LA-001591,2026-03-07 11:17:00,Guayas,Costa,Express,PyME,13.4,79.9,0,,38.1,8.9
LA-005166,2026-03-07 11:29:00,Tungurahua,Sierra,Estándar urbano,Comercio minorista,8.3,94.6,0,,18.58,7.0
LA-003036,2026-03-07 11:36:00,Pichincha,Sierra,Express,PyME,9.8,108.1,0,,21.1,27.6
LA-004657,2026-03-07 11:39:00,Manabí,Costa,Express,Corporativo,10.8,141.8,0,,24.92,2.0
LA-001299,2026-03-07 11:45:00,Guayas,Costa,Estándar urbano,Corporativo,8.3,160.8,0,,25.94,22.0
LA-005308,2026-03-07 11:55:00,Tungurahua,Sierra,Express,PyME,7.0,64.0,0,,23.97,4.3
LA-003777,2026-03-07 12:02:00,Azuay,Sierra,Estándar urbano,Corporativo,6.8,120.4,0,,22.78,5.3
LA-001305,2026-03-07 12:25:00,Guayas,Costa,Estándar urbano,Comercio minorista,10.1,131.2,0,,26.05,10.4
LA-004543,2026-03-07 12:27:00,Manabí,Costa,Estándar urbano,PyME,8.4,105.6,0,,14.52,4.6
LA-001647,2026-03-07 12:35:00,Guayas,Costa,Programado,Corporativo,9.9,149.4,0,,35.52,17.4
LA-002776,2026-03-07 12:40:00,Pichincha,Sierra,Estándar urbano,Comercio minorista,6.9,153.4,0,,23.18,16.5
LA-002671,2026-03-07 12:43:00,Pichincha,Sierra,Estándar urbano,PyME,7.4,129.8,0,,22.31,15.8
LA-005187,2026-03-07 12:46:00,Tungurahua,Sierra,Estándar urbano,PyME,8.4,112.9,0,,31.72,7.3
LA-004607,2026-03-07 13:04:00,Manabí,Costa,Estándar urbano,PyME,11.3,135.9,0,,19.73,2.5
LA-001623,2026-03-07 13:08:00,Guayas,Costa,Programado,PyME,9.1,163.6,0,,31.29,14.3
LA-004610,2026-03-07 13:16:00,Manabí,Costa,Estándar urbano,Comercio minorista,8.0,167.9,0,,21.52,8.4
LA-002741,2026-03-07 13:22:00,Pichincha,Sierra,Estándar urbano,PyME,7.9,107.8,0,,19.94,3.1
LA-001378,2026-03-07 13:26:00,Guayas,Costa,Estándar urbano,PyME,10.0,146.4,0,,34.2,17.7
LA-004659,2026-03-07 13:36:00,Manabí,Costa,Express,PyME,10.1,204.9,0,,37.85,20.2
LA-001219,2026-03-07 13:51:00,Guayas,Costa,Estándar urbano,PyME,9.2,146.9,0,,27.44,13.2
LA-005169,2026-03-07 13:53:00,Tungurahua,Sierra,Estándar urbano,PyME,10.0,102.3,0,,20.3,2.2
LA-003921,2026-03-07 13:59:00,Azuay,Sierra,Express,PyME,4.1,28.0,0,,20.44,3.5
LA-001690,2026-03-07 14:18:00,Guayas,Costa,Programado,Corporativo,8.0,166.1,0,,18.87,2.6
LA-004574,2026-03-07 14:21:00,Manabí,Costa,Estándar urbano,Comercio minorista,9.2,205.0,0,,19.0,10.4
LA-005155,2026-03-07 14:26:00,Tungurahua,Sierra,Estándar urbano,PyME,6.9,128.9,0,,9.58,5.0
LA-005298,2026-03-07 14:36:00,Tungurahua,Sierra,Express,Corporativo,6.6,28.0,0,,25.37,3.0
LA-001334,2026-03-07 14:40:00,Guayas,Costa,Estándar urbano,PyME,8.3,94.8,0,,12.17,10.0
LA-003891,2026-03-07 14:45:00,Azuay,Sierra,Estándar urbano,Comercio minorista,9.0,134.6,0,,10.3,5.2
LA-004627,2026-03-07 15:12:00,Manabí,Costa,Express,Comercio minorista,10.8,251.8,0,,20.18,7.4
LA-005703,2026-03-07 15:24:00,Loja,Sierra,Estándar urbano,Comercio minorista,9.8,163.4,0,,16.77,1.4
LA-002745,2026-03-07 16:04:00,Pichincha,Sierra,Estándar urbano,PyME,6.5,136.6,0,,13.01,6.9
LA-001663,2026-03-07 16:12:00,Guayas,Costa,Programado,Comercio minorista,7.8,292.2,0,,35.89,4.0
LA-001184,2026-03-07 16:28:00,Guayas,Costa,Estándar urbano,Comercio minorista,9.8,109.3,0,,18.33,3.9
LA-004486,2026-03-07 16:34:00,Manabí,Costa,Estándar urbano,PyME,7.9,150.6,0,,35.98,16.6
LA-001444,2026-03-07 16:37:00,Guayas,Costa,Express,Comercio minorista,9.7,75.5,0,,28.46,6.7
LA-003823,2026-03-07 16:47:00,Azuay,Sierra,Estándar urbano,PyME,9.2,133.1,0,,22.07,15.1
LA-003737,2026-03-07 17:02:00,Azuay,Sierra,Estándar urbano,Comercio minorista,6.8,107.0,0,,13.06,1.8
LA-001560,2026-03-07 19:36:00,Guayas,Costa,Express,Comercio minorista,8.7,129.7,0,,15.96,8.7
LA-002691,2026-03-08 07:08:00,Pichincha,Sierra,Estándar urbano,PyME,10.8,142.5,0,,16.75,1.0
LA-002951,2026-03-08 07:14:00,Pichincha,Sierra,Express,PyME,3.3,38.2,0,,33.17,10.3
LA-004702,2026-03-08 07:18:00,Manabí,Costa,Programado,PyME,9.0,197.8,0,,32.91,20.9
LA-002765,2026-03-08 07:23:00,Pichincha,Sierra,Estándar urbano,Comercio minorista,5.6,170.7,0,,28.76,23.4
LA-004529,2026-03-08 07:43:00,Manabí,Costa,Estándar urbano,Corporativo,10.0,172.7,0,,29.83,26.0
LA-004650,2026-03-08 07:47:00,Manabí,Costa,Express,PyME,9.2,209.8,0,,39.89,21.5
LA-002900,2026-03-08 07:51:00,Pichincha,Sierra,Estándar urbano,Comercio minorista,5.9,108.3,0,,24.27,6.0
LA-003110,2026-03-08 07:51:00,Pichincha,Sierra,Express,Comercio minorista,8.8,79.6,0,,25.44,2.6
LA-001373,2026-03-08 07:53:00,Guayas,Costa,Estándar urbano,Comercio minorista,9.5,167.3,0,,10.78,14.5
LA-002780,2026-03-08 08:12:00,Pichincha,Sierra,Estándar urbano,PyME,7.6,124.6,0,,14.72,2.8
LA-004651,2026-03-08 08:24:00,Manabí,Costa,Express,PyME,11.7,116.5,0,,23.39,29.9
LA-004532,2026-03-08 08:31:00,Manabí,Costa,Estándar urbano,Comercio minorista,12.9,139.3,0,,9.51,7.1
LA-005659,2026-03-08 08:53:00,Loja,Sierra,Estándar urbano,Comercio minorista,9.9,198.5,0,,10.49,16.9
LA-005725,2026-03-08 09:04:00,Loja,Sierra,Estándar urbano,Corporativo,4.0,517.6,1,Falta de actualización,20.83,12.1
LA-001317,2026-03-08 09:08:00,Guayas,Costa,Estándar urbano,PyME,11.3,169.9,0,,29.62,18.6
LA-001431,2026-03-08 09:09:00,Guayas,Costa,Express,Comercio minorista,7.3,106.9,0,,21.4,8.9
LA-002842,2026-03-08 09:15:00,Pichincha,Sierra,Estándar urbano,Corporativo,6.2,190.0,0,,31.96,16.4
LA-002957,2026-03-08 09:59:00,Pichincha,Sierra,Express,PyME,7.3,109.3,0,,17.64,11.1
LA-003791,2026-03-08 10:00:00,Azuay,Sierra,Estándar urbano,Comercio minorista,5.5,123.2,0,,19.15,5.2
LA-005312,2026-03-08 10:02:00,Tungurahua,Sierra,Express,PyME,8.8,59.3,0,,22.71,9.1
LA-003820,2026-03-08 10:05:00,Azuay,Sierra,Estándar urbano,Comercio minorista,7.9,107.1,0,,26.79,13.2
LA-001658,2026-03-08 10:15:00,Guayas,Costa,Programado,PyME,5.8,123.2,0,,19.52,2.5
LA-001314,2026-03-08 10:17:00,Guayas,Costa,Estándar urbano,Corporativo,4.2,148.2,0,,31.88,10.4
LA-005294,2026-03-08 10:27:00,Tungurahua,Sierra,Express,Comercio minorista,7.6,45.9,0,,31.77,4.0
LA-001648,2026-03-08 10:36:00,Guayas,Costa,Programado,PyME,7.7,178.7,0,,20.88,9.8
LA-001579,2026-03-08 10:41:00,Guayas,Costa,Express,PyME,7.9,91.4,0,,38.61,13.8
LA-003805,2026-03-08 10:46:00,Azuay,Sierra,Estándar urbano,PyME,6.4,116.7,0,,22.36,9.4
LA-001134,2026-03-08 10:50:00,Guayas,Costa,Estándar urbano,Comercio minorista,10.8,121.7,1,Paquete con incidencia,16.44,19.4
LA-002724,2026-03-08 10:51:00,Pichincha,Sierra,Estándar urbano,Comercio minorista,7.7,141.9,0,,43.47,13.2
LA-001128,2026-03-08 11:06:00,Guayas,Costa,Estándar urbano,PyME,10.3,153.4,0,,11.62,7.0
LA-003935,2026-03-08 11:13:00,Azuay,Sierra,Express,PyME,5.2,63.3,0,,40.73,7.8
LA-003754,2026-03-08 11:15:00,Azuay,Sierra,Estándar urbano,Comercio minorista,6.9,97.9,0,,14.09,2.1
LA-001156,2026-03-08 11:30:00,Guayas,Costa,Estándar urbano,Comercio minorista,10.0,109.0,0,,31.64,3.0
LA-003194,2026-03-08 11:31:00,Pichincha,Sierra,Programado,Comercio minorista,6.8,153.7,0,,29.3,3.4
LA-005752,2026-03-08 12:09:00,Loja,Sierra,Estándar urbano,Comercio minorista,10.1,190.8,0,,15.8,5.4
LA-003827,2026-03-08 12:13:00,Azuay,Sierra,Estándar urbano,Corporativo,7.0,104.0,0,,28.52,1.3
LA-005278,2026-03-08 12:18:00,Tungurahua,Sierra,Express,Comercio minorista,6.2,28.2,0,,33.8,3.4
LA-001279,2026-03-08 12:25:00,Guayas,Costa,Estándar urbano,PyME,9.2,92.7,0,,12.06,2.8
LA-001327,2026-03-08 12:32:00,Guayas,Costa,Estándar urbano,Comercio minorista,8.2,151.7,0,,12.37,5.3
LA-001117,2026-03-08 12:43:00,Guayas,Costa,Estándar urbano,Comercio minorista,9.8,97.2,0,,12.04,1.0
LA-001187,2026-03-08 12:47:00,Guayas,Costa,Estándar urbano,Corporativo,6.4,97.4,0,,15.62,1.0
LA-001458,2026-03-08 12:50:00,Guayas,Costa,Express,Comercio minorista,8.5,117.9,0,,16.09,3.0
LA-002709,2026-03-08 12:56:00,Pichincha,Sierra,Estándar urbano,PyME,5.9,129.8,0,,18.78,9.4
LA-003151,2026-03-08 12:59:00,Pichincha,Sierra,Programado,Comercio minorista,6.5,172.9,0,,17.95,13.2
LA-003808,2026-03-08 13:08:00,Azuay,Sierra,Estándar urbano,PyME,7.9,127.9,0,,28.28,8.7
LA-001186,2026-03-08 13:42:00,Guayas,Costa,Estándar urbano,PyME,10.7,110.8,1,Demora en atención,10.53,6.2
LA-003077,2026-03-08 13:52:00,Pichincha,Sierra,Express,Comercio minorista,6.9,72.9,0,,14.61,3.1
LA-002964,2026-03-08 14:07:00,Pichincha,Sierra,Express,Corporativo,7.0,95.7,0,,95.0,7.0
LA-003953,2026-03-08 14:10:00,Azuay,Sierra,Express,Comercio minorista,6.5,58.3,0,,19.37,4.0
LA-001532,2026-03-08 14:29:00,Guayas,Costa,Express,Comercio minorista,11.2,123.8,0,,23.04,6.8
LA-002940,2026-03-08 14:31:00,Pichincha,Sierra,Express,Comercio minorista,7.1,67.4,0,,15.29,4.3
LA-003004,2026-03-08 14:34:00,Pichincha,Sierra,Express,Comercio minorista,8.1,33.6,0,,23.71,3.9
LA-002766,2026-03-08 14:52:00,Pichincha,Sierra,Estándar urbano,PyME,7.8,160.2,0,,26.54,19.0
LA-005693,2026-03-08 14:59:00,Loja,Sierra,Estándar urbano,Comercio minorista,6.2,152.4,0,,14.95,8.7
LA-001418,2026-03-08 15:01:00,Guayas,Costa,Express,PyME,13.2,117.4,0,,27.59,6.2
LA-005185,2026-03-08 15:27:00,Tungurahua,Sierra,Estándar urbano,Comercio minorista,3.8,133.8,0,,23.75,5.5
LA-004506,2026-03-08 15:28:00,Manabí,Costa,Estándar urbano,Comercio minorista,9.8,160.6,0,,14.81,3.7
LA-005285,2026-03-08 15:44:00,Tungurahua,Sierra,Express,Comercio minorista,7.0,69.7,0,,13.36,2.6
LA-001603,2026-03-08 15:50:00,Guayas,Costa,Express,PyME,8.9,62.1,0,,23.88,4.4
LA-005274,2026-03-08 15:55:00,Tungurahua,Sierra,Express,Comercio minorista,9.3,83.3,0,,33.19,10.1
LA-001605,2026-03-08 15:59:00,Guayas,Costa,Express,PyME,11.0,129.6,0,,49.81,10.2
LA-004573,2026-03-08 16:00:00,Manabí,Costa,Estándar urbano,Corporativo,7.3,153.4,0,,21.6,5.2
LA-005239,2026-03-08 16:38:00,Tungurahua,Sierra,Estándar urbano,PyME,8.6,162.8,0,,27.82,7.7
LA-002761,2026-03-08 17:56:00,Pichincha,Sierra,Estándar urbano,Comercio minorista,8.2,156.2,0,,19.7,2.4
LA-001261,2026-03-08 18:53:00,Guayas,Costa,Estándar urbano,Comercio minorista,10.5,190.4,0,,9.2,14.4
LA-002734,2026-03-08 19:02:00,Pichincha,Sierra,Estándar urbano,Corporativo,8.8,180.9,0,,38.91,10.3
LA-005710,2026-03-08 19:53:00,Loja,Sierra,Estándar urbano,Comercio minorista,5.8,150.7,0,,32.54,10.5
LA-005348,2026-03-09 07:01:00,Tungurahua,Sierra,Programado,Comercio minorista,5.7,126.2,0,,18.61,4.9
LA-002913,2026-03-09 07:15:00,Pichincha,Sierra,Estándar urbano,PyME,9.2,133.9,0,,15.27,7.0
LA-001238,2026-03-09 07:17:00,Guayas,Costa,Estándar urbano,PyME,9.3,92.3,0,,14.12,7.6
LA-001199,2026-03-09 07:32:00,Guayas,Costa,Estándar urbano,Comercio minorista,6.9,68.4,0,,20.47,2.6
LA-001102,2026-03-09 07:34:00,Guayas,Costa,Estándar urbano,Comercio minorista,6.9,126.4,0,,11.77,2.7
LA-003975,2026-03-09 07:40:00,Azuay,Sierra,Programado,PyME,5.5,137.2,0,,16.72,2.6
LA-003896,2026-03-09 07:48:00,Azuay,Sierra,Estándar urbano,Comercio minorista,8.3,122.1,0,,18.09,8.1
LA-002855,2026-03-09 07:59:00,Pichincha,Sierra,Estándar urbano,PyME,7.0,130.6,0,,21.69,10.5
LA-002673,2026-03-09 08:14:00,Pichincha,Sierra,Estándar urbano,Corporativo,7.1,98.9,0,,36.06,2.6
LA-003132,2026-03-09 08:17:00,Pichincha,Sierra,Programado,PyME,4.6,157.5,0,,16.33,10.1
LA-001710,2026-03-09 08:18:00,Guayas,Costa,Programado,Corporativo,6.6,158.2,0,,31.68,7.2
LA-004590,2026-03-09 08:54:00,Manabí,Costa,Estándar urbano,Comercio minorista,12.1,205.7,0,,10.32,21.0
LA-003828,2026-03-09 09:01:00,Azuay,Sierra,Estándar urbano,Comercio minorista,4.8,111.5,0,,29.99,4.1
LA-001370,2026-03-09 09:01:00,Guayas,Costa,Estándar urbano,Corporativo,8.6,135.3,0,,31.67,11.7
LA-002771,2026-03-09 09:10:00,Pichincha,Sierra,Estándar urbano,Comercio minorista,6.4,159.7,0,,32.77,19.6
LA-001551,2026-03-09 09:13:00,Guayas,Costa,Express,Corporativo,8.4,50.4,0,,40.96,5.9
LA-002824,2026-03-09 09:18:00,Pichincha,Sierra,Estándar urbano,PyME,7.8,295.9,0,,21.61,5.0
LA-003950,2026-03-09 09:58:00,Azuay,Sierra,Express,PyME,8.9,99.8,0,,32.3,2.3
LA-005671,2026-03-09 09:59:00,Loja,Sierra,Estándar urbano,Corporativo,9.1,209.8,0,,39.82,7.8
LA-004474,2026-03-09 10:06:00,Manabí,Costa,Estándar urbano,PyME,8.2,149.5,0,,27.31,30.2
LA-001332,2026-03-09 10:32:00,Guayas,Costa,Estándar urbano,PyME,5.7,154.4,0,,27.78,10.6
LA-003942,2026-03-09 10:35:00,Azuay,Sierra,Express,Comercio minorista,8.3,83.0,0,,18.84,15.3
LA-003994,2026-03-09 10:55:00,Azuay,Sierra,Programado,Comercio minorista,5.6,141.3,0,,31.56,1.9
LA-001116,2026-03-09 11:03:00,Guayas,Costa,Estándar urbano,Comercio minorista,11.3,128.5,0,,14.65,8.6
LA-002949,2026-03-09 11:33:00,Pichincha,Sierra,Express,PyME,8.6,51.9,0,,46.05,13.3
LA-003147,2026-03-09 11:33:00,Pichincha,Sierra,Programado,PyME,8.5,152.8,0,,16.79,14.8
LA-001283,2026-03-09 11:48:00,Guayas,Costa,Estándar urbano,Corporativo,6.8,150.2,0,,44.57,8.7
LA-003977,2026-03-09 12:02:00,Azuay,Sierra,Programado,Comercio minorista,6.4,132.2,0,,19.2,1.1
LA-002879,2026-03-09 12:06:00,Pichincha,Sierra,Estándar urbano,Comercio minorista,10.7,120.3,0,,9.16,1.0
LA-002914,2026-03-09 12:14:00,Pichincha,Sierra,Estándar urbano,PyME,8.1,172.7,0,,38.99,18.1
LA-001680,2026-03-09 12:15:00,Guayas,Costa,Programado,Comercio minorista,8.4,221.6,0,,30.45,25.0
LA-002798,2026-03-09 12:25:00,Pichincha,Sierra,Estándar urbano,PyME,10.2,201.5,0,,33.92,2.0
LA-001185,2026-03-09 12:29:00,Guayas,Costa,Estándar urbano,Comercio minorista,8.3,91.4,0,,15.72,8.2
LA-003971,2026-03-09 12:30:00,Azuay,Sierra,Programado,Comercio minorista,6.3,154.1,0,,22.83,8.6
LA-003024,2026-03-09 12:35:00,Pichincha,Sierra,Express,PyME,7.5,152.1,0,,46.75,9.9
LA-002777,2026-03-09 12:36:00,Pichincha,Sierra,Estándar urbano,PyME,7.2,180.0,0,,15.17,18.5
LA-001389,2026-03-09 12:53:00,Guayas,Costa,Estándar urbano,Comercio minorista,8.3,134.1,0,,23.59,20.1
LA-003050,2026-03-09 12:58:00,Pichincha,Sierra,Express,Comercio minorista,10.6,88.1,0,,21.99,8.5
LA-005698,2026-03-09 13:00:00,Loja,Sierra,Estándar urbano,PyME,7.8,165.0,0,,24.9,3.0
LA-001413,2026-03-09 13:19:00,Guayas,Costa,Express,Corporativo,5.7,93.4,0,,49.72,6.1
LA-002825,2026-03-09 13:19:00,Pichincha,Sierra,Estándar urbano,PyME,8.4,138.4,0,,19.22,8.2
LA-001217,2026-03-09 13:20:00,Guayas,Costa,Estándar urbano,Corporativo,10.4,139.4,0,,25.5,5.1
LA-002677,2026-03-09 13:21:00,Pichincha,Sierra,Estándar urbano,PyME,6.4,151.7,0,,20.69,7.3
LA-003138,2026-03-09 13:44:00,Pichincha,Sierra,Programado,Comercio minorista,6.1,144.2,0,,31.46,1.4
LA-001498,2026-03-09 13:55:00,Guayas,Costa,Express,Corporativo,10.3,28.0,0,,26.8,5.3
LA-002829,2026-03-09 14:03:00,Pichincha,Sierra,Estándar urbano,Comercio minorista,7.9,109.4,0,,19.68,8.7
LA-003857,2026-03-09 14:13:00,Azuay,Sierra,Estándar urbano,PyME,4.9,107.5,0,,35.04,3.7
LA-001212,2026-03-09 14:13:00,Guayas,Costa,Estándar urbano,Corporativo,4.9,173.9,0,,26.38,44.9
LA-002952,2026-03-09 14:18:00,Pichincha,Sierra,Express,PyME,6.3,105.1,0,,36.3,30.3
LA-003164,2026-03-09 14:18:00,Pichincha,Sierra,Programado,PyME,6.2,145.6,0,,14.69,8.1
LA-001190,2026-03-09 14:30:00,Guayas,Costa,Estándar urbano,Corporativo,8.1,147.6,0,,17.7,3.9
LA-001245,2026-03-09 14:31:00,Guayas,Costa,Estándar urbano,PyME,8.3,185.9,0,,31.08,15.5
LA-001355,2026-03-09 14:47:00,Guayas,Costa,Estándar urbano,PyME,3.8,165.2,1,Demora en entrega,21.45,7.3
LA-004629,2026-03-09 14:47:00,Manabí,Costa,Express,Comercio minorista,11.9,85.2,0,,23.46,8.0
LA-003912,2026-03-09 14:50:00,Azuay,Sierra,Express,Comercio minorista,5.9,28.0,0,,30.34,4.4
LA-003123,2026-03-09 14:50:00,Pichincha,Sierra,Programado,PyME,5.1,166.4,0,,18.96,12.2
LA-004545,2026-03-09 15:01:00,Manabí,Costa,Estándar urbano,Comercio minorista,10.6,93.2,0,,10.62,11.5
LA-005774,2026-03-09 15:12:00,Loja,Sierra,Express,PyME,8.9,140.3,0,,24.48,25.1
LA-004498,2026-03-09 15:35:00,Manabí,Costa,Estándar urbano,PyME,11.4,149.9,0,,13.88,7.2
LA-003908,2026-03-09 15:47:00,Azuay,Sierra,Express,Comercio minorista,6.5,54.7,0,,18.49,8.9
LA-003795,2026-03-09 15:53:00,Azuay,Sierra,Estándar urbano,Corporativo,3.8,95.1,0,,29.08,1.0
LA-004656,2026-03-09 16:01:00,Manabí,Costa,Express,Corporativo,11.5,225.3,0,,29.96,23.0
LA-003816,2026-03-09 16:09:00,Azuay,Sierra,Estándar urbano,Corporativo,7.6,103.7,0,,24.71,2.5
LA-003907,2026-03-09 16:11:00,Azuay,Sierra,Express,PyME,7.1,87.0,1,Demora en entrega,13.78,10.2
LA-003744,2026-03-09 17:28:00,Azuay,Sierra,Estándar urbano,Comercio minorista,8.2,94.2,0,,13.82,6.2
LA-001333,2026-03-09 17:41:00,Guayas,Costa,Estándar urbano,Comercio minorista,6.7,155.1,0,,12.72,6.0
LA-001464,2026-03-09 17:58:00,Guayas,Costa,Express,PyME,9.7,145.3,0,,28.77,9.7
LA-003741,2026-03-09 18:16:00,Azuay,Sierra,Estándar urbano,Corporativo,6.7,105.3,0,,23.11,1.0
LA-001704,2026-03-10 07:08:00,Guayas,Costa,Programado,Corporativo,10.0,193.1,0,,54.28,11.9
LA-004639,2026-03-10 07:16:00,Manabí,Costa,Express,PyME,10.1,192.1,0,,31.77,24.5
LA-001529,2026-03-10 07:17:00,Guayas,Costa,Express,PyME,10.9,123.9,0,,24.0,1.0
LA-002808,2026-03-10 07:18:00,Pichincha,Sierra,Estándar urbano,Corporativo,7.3,146.7,0,,31.01,11.3
LA-001218,2026-03-10 07:36:00,Guayas,Costa,Estándar urbano,Comercio minorista,8.5,232.5,0,,15.36,8.3
LA-004572,2026-03-10 07:38:00,Manabí,Costa,Estándar urbano,Comercio minorista,7.3,184.2,0,,16.83,4.6
LA-004704,2026-03-10 07:57:00,Manabí,Costa,Programado,PyME,11.8,160.0,0,,25.27,7.7
LA-005796,2026-03-10 07:58:00,Loja,Sierra,Programado,Comercio minorista,6.6,147.9,0,,16.02,1.3
LA-002750,2026-03-10 08:08:00,Pichincha,Sierra,Estándar urbano,Corporativo,6.0,94.9,0,,34.16,7.2
LA-001559,2026-03-10 08:23:00,Guayas,Costa,Express,PyME,10.8,32.3,0,,32.09,9.2
LA-004681,2026-03-10 08:26:00,Manabí,Costa,Programado,Corporativo,9.4,164.8,0,,17.07,1.4
LA-003970,2026-03-10 08:40:00,Azuay,Sierra,Express,Comercio minorista,4.3,87.2,0,,63.44,21.8
LA-005745,2026-03-10 08:59:00,Loja,Sierra,Estándar urbano,Comercio minorista,12.9,116.6,0,,13.81,1.0
LA-001521,2026-03-10 09:01:00,Guayas,Costa,Express,PyME,10.3,28.0,0,,25.67,6.2
LA-001342,2026-03-10 09:07:00,Guayas,Costa,Estándar urbano,Comercio minorista,8.5,109.9,0,,15.87,8.5
LA-005267,2026-03-10 09:17:00,Tungurahua,Sierra,Express,PyME,4.5,95.5,0,,22.17,7.4
LA-001118,2026-03-10 09:20:00,Guayas,Costa,Estándar urbano,Comercio minorista,9.1,143.3,0,,11.44,5.1
LA-001146,2026-03-10 09:21:00,Guayas,Costa,Estándar urbano,Comercio minorista,9.5,187.6,0,,40.88,20.0
LA-004576,2026-03-10 09:33:00,Manabí,Costa,Estándar urbano,Corporativo,12.3,131.4,0,,24.91,4.8
LA-005171,2026-03-10 09:46:00,Tungurahua,Sierra,Estándar urbano,Comercio minorista,4.5,108.1,0,,20.44,8.6
LA-005728,2026-03-10 09:59:00,Loja,Sierra,Estándar urbano,Comercio minorista,7.6,126.6,0,,7.25,1.8
LA-001487,2026-03-10 10:02:00,Guayas,Costa,Express,Comercio minorista,9.8,98.3,1,Demora en entrega,16.08,21.4
LA-001352,2026-03-10 10:15:00,Guayas,Costa,Estándar urbano,Corporativo,6.8,89.2,0,,29.14,4.0
LA-001296,2026-03-10 10:23:00,Guayas,Costa,Estándar urbano,Corporativo,11.0,119.8,0,,26.27,8.5
LA-001251,2026-03-10 10:27:00,Guayas,Costa,Estándar urbano,Comercio minorista,9.8,143.4,0,,15.98,5.4
LA-001211,2026-03-10 10:32:00,Guayas,Costa,Estándar urbano,PyME,10.7,83.9,0,,27.19,7.6
LA-002999,2026-03-10 10:35:00,Pichincha,Sierra,Express,PyME,5.3,100.6,0,,19.22,10.9
LA-004497,2026-03-10 10:39:00,Manabí,Costa,Estándar urbano,PyME,13.3,137.1,0,,19.84,6.6
LA-002699,2026-03-10 10:47:00,Pichincha,Sierra,Estándar urbano,Comercio minorista,7.7,145.4,0,,27.08,12.8
LA-003916,2026-03-10 10:48:00,Azuay,Sierra,Express,Comercio minorista,3.5,64.8,0,,28.67,6.3
LA-005345,2026-03-10 10:50:00,Tungurahua,Sierra,Programado,Corporativo,7.8,112.5,0,,21.38,2.4
LA-003865,2026-03-10 11:00:00,Azuay,Sierra,Estándar urbano,PyME,10.8,130.4,0,,16.74,3.2
LA-003914,2026-03-10 11:09:00,Azuay,Sierra,Express,Corporativo,8.0,52.5,0,,44.84,2.7
LA-003819,2026-03-10 11:15:00,Azuay,Sierra,Estándar urbano,Corporativo,2.9,122.1,0,,19.74,13.5
LA-004615,2026-03-10 11:26:00,Manabí,Costa,Estándar urbano,Corporativo,10.2,88.5,0,,16.16,4.9
LA-004608,2026-03-10 11:34:00,Manabí,Costa,Estándar urbano,PyME,8.7,125.1,0,,14.17,7.4
LA-005145,2026-03-10 11:39:00,Tungurahua,Sierra,Estándar urbano,Comercio minorista,5.7,101.0,0,,16.84,3.9
LA-001319,2026-03-10 11:45:00,Guayas,Costa,Estándar urbano,Corporativo,9.0,121.7,0,,59.04,7.2
LA-004705,2026-03-10 11:54:00,Manabí,Costa,Programado,Comercio minorista,9.9,122.4,0,,9.0,2.4
LA-002864,2026-03-10 12:08:00,Pichincha,Sierra,Estándar urbano,PyME,5.9,101.0,0,,27.6,4.5
LA-002735,2026-03-10 12:10:00,Pichincha,Sierra,Estándar urbano,PyME,9.9,190.2,0,,8.97,13.7
LA-005252,2026-03-10 12:10:00,Tungurahua,Sierra,Estándar urbano,Comercio minorista,6.8,98.5,0,,15.25,1.6
LA-003844,2026-03-10 12:24:00,Azuay,Sierra,Estándar urbano,Comercio minorista,4.3,119.9,0,,10.88,2.9
LA-001434,2026-03-10 12:26:00,Guayas,Costa,Express,Corporativo,12.4,108.1,0,,35.52,7.8
LA-003019,2026-03-10 12:27:00,Pichincha,Sierra,Express,PyME,6.6,96.8,0,,19.56,4.3
LA-005316,2026-03-10 12:31:00,Tungurahua,Sierra,Programado,Comercio minorista,10.4,170.7,0,,15.06,25.6
LA-005660,2026-03-10 12:34:00,Loja,Sierra,Estándar urbano,PyME,9.0,193.7,0,,12.67,9.6
LA-005178,2026-03-10 12:34:00,Tungurahua,Sierra,Estándar urbano,Corporativo,8.2,112.3,0,,27.0,5.7
LA-003807,2026-03-10 12:40:00,Azuay,Sierra,Estándar urbano,Corporativo,3.1,99.4,0,,42.57,7.2
LA-005750,2026-03-10 12:53:00,Loja,Sierra,Estándar urbano,PyME,9.3,158.8,0,,28.95,9.7
LA-004541,2026-03-10 13:06:00,Manabí,Costa,Estándar urbano,PyME,11.1,149.6,0,,25.3,11.5
LA-003013,2026-03-10 13:16:00,Pichincha,Sierra,Express,Corporativo,7.4,106.3,1,Falta de actualización,40.95,15.5
LA-002993,2026-03-10 13:27:00,Pichincha,Sierra,Express,PyME,11.3,89.7,0,,19.74,9.6
LA-001287,2026-03-10 13:32:00,Guayas,Costa,Estándar urbano,PyME,8.0,172.4,0,,15.51,6.3
LA-004548,2026-03-10 13:33:00,Manabí,Costa,Estándar urbano,Comercio minorista,9.8,94.8,0,,25.95,7.4
LA-002854,2026-03-10 13:34:00,Pichincha,Sierra,Estándar urbano,Comercio minorista,5.0,125.2,0,,8.47,12.4
LA-005306,2026-03-10 13:34:00,Tungurahua,Sierra,Express,Comercio minorista,8.1,66.6,0,,17.35,3.2
LA-004005,2026-03-10 13:37:00,Azuay,Sierra,Programado,PyME,7.6,176.3,0,,33.79,21.9
LA-004517,2026-03-10 13:37:00,Manabí,Costa,Estándar urbano,PyME,9.6,149.3,0,,15.08,12.0
LA-004534,2026-03-10 13:37:00,Manabí,Costa,Estándar urbano,PyME,8.7,163.4,0,,27.59,29.7
LA-001424,2026-03-10 13:46:00,Guayas,Costa,Express,PyME,9.2,94.2,0,,29.69,2.0
LA-005692,2026-03-10 13:46:00,Loja,Sierra,Estándar urbano,PyME,5.6,213.9,0,,14.22,15.2
LA-002778,2026-03-10 14:10:00,Pichincha,Sierra,Estándar urbano,Corporativo,8.0,163.2,0,,18.94,12.2
LA-001575,2026-03-10 14:24:00,Guayas,Costa,Express,Comercio minorista,8.7,106.6,0,,39.79,15.7
LA-003817,2026-03-10 14:29:00,Azuay,Sierra,Estándar urbano,Comercio minorista,4.7,107.0,0,,13.43,2.3
LA-003104,2026-03-10 14:34:00,Pichincha,Sierra,Express,Corporativo,7.1,108.9,0,,40.26,10.5
LA-002773,2026-03-10 14:35:00,Pichincha,Sierra,Estándar urbano,PyME,7.4,155.9,0,,39.74,6.6
LA-005685,2026-03-10 14:48:00,Loja,Sierra,Estándar urbano,Comercio minorista,10.0,145.7,0,,14.0,14.3
LA-002929,2026-03-10 15:15:00,Pichincha,Sierra,Estándar urbano,PyME,7.8,174.0,0,,25.25,18.5
LA-002789,2026-03-10 15:21:00,Pichincha,Sierra,Estándar urbano,PyME,8.4,140.2,0,,34.16,16.9
LA-003864,2026-03-10 15:39:00,Azuay,Sierra,Estándar urbano,Comercio minorista,7.5,120.0,0,,19.87,5.0
LA-003165,2026-03-10 16:07:00,Pichincha,Sierra,Programado,Comercio minorista,8.3,148.5,0,,17.68,4.8
LA-001398,2026-03-10 16:30:00,Guayas,Costa,Estándar urbano,PyME,7.0,132.6,0,,19.9,3.2
LA-002728,2026-03-10 16:34:00,Pichincha,Sierra,Estándar urbano,PyME,7.7,150.7,0,,17.84,6.0
LA-004465,2026-03-10 16:45:00,Manabí,Costa,Estándar urbano,Comercio minorista,11.7,243.4,0,,18.39,32.1
LA-001272,2026-03-10 17:21:00,Guayas,Costa,Estándar urbano,PyME,7.8,163.5,0,,19.83,8.2
LA-003897,2026-03-10 18:00:00,Azuay,Sierra,Estándar urbano,PyME,6.3,132.7,0,,19.23,3.3
LA-001629,2026-03-10 19:35:00,Guayas,Costa,Programado,Corporativo,7.6,227.3,0,,59.85,11.3
LA-002863,2026-03-11 07:10:00,Pichincha,Sierra,Estándar urbano,Comercio minorista,7.8,142.4,0,,17.42,9.0
LA-004589,2026-03-11 07:12:00,Manabí,Costa,Estándar urbano,Corporativo,8.8,148.5,0,,26.96,17.6
LA-004642,2026-03-11 07:43:00,Manabí,Costa,Express,Corporativo,11.1,51.0,0,,73.04,11.7
LA-004703,2026-03-11 08:00:00,Manabí,Costa,Programado,Corporativo,5.3,114.9,0,,32.5,6.2
LA-002948,2026-03-11 08:06:00,Pichincha,Sierra,Express,Corporativo,7.2,192.1,0,,42.93,5.5
LA-001277,2026-03-11 08:11:00,Guayas,Costa,Estándar urbano,Corporativo,8.1,169.4,0,,30.82,8.1
LA-003976,2026-03-11 08:20:00,Azuay,Sierra,Programado,Comercio minorista,6.2,127.4,0,,19.83,4.0
LA-001711,2026-03-11 08:22:00,Guayas,Costa,Programado,Comercio minorista,10.7,182.7,0,,20.89,18.1
LA-001576,2026-03-11 08:25:00,Guayas,Costa,Express,Comercio minorista,11.2,108.0,0,,27.87,2.6
LA-004601,2026-03-11 08:26:00,Manabí,Costa,Estándar urbano,PyME,7.2,167.0,0,,20.86,10.3
LA-003932,2026-03-11 08:48:00,Azuay,Sierra,Express,Comercio minorista,6.9,58.5,0,,51.21,6.2
LA-005310,2026-03-11 08:55:00,Tungurahua,Sierra,Express,Comercio minorista,7.3,41.1,0,,35.57,1.8
LA-005230,2026-03-11 08:57:00,Tungurahua,Sierra,Estándar urbano,Comercio minorista,6.1,190.1,0,,17.05,13.3
LA-003058,2026-03-11 08:59:00,Pichincha,Sierra,Express,PyME,8.0,30.8,0,,13.13,9.5
LA-002774,2026-03-11 09:01:00,Pichincha,Sierra,Estándar urbano,Comercio minorista,9.9,122.9,0,,26.93,3.0
LA-003161,2026-03-11 09:16:00,Pichincha,Sierra,Programado,PyME,6.8,145.8,0,,28.34,10.0
LA-001306,2026-03-11 09:27:00,Guayas,Costa,Estándar urbano,Comercio minorista,10.6,148.7,0,,16.1,17.4
LA-002997,2026-03-11 09:38:00,Pichincha,Sierra,Express,Comercio minorista,12.3,51.5,0,,21.22,3.6
LA-002843,2026-03-11 09:44:00,Pichincha,Sierra,Estándar urbano,Comercio minorista,9.6,118.1,0,,28.74,15.1
LA-003933,2026-03-11 09:46:00,Azuay,Sierra,Express,PyME,7.7,74.8,0,,27.62,13.4
LA-001286,2026-03-11 10:06:00,Guayas,Costa,Estándar urbano,Corporativo,6.3,241.5,0,,18.44,2.5
LA-001231,2026-03-11 11:00:00,Guayas,Costa,Estándar urbano,Comercio minorista,7.1,168.5,0,,11.96,10.7
LA-001224,2026-03-11 11:01:00,Guayas,Costa,Estándar urbano,Comercio minorista,6.8,156.1,0,,10.69,3.1
LA-005753,2026-03-11 11:06:00,Loja,Sierra,Estándar urbano,Comercio minorista,7.0,171.1,0,,12.04,25.1
LA-002893,2026-03-11 11:09:00,Pichincha,Sierra,Estándar urbano,PyME,9.0,147.7,0,,16.3,6.6
LA-002686,2026-03-11 11:13:00,Pichincha,Sierra,Estándar urbano,PyME,8.6,110.4,0,,30.66,5.8
LA-002901,2026-03-11 11:16:00,Pichincha,Sierra,Estándar urbano,Comercio minorista,7.5,118.9,0,,13.44,7.5
LA-004495,2026-03-11 11:23:00,Manabí,Costa,Estándar urbano,PyME,9.0,135.3,0,,20.68,10.0
LA-001354,2026-03-11 11:40:00,Guayas,Costa,Estándar urbano,Corporativo,6.8,292.8,0,,49.72,16.5
LA-003202,2026-03-11 11:45:00,Pichincha,Sierra,Programado,Comercio minorista,10.0,146.9,0,,15.08,5.5
LA-001688,2026-03-11 11:53:00,Guayas,Costa,Programado,Corporativo,7.5,117.6,0,,35.9,3.4
LA-005697,2026-03-11 11:54:00,Loja,Sierra,Estándar urbano,PyME,6.0,195.3,0,,18.33,12.3
LA-001203,2026-03-11 11:57:00,Guayas,Costa,Estándar urbano,Comercio minorista,7.5,131.3,0,,11.62,9.5
LA-003902,2026-03-11 12:09:00,Azuay,Sierra,Express,Comercio minorista,5.2,80.4,0,,21.58,8.3
LA-005161,2026-03-11 12:21:00,Tungurahua,Sierra,Estándar urbano,Comercio minorista,7.1,115.4,0,,21.23,9.7
LA-005668,2026-03-11 12:22:00,Loja,Sierra,Estándar urbano,Comercio minorista,10.5,234.6,0,,13.08,12.7
LA-004513,2026-03-11 12:25:00,Manabí,Costa,Estándar urbano,Comercio minorista,8.3,172.8,0,,27.14,7.9
LA-004009,2026-03-11 12:36:00,Azuay,Sierra,Programado,Comercio minorista,4.5,428.0,0,,36.01,7.5
LA-005748,2026-03-11 12:39:00,Loja,Sierra,Estándar urbano,PyME,6.3,138.6,0,,32.44,12.1
LA-003801,2026-03-11 12:45:00,Azuay,Sierra,Estándar urbano,Comercio minorista,8.2,105.0,0,,23.5,4.5
LA-005336,2026-03-11 12:47:00,Tungurahua,Sierra,Programado,PyME,6.0,153.9,0,,27.37,13.9
LA-002857,2026-03-11 12:53:00,Pichincha,Sierra,Estándar urbano,Comercio minorista,11.8,136.5,0,,17.41,4.5
LA-005727,2026-03-11 13:08:00,Loja,Sierra,Estándar urbano,PyME,8.2,211.5,0,,28.9,27.9
LA-002848,2026-03-11 13:09:00,Pichincha,Sierra,Estándar urbano,PyME,9.2,135.8,0,,20.86,11.4
LA-003982,2026-03-11 13:22:00,Azuay,Sierra,Programado,PyME,7.5,162.5,0,,20.55,11.3
LA-005328,2026-03-11 13:34:00,Tungurahua,Sierra,Programado,PyME,6.7,147.0,0,,21.5,13.8
LA-004713,2026-03-11 13:38:00,Manabí,Costa,Programado,PyME,8.5,270.1,0,,30.6,2.1
LA-003825,2026-03-11 13:45:00,Azuay,Sierra,Estándar urbano,PyME,5.4,99.6,0,,27.02,5.2
LA-001436,2026-03-11 13:51:00,Guayas,Costa,Express,Corporativo,7.6,77.6,0,,42.75,4.1
LA-003142,2026-03-11 14:02:00,Pichincha,Sierra,Programado,Corporativo,6.9,149.8,0,,23.23,1.3
LA-001632,2026-03-11 14:30:00,Guayas,Costa,Programado,Corporativo,9.2,179.6,0,,31.67,11.0
LA-003894,2026-03-11 14:33:00,Azuay,Sierra,Estándar urbano,Comercio minorista,7.9,138.2,0,,15.54,8.2
LA-002764,2026-03-11 14:45:00,Pichincha,Sierra,Estándar urbano,Corporativo,5.7,153.6,0,,46.44,6.1
LA-002971,2026-03-11 15:03:00,Pichincha,Sierra,Express,PyME,8.9,87.3,0,,35.69,10.0
LA-003873,2026-03-11 15:06:00,Azuay,Sierra,Estándar urbano,Comercio minorista,5.7,138.2,0,,17.27,15.2
LA-001173,2026-03-11 16:15:00,Guayas,Costa,Estándar urbano,Comercio minorista,9.0,174.3,0,,11.64,8.4
LA-004505,2026-03-11 16:19:00,Manabí,Costa,Estándar urbano,PyME,11.0,117.4,0,,15.61,4.1
LA-001108,2026-03-11 16:47:00,Guayas,Costa,Estándar urbano,PyME,9.1,227.9,0,,30.74,22.7
LA-001159,2026-03-11 17:02:00,Guayas,Costa,Estándar urbano,PyME,12.2,132.2,0,,21.9,16.4
LA-001343,2026-03-11 17:38:00,Guayas,Costa,Estándar urbano,PyME,12.0,128.7,0,,20.67,5.1
LA-004003,2026-03-11 17:57:00,Azuay,Sierra,Programado,Comercio minorista,4.2,156.6,0,,12.0,2.3
LA-002795,2026-03-11 18:58:00,Pichincha,Sierra,Estándar urbano,PyME,6.2,132.6,0,,25.46,11.5
LA-001588,2026-03-11 19:40:00,Guayas,Costa,Express,PyME,11.5,130.2,0,,31.82,2.2
LA-002779,2026-03-12 07:03:00,Pichincha,Sierra,Estándar urbano,Comercio minorista,9.0,125.8,0,,10.66,8.6
LA-001269,2026-03-12 07:24:00,Guayas,Costa,Estándar urbano,Comercio minorista,12.7,178.5,0,,24.31,9.9
LA-002672,2026-03-12 07:25:00,Pichincha,Sierra,Estándar urbano,Comercio minorista,8.8,192.8,0,,19.98,13.4
LA-002817,2026-03-12 07:26:00,Pichincha,Sierra,Estándar urbano,PyME,7.1,137.3,0,,26.05,5.0
LA-001349,2026-03-12 07:29:00,Guayas,Costa,Estándar urbano,Comercio minorista,5.3,138.0,0,,11.99,13.3
LA-001237,2026-03-12 07:38:00,Guayas,Costa,Estándar urbano,Comercio minorista,6.0,136.3,0,,29.31,6.9
LA-003964,2026-03-12 08:27:00,Azuay,Sierra,Express,PyME,7.4,82.7,0,,26.61,7.0
LA-001662,2026-03-12 08:45:00,Guayas,Costa,Programado,PyME,7.0,128.5,0,,30.68,3.2
LA-005351,2026-03-12 08:51:00,Tungurahua,Sierra,Programado,Comercio minorista,10.0,130.5,0,,25.19,3.3
LA-004510,2026-03-12 09:08:00,Manabí,Costa,Estándar urbano,PyME,7.4,155.3,0,,21.54,34.8
LA-001449,2026-03-12 09:11:00,Guayas,Costa,Express,Corporativo,11.6,82.0,0,,63.24,21.2
LA-002938,2026-03-12 09:17:00,Pichincha,Sierra,Express,PyME,11.0,80.2,0,,47.12,13.5
LA-003967,2026-03-12 10:15:00,Azuay,Sierra,Express,PyME,7.5,57.7,0,,20.08,6.9
LA-003936,2026-03-12 10:27:00,Azuay,Sierra,Express,PyME,10.1,81.9,0,,29.47,17.9
LA-003062,2026-03-12 10:29:00,Pichincha,Sierra,Express,PyME,7.1,48.8,0,,17.75,4.2
LA-001240,2026-03-12 10:35:00,Guayas,Costa,Estándar urbano,PyME,6.2,121.9,1,Paquete con incidencia,29.43,16.1
LA-001096,2026-03-12 11:04:00,Guayas,Costa,Estándar urbano,PyME,11.9,105.2,0,,28.5,10.6
LA-002678,2026-03-12 11:11:00,Pichincha,Sierra,Estándar urbano,PyME,8.1,140.1,0,,23.49,8.8
LA-004500,2026-03-12 11:18:00,Manabí,Costa,Estándar urbano,PyME,6.7,180.6,0,,15.16,8.5
LA-005234,2026-03-12 11:30:00,Tungurahua,Sierra,Estándar urbano,Corporativo,5.8,126.2,0,,23.51,3.0
LA-002834,2026-03-12 11:37:00,Pichincha,Sierra,Estándar urbano,PyME,7.8,99.4,0,,24.2,11.7
LA-001692,2026-03-12 11:40:00,Guayas,Costa,Programado,Comercio minorista,10.8,201.5,0,,24.33,12.1
LA-001684,2026-03-12 11:42:00,Guayas,Costa,Programado,Comercio minorista,8.1,132.4,0,,24.05,9.1
LA-002894,2026-03-12 12:07:00,Pichincha,Sierra,Estándar urbano,PyME,8.1,116.8,0,,40.57,1.6
LA-001525,2026-03-12 12:10:00,Guayas,Costa,Express,PyME,7.6,110.9,0,,49.83,16.4
LA-004674,2026-03-12 12:11:00,Manabí,Costa,Express,Corporativo,9.9,77.1,0,,52.14,1.7
LA-004718,2026-03-12 12:13:00,Manabí,Costa,Programado,PyME,8.2,189.2,0,,21.95,23.9
LA-001374,2026-03-12 12:26:00,Guayas,Costa,Estándar urbano,Comercio minorista,11.8,158.6,0,,14.87,12.0
LA-001330,2026-03-12 12:30:00,Guayas,Costa,Estándar urbano,Corporativo,9.6,187.0,0,,37.44,19.4
LA-003189,2026-03-12 12:30:00,Pichincha,Sierra,Programado,Comercio minorista,10.4,193.6,0,,23.49,18.0
LA-001368,2026-03-12 12:36:00,Guayas,Costa,Estándar urbano,Comercio minorista,10.0,121.9,0,,19.34,6.3
LA-002747,2026-03-12 12:40:00,Pichincha,Sierra,Estándar urbano,Comercio minorista,7.3,133.6,0,,20.86,8.2
LA-003207,2026-03-12 12:49:00,Pichincha,Sierra,Programado,Comercio minorista,9.2,145.8,0,,20.81,8.2
LA-005243,2026-03-12 12:56:00,Tungurahua,Sierra,Estándar urbano,Comercio minorista,8.3,122.7,0,,21.54,19.5
LA-003991,2026-03-12 12:58:00,Azuay,Sierra,Programado,Comercio minorista,3.8,132.2,0,,27.87,2.7
LA-003122,2026-03-12 13:05:00,Pichincha,Sierra,Programado,PyME,8.2,145.0,0,,20.36,5.6
LA-001563,2026-03-12 13:22:00,Guayas,Costa,Express,Comercio minorista,10.8,32.8,0,,22.58,15.7
LA-004630,2026-03-12 13:29:00,Manabí,Costa,Express,Comercio minorista,13.7,43.0,0,,35.46,18.0
LA-002933,2026-03-12 13:32:00,Pichincha,Sierra,Estándar urbano,Comercio minorista,7.4,127.0,0,,16.96,8.0
LA-005699,2026-03-12 13:40:00,Loja,Sierra,Estándar urbano,Comercio minorista,10.1,173.8,0,,19.17,5.8
LA-001247,2026-03-12 13:41:00,Guayas,Costa,Estándar urbano,Comercio minorista,8.4,169.0,0,,24.92,8.1
LA-001639,2026-03-12 13:42:00,Guayas,Costa,Programado,Comercio minorista,7.9,169.2,0,,16.15,17.6
LA-004536,2026-03-12 13:43:00,Manabí,Costa,Estándar urbano,Corporativo,9.2,249.1,0,,13.71,30.8
LA-004671,2026-03-12 13:59:00,Manabí,Costa,Express,PyME,11.3,289.8,0,,19.78,10.5
LA-001120,2026-03-12 14:05:00,Guayas,Costa,Estándar urbano,Comercio minorista,7.7,209.1,0,,28.22,10.9
LA-003125,2026-03-12 14:11:00,Pichincha,Sierra,Programado,Comercio minorista,7.5,184.3,0,,45.59,18.7
LA-003993,2026-03-12 14:32:00,Azuay,Sierra,Programado,Comercio minorista,5.4,166.1,0,,17.28,5.1
LA-002880,2026-03-12 14:44:00,Pichincha,Sierra,Estándar urbano,Comercio minorista,3.9,143.0,0,,40.91,18.6
LA-005704,2026-03-12 14:46:00,Loja,Sierra,Estándar urbano,PyME,8.8,132.8,0,,29.41,8.8
LA-004542,2026-03-12 14:59:00,Manabí,Costa,Estándar urbano,PyME,6.3,112.5,0,,25.86,6.9
LA-004646,2026-03-12 15:23:00,Manabí,Costa,Express,Comercio minorista,10.8,110.7,0,,29.16,12.0
LA-004620,2026-03-12 15:31:00,Manabí,Costa,Express,PyME,8.0,136.7,0,,26.31,16.5
LA-005291,2026-03-12 15:35:00,Tungurahua,Sierra,Express,Comercio minorista,7.6,28.0,0,,29.15,7.6
LA-004522,2026-03-12 15:38:00,Manabí,Costa,Estándar urbano,Comercio minorista,13.3,125.9,0,,15.17,8.1
LA-002762,2026-03-12 15:48:00,Pichincha,Sierra,Estándar urbano,PyME,8.3,151.5,0,,21.79,8.4
LA-004676,2026-03-12 15:55:00,Manabí,Costa,Express,Corporativo,9.2,137.3,0,,40.44,35.2
LA-001620,2026-03-12 15:59:00,Guayas,Costa,Programado,Comercio minorista,7.1,196.8,0,,20.27,24.4
LA-002783,2026-03-12 16:11:00,Pichincha,Sierra,Estándar urbano,PyME,7.0,166.7,0,,30.03,20.0
LA-004472,2026-03-12 16:19:00,Manabí,Costa,Estándar urbano,PyME,12.3,149.2,0,,16.56,15.9
LA-001233,2026-03-12 16:44:00,Guayas,Costa,Estándar urbano,PyME,9.4,170.7,0,,31.02,12.0
LA-004613,2026-03-12 16:55:00,Manabí,Costa,Estándar urbano,PyME,9.1,94.7,0,,52.11,8.7
LA-002939,2026-03-12 17:20:00,Pichincha,Sierra,Express,PyME,6.5,81.8,0,,19.6,7.6
LA-003766,2026-03-12 17:40:00,Azuay,Sierra,Estándar urbano,PyME,5.8,138.8,0,,20.03,4.4
LA-001166,2026-03-12 17:44:00,Guayas,Costa,Estándar urbano,Corporativo,12.6,191.9,0,,26.2,11.6
LA-001483,2026-03-12 18:03:00,Guayas,Costa,Express,Corporativo,7.9,106.6,0,,39.78,2.8
LA-001312,2026-03-12 18:16:00,Guayas,Costa,Estándar urbano,Comercio minorista,10.8,178.0,0,,35.29,2.1
LA-001468,2026-03-12 18:20:00,Guayas,Costa,Express,PyME,8.9,90.5,0,,69.72,9.1
LA-003048,2026-03-12 19:35:00,Pichincha,Sierra,Express,PyME,7.7,82.6,0,,24.95,17.5
LA-001270,2026-03-13 07:01:00,Guayas,Costa,Estándar urbano,Corporativo,9.3,123.3,0,,23.98,10.4
LA-002823,2026-03-13 07:04:00,Pichincha,Sierra,Estándar urbano,Comercio minorista,7.8,125.5,0,,9.47,1.5
LA-001439,2026-03-13 07:08:00,Guayas,Costa,Express,PyME,8.8,73.0,0,,14.26,1.2
LA-001485,2026-03-13 07:21:00,Guayas,Costa,Express,PyME,6.6,122.1,1,Demora en entrega,29.13,24.7
LA-005279,2026-03-13 08:31:00,Tungurahua,Sierra,Express,PyME,5.5,242.8,0,,24.94,4.1
LA-001669,2026-03-13 08:45:00,Guayas,Costa,Programado,PyME,7.6,207.8,0,,25.42,8.5
LA-001295,2026-03-13 09:00:00,Guayas,Costa,Estándar urbano,PyME,11.1,154.5,0,,29.33,26.6
LA-001311,2026-03-13 09:04:00,Guayas,Costa,Estándar urbano,Corporativo,8.7,103.6,0,,16.48,1.9
LA-002899,2026-03-13 09:05:00,Pichincha,Sierra,Estándar urbano,PyME,5.7,119.3,0,,35.87,6.7
LA-001348,2026-03-13 09:07:00,Guayas,Costa,Estándar urbano,PyME,8.6,133.2,0,,14.97,2.0
LA-001267,2026-03-13 09:17:00,Guayas,Costa,Estándar urbano,PyME,10.4,77.6,0,,19.84,7.4
LA-001216,2026-03-13 09:40:00,Guayas,Costa,Estándar urbano,PyME,10.3,142.4,0,,27.9,3.3
LA-003009,2026-03-13 09:41:00,Pichincha,Sierra,Express,Corporativo,9.2,110.9,0,,30.5,6.0
LA-001612,2026-03-13 09:54:00,Guayas,Costa,Express,PyME,8.4,63.8,0,,39.86,7.3
LA-003797,2026-03-13 09:57:00,Azuay,Sierra,Estándar urbano,PyME,4.9,145.5,0,,30.43,16.8
LA-004512,2026-03-13 10:01:00,Manabí,Costa,Estándar urbano,Corporativo,9.0,127.1,0,,21.44,3.6
LA-003117,2026-03-13 10:14:00,Pichincha,Sierra,Express,Comercio minorista,7.4,94.4,0,,30.19,10.4
LA-003792,2026-03-13 10:16:00,Azuay,Sierra,Estándar urbano,Corporativo,8.3,159.5,0,,55.31,10.9
LA-001584,2026-03-13 10:25:00,Guayas,Costa,Express,Corporativo,6.5,49.4,0,,45.89,7.8
LA-003852,2026-03-13 10:36:00,Azuay,Sierra,Estándar urbano,PyME,5.8,141.9,0,,13.26,11.7
LA-001653,2026-03-13 10:40:00,Guayas,Costa,Programado,PyME,7.3,192.5,0,,14.82,7.9
LA-002736,2026-03-13 10:56:00,Pichincha,Sierra,Estándar urbano,PyME,8.0,150.7,0,,21.54,9.1
LA-003088,2026-03-13 10:58:00,Pichincha,Sierra,Express,PyME,10.5,76.9,0,,36.48,1.0
LA-001338,2026-03-13 11:29:00,Guayas,Costa,Estándar urbano,Comercio minorista,9.5,108.5,0,,12.55,3.3
LA-004605,2026-03-13 11:34:00,Manabí,Costa,Estándar urbano,PyME,11.9,208.2,0,,31.13,30.8
LA-002984,2026-03-13 11:53:00,Pichincha,Sierra,Express,Corporativo,7.9,83.1,0,,29.42,3.1
LA-002872,2026-03-13 11:54:00,Pichincha,Sierra,Estándar urbano,Corporativo,8.5,120.9,0,,38.0,2.6
LA-003157,2026-03-13 12:02:00,Pichincha,Sierra,Programado,Comercio minorista,7.4,152.3,0,,27.39,10.1
LA-004006,2026-03-13 12:09:00,Azuay,Sierra,Programado,Corporativo,7.4,129.4,0,,27.14,3.9
LA-005674,2026-03-13 12:19:00,Loja,Sierra,Estándar urbano,PyME,8.0,86.5,0,,30.46,4.1
LA-001223,2026-03-13 12:44:00,Guayas,Costa,Estándar urbano,Comercio minorista,6.5,146.8,0,,18.09,5.2
LA-003948,2026-03-13 13:13:00,Azuay,Sierra,Express,PyME,8.0,61.7,0,,34.22,9.6
LA-005199,2026-03-13 13:25:00,Tungurahua,Sierra,Estándar urbano,PyME,7.5,256.6,0,,11.03,14.3
LA-005767,2026-03-13 13:27:00,Loja,Sierra,Express,PyME,7.3,297.3,0,,36.82,11.8
LA-003927,2026-03-13 13:35:00,Azuay,Sierra,Express,Comercio minorista,9.0,152.6,0,,29.5,4.6
LA-005690,2026-03-13 13:51:00,Loja,Sierra,Estándar urbano,Comercio minorista,6.8,205.2,1,Paquete con incidencia,7.81,19.3
LA-002721,2026-03-13 13:52:00,Pichincha,Sierra,Estándar urbano,Corporativo,4.1,136.1,0,,19.06,16.9
LA-001285,2026-03-13 13:53:00,Guayas,Costa,Estándar urbano,PyME,8.3,102.4,0,,20.28,6.9
LA-001604,2026-03-13 13:53:00,Guayas,Costa,Express,Comercio minorista,11.1,61.3,0,,25.12,4.5
LA-005225,2026-03-13 13:55:00,Tungurahua,Sierra,Estándar urbano,PyME,9.2,99.9,0,,19.66,7.5
LA-001609,2026-03-13 14:00:00,Guayas,Costa,Express,Comercio minorista,8.6,111.0,0,,17.96,4.9
LA-003162,2026-03-13 14:00:00,Pichincha,Sierra,Programado,Corporativo,5.7,150.4,0,,40.3,9.1
LA-001670,2026-03-13 14:15:00,Guayas,Costa,Programado,Corporativo,6.1,142.7,0,,42.38,2.2
LA-004462,2026-03-13 14:17:00,Manabí,Costa,Estándar urbano,PyME,9.5,362.6,0,,21.64,10.0
LA-005790,2026-03-13 14:30:00,Loja,Sierra,Programado,Corporativo,6.5,197.3,0,,26.57,4.2
LA-003984,2026-03-13 14:34:00,Azuay,Sierra,Programado,PyME,8.4,147.6,0,,17.56,4.0
LA-001520,2026-03-13 14:44:00,Guayas,Costa,Express,Corporativo,11.2,138.3,0,,55.37,8.5
LA-002809,2026-03-13 14:58:00,Pichincha,Sierra,Estándar urbano,Comercio minorista,7.9,119.9,0,,20.11,7.5
LA-003068,2026-03-13 15:04:00,Pichincha,Sierra,Express,PyME,7.4,94.9,0,,24.88,7.0
LA-004578,2026-03-13 15:06:00,Manabí,Costa,Estándar urbano,PyME,9.5,116.4,0,,21.41,4.5
LA-004490,2026-03-13 15:19:00,Manabí,Costa,Estándar urbano,Comercio minorista,9.6,146.3,0,,15.46,11.1
LA-003137,2026-03-13 15:43:00,Pichincha,Sierra,Programado,Comercio minorista,9.5,149.8,0,,39.86,7.2
LA-001335,2026-03-13 15:53:00,Guayas,Costa,Estándar urbano,Corporativo,5.8,100.1,0,,29.63,3.3
LA-002860,2026-03-13 15:54:00,Pichincha,Sierra,Estándar urbano,Corporativo,7.2,159.2,0,,37.07,18.7
LA-002995,2026-03-13 16:24:00,Pichincha,Sierra,Express,PyME,10.5,89.8,0,,35.3,4.6
LA-001406,2026-03-13 16:25:00,Guayas,Costa,Estándar urbano,Comercio minorista,10.6,146.4,0,,19.51,2.5
LA-004519,2026-03-13 16:27:00,Manabí,Costa,Estándar urbano,Comercio minorista,11.6,185.5,0,,15.24,23.8
LA-001621,2026-03-13 17:52:00,Guayas,Costa,Programado,Comercio minorista,10.0,155.6,0,,32.7,13.1
LA-005669,2026-03-13 18:16:00,Loja,Sierra,Estándar urbano,Comercio minorista,9.8,201.1,0,,27.64,24.6
LA-001242,2026-03-13 19:10:00,Guayas,Costa,Estándar urbano,Comercio minorista,7.4,136.8,0,,16.33,4.9
LA-003734,2026-03-13 19:18:00,Azuay,Sierra,Estándar urbano,PyME,6.9,107.3,0,,19.97,5.0
LA-005208,2026-03-13 19:41:00,Tungurahua,Sierra,Estándar urbano,Comercio minorista,3.8,135.2,0,,15.31,2.9
LA-002975,2026-03-13 19:59:00,Pichincha,Sierra,Express,PyME,7.7,127.0,0,,50.94,11.0
LA-003973,2026-03-14 07:00:00,Azuay,Sierra,Programado,PyME,9.4,153.0,0,,17.82,9.1
LA-005729,2026-03-14 07:01:00,Loja,Sierra,Estándar urbano,PyME,11.8,139.9,0,,14.36,8.3
LA-001221,2026-03-14 07:09:00,Guayas,Costa,Estándar urbano,PyME,7.5,191.7,0,,9.82,13.5
LA-003757,2026-03-14 07:12:00,Azuay,Sierra,Estándar urbano,Comercio minorista,9.5,113.2,0,,19.43,6.2
LA-004635,2026-03-14 07:30:00,Manabí,Costa,Express,PyME,6.8,146.0,0,,27.23,15.9
LA-001673,2026-03-14 07:33:00,Guayas,Costa,Programado,Comercio minorista,9.7,192.1,0,,15.96,9.9
LA-005694,2026-03-14 08:00:00,Loja,Sierra,Estándar urbano,Comercio minorista,9.2,171.0,0,,23.59,17.0
LA-003775,2026-03-14 08:16:00,Azuay,Sierra,Estándar urbano,PyME,5.2,123.5,0,,16.68,8.9
LA-002908,2026-03-14 08:32:00,Pichincha,Sierra,Estándar urbano,PyME,4.7,100.4,0,,41.92,11.8
LA-002904,2026-03-14 08:39:00,Pichincha,Sierra,Estándar urbano,Corporativo,7.3,83.4,0,,43.46,6.1
LA-001701,2026-03-14 08:47:00,Guayas,Costa,Programado,PyME,7.4,168.6,0,,30.05,12.7
LA-005785,2026-03-14 08:55:00,Loja,Sierra,Programado,Comercio minorista,9.2,181.7,0,,17.16,16.7
LA-005318,2026-03-14 09:03:00,Tungurahua,Sierra,Programado,Comercio minorista,8.2,147.5,0,,12.61,9.2
LA-001395,2026-03-14 09:04:00,Guayas,Costa,Estándar urbano,Comercio minorista,7.4,94.5,0,,12.48,1.0
LA-005250,2026-03-14 09:11:00,Tungurahua,Sierra,Estándar urbano,PyME,5.5,119.2,0,,23.5,15.5
LA-005303,2026-03-14 09:31:00,Tungurahua,Sierra,Express,Comercio minorista,9.5,28.0,0,,38.84,1.0
LA-002934,2026-03-14 09:32:00,Pichincha,Sierra,Estándar urbano,PyME,6.7,133.6,0,,27.29,2.8
LA-005730,2026-03-14 09:34:00,Loja,Sierra,Estándar urbano,PyME,8.4,199.9,0,,19.0,23.6
LA-004514,2026-03-14 09:59:00,Manabí,Costa,Estándar urbano,Comercio minorista,8.6,205.4,0,,7.13,18.3
LA-005302,2026-03-14 10:03:00,Tungurahua,Sierra,Express,PyME,8.4,101.5,0,,23.62,8.8
LA-001507,2026-03-14 10:12:00,Guayas,Costa,Express,Comercio minorista,10.7,96.6,0,,28.29,12.7
LA-003952,2026-03-14 10:15:00,Azuay,Sierra,Express,Corporativo,2.9,75.4,0,,44.49,4.7
LA-005741,2026-03-14 10:29:00,Loja,Sierra,Estándar urbano,PyME,7.4,193.1,0,,15.2,19.4
LA-003154,2026-03-14 10:29:00,Pichincha,Sierra,Programado,Comercio minorista,7.0,152.7,0,,25.82,9.1
LA-005297,2026-03-14 10:40:00,Tungurahua,Sierra,Express,PyME,10.6,56.4,0,,40.33,5.8
LA-004619,2026-03-14 10:45:00,Manabí,Costa,Estándar urbano,PyME,10.2,168.1,0,,17.14,7.7
LA-003806,2026-03-14 10:48:00,Azuay,Sierra,Estándar urbano,Comercio minorista,7.9,113.5,0,,9.29,9.0
LA-003996,2026-03-14 10:53:00,Azuay,Sierra,Programado,Comercio minorista,6.6,140.7,0,,30.34,1.2
LA-004537,2026-03-14 11:08:00,Manabí,Costa,Estándar urbano,PyME,9.9,141.6,0,,22.14,8.6
LA-004481,2026-03-14 11:14:00,Manabí,Costa,Estándar urbano,Corporativo,9.4,225.0,0,,19.78,21.7
LA-001634,2026-03-14 11:22:00,Guayas,Costa,Programado,PyME,6.9,153.1,0,,46.58,13.7
LA-002907,2026-03-14 11:26:00,Pichincha,Sierra,Estándar urbano,Comercio minorista,10.6,165.8,0,,27.51,23.8
LA-005189,2026-03-14 11:28:00,Tungurahua,Sierra,Estándar urbano,Comercio minorista,10.8,123.6,0,,19.65,5.0
LA-001586,2026-03-14 12:06:00,Guayas,Costa,Express,Corporativo,8.3,271.9,0,,49.83,3.7
LA-001401,2026-03-14 12:16:00,Guayas,Costa,Estándar urbano,Comercio minorista,11.1,177.4,0,,27.82,17.8
LA-002781,2026-03-14 12:19:00,Pichincha,Sierra,Estándar urbano,Comercio minorista,6.3,156.1,0,,12.32,7.1
LA-001511,2026-03-14 12:20:00,Guayas,Costa,Express,PyME,10.6,151.8,0,,25.68,18.8
LA-003732,2026-03-14 12:23:00,Azuay,Sierra,Estándar urbano,PyME,6.4,78.2,0,,22.16,2.9
LA-001469,2026-03-14 12:30:00,Guayas,Costa,Express,Comercio minorista,9.2,99.7,0,,18.44,4.7
LA-001622,2026-03-14 12:31:00,Guayas,Costa,Programado,Comercio minorista,5.5,159.9,0,,32.46,2.4
LA-002786,2026-03-14 12:41:00,Pichincha,Sierra,Estándar urbano,Comercio minorista,8.4,95.2,0,,18.6,3.3
LA-001666,2026-03-14 12:43:00,Guayas,Costa,Programado,PyME,5.9,179.2,0,,18.99,12.7
LA-001536,2026-03-14 12:45:00,Guayas,Costa,Express,Corporativo,9.2,45.7,0,,76.24,12.1
LA-005309,2026-03-14 13:05:00,Tungurahua,Sierra,Express,Corporativo,7.3,67.5,0,,44.85,6.2
LA-003949,2026-03-14 13:11:00,Azuay,Sierra,Express,Comercio minorista,10.4,60.0,0,,20.03,1.3
LA-002718,2026-03-14 13:16:00,Pichincha,Sierra,Estándar urbano,Comercio minorista,9.2,146.1,0,,13.54,12.2
LA-004720,2026-03-14 13:17:00,Manabí,Costa,Programado,Comercio minorista,8.9,189.5,0,,19.86,7.2
LA-001493,2026-03-14 13:34:00,Guayas,Costa,Express,Comercio minorista,12.4,105.5,0,,32.95,8.7
LA-005662,2026-03-14 13:42:00,Loja,Sierra,Estándar urbano,PyME,3.0,217.3,0,,14.58,12.3
LA-002922,2026-03-14 13:43:00,Pichincha,Sierra,Estándar urbano,PyME,7.2,117.1,0,,16.54,4.3
LA-001644,2026-03-14 13:48:00,Guayas,Costa,Programado,PyME,9.6,132.7,0,,39.51,7.6
LA-003989,2026-03-14 13:54:00,Azuay,Sierra,Programado,Comercio minorista,7.6,142.4,0,,27.57,10.1
LA-001363,2026-03-14 14:07:00,Guayas,Costa,Estándar urbano,Comercio minorista,7.7,122.8,0,,24.76,15.1
LA-001303,2026-03-14 14:30:00,Guayas,Costa,Estándar urbano,PyME,9.7,120.0,0,,19.6,7.8
LA-005655,2026-03-14 14:30:00,Loja,Sierra,Estándar urbano,Comercio minorista,7.3,166.5,0,,12.63,12.7
LA-005182,2026-03-14 14:33:00,Tungurahua,Sierra,Estándar urbano,Comercio minorista,10.0,153.3,0,,14.89,5.8
LA-005286,2026-03-14 14:49:00,Tungurahua,Sierra,Express,PyME,9.9,81.4,0,,21.12,12.3
LA-001435,2026-03-14 14:50:00,Guayas,Costa,Express,Comercio minorista,11.1,135.5,0,,57.56,22.7
LA-004571,2026-03-14 14:52:00,Manabí,Costa,Estándar urbano,PyME,10.0,520.0,0,,33.11,13.8
LA-003186,2026-03-14 15:15:00,Pichincha,Sierra,Programado,Comercio minorista,6.9,152.1,0,,31.34,3.8
LA-004507,2026-03-14 15:30:00,Manabí,Costa,Estándar urbano,Comercio minorista,7.1,134.6,0,,18.86,19.5
LA-001555,2026-03-14 15:32:00,Guayas,Costa,Express,Corporativo,9.0,160.7,0,,36.26,7.7
LA-005731,2026-03-14 15:46:00,Loja,Sierra,Estándar urbano,Comercio minorista,8.4,183.4,0,,10.26,11.7
LA-003159,2026-03-14 15:46:00,Pichincha,Sierra,Programado,Corporativo,5.0,139.0,0,,58.17,5.9
LA-003103,2026-03-14 15:57:00,Pichincha,Sierra,Express,Corporativo,7.1,77.7,0,,47.05,8.3
LA-002911,2026-03-14 16:23:00,Pichincha,Sierra,Estándar urbano,Corporativo,7.0,123.7,0,,21.37,6.9
LA-005217,2026-03-14 16:26:00,Tungurahua,Sierra,Estándar urbano,PyME,10.3,118.7,0,,31.04,7.0
LA-002892,2026-03-14 16:39:00,Pichincha,Sierra,Estándar urbano,PyME,7.0,133.9,0,,21.76,2.5
LA-002917,2026-03-14 16:50:00,Pichincha,Sierra,Estándar urbano,PyME,6.5,143.3,0,,25.6,11.1
LA-001544,2026-03-14 17:34:00,Guayas,Costa,Express,Comercio minorista,13.9,78.1,0,,35.56,10.2
LA-003038,2026-03-14 17:35:00,Pichincha,Sierra,Express,Corporativo,8.1,111.1,0,,38.46,17.2
LA-001408,2026-03-14 17:46:00,Guayas,Costa,Estándar urbano,PyME,8.8,123.7,0,,18.33,1.8
LA-001189,2026-03-14 18:12:00,Guayas,Costa,Estándar urbano,PyME,9.2,190.4,0,,17.65,16.5
LA-001119,2026-03-15 07:18:00,Guayas,Costa,Estándar urbano,PyME,9.2,100.7,0,,21.68,1.6
LA-003746,2026-03-15 07:21:00,Azuay,Sierra,Estándar urbano,Comercio minorista,9.9,118.5,0,,9.71,15.0
LA-005716,2026-03-15 07:32:00,Loja,Sierra,Estándar urbano,PyME,9.9,191.6,0,,15.84,6.3
LA-004575,2026-03-15 07:57:00,Manabí,Costa,Estándar urbano,PyME,10.6,79.6,0,,19.08,9.5
LA-005236,2026-03-15 07:58:00,Tungurahua,Sierra,Estándar urbano,PyME,8.3,129.1,0,,14.18,9.5
LA-001564,2026-03-15 08:49:00,Guayas,Costa,Express,Comercio minorista,8.7,305.9,0,,19.94,16.5
LA-005713,2026-03-15 08:52:00,Loja,Sierra,Estándar urbano,Corporativo,10.7,267.0,0,,20.56,12.1
LA-002985,2026-03-15 09:02:00,Pichincha,Sierra,Express,PyME,9.2,93.4,1,Demora en entrega,29.93,4.2
LA-005732,2026-03-15 09:36:00,Loja,Sierra,Estándar urbano,Comercio minorista,13.0,103.6,0,,17.66,1.0
LA-004602,2026-03-15 09:38:00,Manabí,Costa,Estándar urbano,Comercio minorista,8.6,162.3,0,,14.16,9.3
LA-003786,2026-03-15 09:41:00,Azuay,Sierra,Estándar urbano,Comercio minorista,8.4,119.7,0,,9.75,11.4
LA-005247,2026-03-15 09:41:00,Tungurahua,Sierra,Estándar urbano,Comercio minorista,9.0,96.5,0,,17.01,5.3
LA-002811,2026-03-15 09:49:00,Pichincha,Sierra,Estándar urbano,Corporativo,9.1,90.5,0,,14.73,6.5
LA-004641,2026-03-15 09:52:00,Manabí,Costa,Express,Comercio minorista,10.9,168.3,0,,27.6,28.1
LA-002849,2026-03-15 10:08:00,Pichincha,Sierra,Estándar urbano,PyME,8.9,171.8,0,,23.44,5.7
LA-001263,2026-03-15 10:09:00,Guayas,Costa,Estándar urbano,PyME,9.2,123.4,0,,17.18,12.9
LA-004665,2026-03-15 10:19:00,Manabí,Costa,Express,Corporativo,12.5,28.0,0,,39.81,14.9
LA-001235,2026-03-15 10:21:00,Guayas,Costa,Estándar urbano,Comercio minorista,9.0,158.3,0,,26.98,1.0
LA-001273,2026-03-15 10:25:00,Guayas,Costa,Estándar urbano,Corporativo,8.0,197.7,0,,15.23,12.1
LA-004628,2026-03-15 10:25:00,Manabí,Costa,Express,Comercio minorista,11.0,127.8,1,Demora en entrega,36.39,19.1
LA-002896,2026-03-15 10:48:00,Pichincha,Sierra,Estándar urbano,Comercio minorista,8.7,173.2,0,,13.54,22.0
LA-001640,2026-03-15 10:50:00,Guayas,Costa,Programado,PyME,5.3,156.4,0,,21.04,6.6
LA-002731,2026-03-15 11:03:00,Pichincha,Sierra,Estándar urbano,Comercio minorista,8.8,178.5,0,,16.47,30.4
LA-002915,2026-03-15 11:13:00,Pichincha,Sierra,Estándar urbano,Comercio minorista,6.6,151.3,0,,12.0,8.5
LA-003871,2026-03-15 11:16:00,Azuay,Sierra,Estándar urbano,Comercio minorista,9.0,132.2,0,,11.92,8.9
LA-001255,2026-03-15 11:19:00,Guayas,Costa,Estándar urbano,PyME,7.4,112.5,0,,29.18,7.7
LA-002976,2026-03-15 11:27:00,Pichincha,Sierra,Express,Comercio minorista,9.8,101.3,0,,27.58,5.6
LA-003034,2026-03-15 11:30:00,Pichincha,Sierra,Express,Comercio minorista,6.4,84.1,0,,50.14,21.3
LA-003845,2026-03-15 11:59:00,Azuay,Sierra,Estándar urbano,Comercio minorista,5.8,116.3,0,,9.83,6.4
LA-002712,2026-03-15 12:04:00,Pichincha,Sierra,Estándar urbano,PyME,7.3,142.5,0,,19.73,12.2
LA-001607,2026-03-15 12:10:00,Guayas,Costa,Express,PyME,9.6,37.9,0,,58.02,10.0
LA-003867,2026-03-15 12:14:00,Azuay,Sierra,Estándar urbano,Corporativo,7.2,139.8,0,,32.87,8.0
LA-001176,2026-03-15 12:35:00,Guayas,Costa,Estándar urbano,PyME,8.6,160.1,1,Demora en entrega,18.74,6.6
LA-005672,2026-03-15 12:40:00,Loja,Sierra,Estándar urbano,Comercio minorista,7.1,127.6,0,,19.25,6.5
LA-003813,2026-03-15 12:51:00,Azuay,Sierra,Estándar urbano,Corporativo,7.5,108.9,0,,25.64,3.8
LA-004494,2026-03-15 12:59:00,Manabí,Costa,Estándar urbano,Comercio minorista,4.7,264.1,1,Falta de actualización,16.73,11.4
LA-004582,2026-03-15 13:00:00,Manabí,Costa,Estándar urbano,Comercio minorista,10.4,230.0,0,,16.96,17.9
LA-001494,2026-03-15 13:12:00,Guayas,Costa,Express,Comercio minorista,11.2,87.5,0,,18.86,4.0
LA-001411,2026-03-15 13:20:00,Guayas,Costa,Estándar urbano,PyME,5.1,174.5,0,,25.49,17.2
LA-004516,2026-03-15 13:29:00,Manabí,Costa,Estándar urbano,Corporativo,8.0,147.6,0,,18.29,7.9
LA-005315,2026-03-15 13:42:00,Tungurahua,Sierra,Programado,PyME,8.1,133.0,0,,38.18,22.9
LA-004580,2026-03-15 13:57:00,Manabí,Costa,Estándar urbano,Comercio minorista,9.9,104.7,0,,12.11,7.7
LA-005299,2026-03-15 14:07:00,Tungurahua,Sierra,Express,Corporativo,6.7,39.9,0,,30.98,15.3
LA-003835,2026-03-15 14:23:00,Azuay,Sierra,Estándar urbano,Comercio minorista,8.4,126.0,0,,12.44,7.4
LA-002858,2026-03-15 14:29:00,Pichincha,Sierra,Estándar urbano,PyME,9.9,167.4,0,,29.93,8.8
LA-005253,2026-03-15 14:31:00,Tungurahua,Sierra,Estándar urbano,PyME,5.1,88.6,0,,13.48,6.7
LA-003072,2026-03-15 14:36:00,Pichincha,Sierra,Express,Comercio minorista,8.1,112.3,0,,35.72,18.4
LA-005214,2026-03-15 14:37:00,Tungurahua,Sierra,Estándar urbano,PyME,5.2,124.6,0,,14.05,2.2
LA-001542,2026-03-15 14:43:00,Guayas,Costa,Express,PyME,13.4,81.8,0,,40.15,15.4
LA-002753,2026-03-15 14:45:00,Pichincha,Sierra,Estándar urbano,PyME,5.5,125.4,0,,15.2,8.1
LA-001474,2026-03-15 15:01:00,Guayas,Costa,Express,PyME,10.4,54.8,0,,54.91,3.1
LA-003176,2026-03-15 15:13:00,Pichincha,Sierra,Programado,Comercio minorista,6.6,170.5,0,,34.08,13.1
LA-003995,2026-03-15 15:31:00,Azuay,Sierra,Programado,PyME,4.6,138.5,0,,14.43,5.8
LA-003962,2026-03-15 15:32:00,Azuay,Sierra,Express,PyME,7.9,96.6,0,,27.15,2.1
LA-004468,2026-03-15 15:42:00,Manabí,Costa,Estándar urbano,Comercio minorista,11.1,88.6,0,,18.2,1.0
LA-001125,2026-03-15 15:43:00,Guayas,Costa,Estándar urbano,PyME,10.4,144.3,0,,17.53,10.5
LA-003140,2026-03-15 15:46:00,Pichincha,Sierra,Programado,Corporativo,6.3,155.3,0,,27.56,11.2
LA-001210,2026-03-15 16:15:00,Guayas,Costa,Estándar urbano,Corporativo,4.5,203.2,0,,26.37,7.1
LA-003166,2026-03-15 16:16:00,Pichincha,Sierra,Programado,Comercio minorista,6.6,147.0,0,,23.99,7.2
LA-005738,2026-03-15 16:25:00,Loja,Sierra,Estándar urbano,Corporativo,9.0,131.6,0,,25.79,9.4
LA-002727,2026-03-15 16:34:00,Pichincha,Sierra,Estándar urbano,PyME,4.4,182.4,0,,18.89,27.9
LA-002794,2026-03-15 16:35:00,Pichincha,Sierra,Estándar urbano,PyME,8.0,153.5,0,,26.46,9.8
LA-004693,2026-03-15 16:37:00,Manabí,Costa,Programado,Corporativo,9.3,192.8,0,,25.56,2.3
LA-002963,2026-03-15 16:43:00,Pichincha,Sierra,Express,Corporativo,6.6,109.9,0,,53.57,23.3
LA-005346,2026-03-15 17:13:00,Tungurahua,Sierra,Programado,PyME,5.4,95.2,0,,23.79,2.3
LA-005173,2026-03-15 18:06:00,Tungurahua,Sierra,Estándar urbano,Corporativo,7.8,104.9,0,,33.4,16.7
LA-003885,2026-03-15 18:22:00,Azuay,Sierra,Estándar urbano,Comercio minorista,7.1,124.1,0,,20.37,5.0
LA-004492,2026-03-15 18:51:00,Manabí,Costa,Estándar urbano,Corporativo,13.5,182.5,0,,33.76,8.5
LA-001430,2026-03-16 07:05:00,Guayas,Costa,Express,PyME,9.6,34.5,0,,24.72,1.0
LA-002833,2026-03-16 07:10:00,Pichincha,Sierra,Estándar urbano,PyME,6.2,143.1,0,,23.23,19.2
LA-002682,2026-03-16 07:11:00,Pichincha,Sierra,Estándar urbano,Comercio minorista,5.7,153.2,0,,33.63,7.5
LA-005301,2026-03-16 07:25:00,Tungurahua,Sierra,Express,Corporativo,5.8,51.5,0,,42.77,4.8
LA-001503,2026-03-16 07:38:00,Guayas,Costa,Express,Comercio minorista,9.1,82.5,0,,42.73,10.6
LA-003143,2026-03-16 07:44:00,Pichincha,Sierra,Programado,Comercio minorista,7.4,140.5,0,,11.92,5.2
LA-005188,2026-03-16 07:46:00,Tungurahua,Sierra,Estándar urbano,Comercio minorista,4.5,118.3,0,,8.02,9.6
LA-003748,2026-03-16 08:19:00,Azuay,Sierra,Estándar urbano,Comercio minorista,7.9,115.2,0,,18.63,17.0
LA-001708,2026-03-16 08:34:00,Guayas,Costa,Programado,Comercio minorista,7.0,121.9,0,,20.0,5.0
LA-004647,2026-03-16 08:34:00,Manabí,Costa,Express,Comercio minorista,7.5,28.0,0,,18.78,8.8
LA-003923,2026-03-16 08:41:00,Azuay,Sierra,Express,Comercio minorista,5.6,42.3,0,,23.88,2.9
LA-001466,2026-03-16 08:57:00,Guayas,Costa,Express,PyME,9.1,69.0,0,,25.66,4.8
LA-001486,2026-03-16 08:58:00,Guayas,Costa,Express,PyME,10.7,265.9,0,,22.5,4.0
LA-002664,2026-03-16 09:28:00,Pichincha,Sierra,Estándar urbano,PyME,6.0,153.2,0,,19.41,12.4
LA-003047,2026-03-16 09:33:00,Pichincha,Sierra,Express,Corporativo,11.9,107.3,0,,53.78,8.3
LA-001372,2026-03-16 09:56:00,Guayas,Costa,Estándar urbano,Corporativo,6.3,162.1,0,,35.18,10.3
LA-003129,2026-03-16 10:01:00,Pichincha,Sierra,Programado,Comercio minorista,8.1,152.3,0,,14.25,7.0
LA-001685,2026-03-16 10:04:00,Guayas,Costa,Programado,Comercio minorista,9.4,191.7,0,,29.1,21.1
LA-005240,2026-03-16 10:13:00,Tungurahua,Sierra,Estándar urbano,Corporativo,6.7,116.3,0,,10.34,2.2
LA-003802,2026-03-16 10:14:00,Azuay,Sierra,Estándar urbano,PyME,4.9,107.8,0,,19.02,7.8
LA-005325,2026-03-16 10:17:00,Tungurahua,Sierra,Programado,PyME,8.6,133.4,0,,45.9,3.0
LA-004677,2026-03-16 10:28:00,Manabí,Costa,Programado,Comercio minorista,5.5,191.8,0,,26.33,26.1
LA-001624,2026-03-16 10:31:00,Guayas,Costa,Programado,Comercio minorista,8.8,150.5,0,,19.44,9.5
LA-003742,2026-03-16 11:16:00,Azuay,Sierra,Estándar urbano,Corporativo,4.4,118.7,0,,18.74,13.0
LA-005663,2026-03-16 11:18:00,Loja,Sierra,Estándar urbano,Comercio minorista,11.6,149.0,0,,21.18,11.6
LA-001481,2026-03-16 11:26:00,Guayas,Costa,Express,PyME,9.2,78.4,0,,42.87,18.5
LA-003800,2026-03-16 11:36:00,Azuay,Sierra,Estándar urbano,Corporativo,7.0,95.9,0,,18.94,9.6
LA-003918,2026-03-16 11:57:00,Azuay,Sierra,Express,Comercio minorista,8.0,62.9,0,,22.5,2.6
LA-005311,2026-03-16 12:00:00,Tungurahua,Sierra,Express,Comercio minorista,6.7,84.0,0,,35.06,8.8
LA-002819,2026-03-16 12:01:00,Pichincha,Sierra,Estándar urbano,PyME,6.7,127.3,0,,25.75,10.9
LA-003790,2026-03-16 12:04:00,Azuay,Sierra,Estándar urbano,Corporativo,6.3,140.4,0,,27.05,9.0
LA-001129,2026-03-16 12:09:00,Guayas,Costa,Estándar urbano,Comercio minorista,10.2,119.1,0,,14.89,18.7
LA-001344,2026-03-16 12:25:00,Guayas,Costa,Estándar urbano,Comercio minorista,9.8,185.2,0,,15.29,5.9
LA-003167,2026-03-16 12:45:00,Pichincha,Sierra,Programado,Comercio minorista,4.2,120.5,0,,26.17,5.1
LA-001416,2026-03-16 12:54:00,Guayas,Costa,Express,Comercio minorista,11.5,88.3,0,,17.09,12.1
LA-001470,2026-03-16 12:54:00,Guayas,Costa,Express,Comercio minorista,11.9,86.0,0,,46.76,1.9
LA-001562,2026-03-16 12:54:00,Guayas,Costa,Express,Comercio minorista,9.1,67.1,0,,25.59,1.0
LA-002950,2026-03-16 13:00:00,Pichincha,Sierra,Express,Comercio minorista,9.2,53.4,0,,26.98,5.8
LA-004632,2026-03-16 13:13:00,Manabí,Costa,Express,PyME,9.1,98.0,0,,18.97,5.4
LA-003868,2026-03-16 13:15:00,Azuay,Sierra,Estándar urbano,Corporativo,9.3,140.3,0,,26.69,4.7
LA-001164,2026-03-16 13:15:00,Guayas,Costa,Estándar urbano,Corporativo,11.6,164.5,0,,18.7,12.6
LA-003044,2026-03-16 13:18:00,Pichincha,Sierra,Express,PyME,7.6,68.8,0,,50.83,7.4
LA-003881,2026-03-16 13:20:00,Azuay,Sierra,Estándar urbano,PyME,9.0,146.4,1,Demora en entrega,19.46,18.2
LA-001614,2026-03-16 13:29:00,Guayas,Costa,Express,PyME,10.1,156.7,0,,27.51,22.4
LA-001686,2026-03-16 13:31:00,Guayas,Costa,Programado,Comercio minorista,9.0,146.1,0,,22.4,5.9
LA-002887,2026-03-16 13:37:00,Pichincha,Sierra,Estándar urbano,Comercio minorista,7.4,131.0,0,,29.7,18.1
LA-001109,2026-03-16 13:45:00,Guayas,Costa,Estándar urbano,Corporativo,9.6,129.4,0,,40.38,9.6
LA-001196,2026-03-16 13:47:00,Guayas,Costa,Estándar urbano,Comercio minorista,9.2,145.1,0,,22.02,17.6
LA-005245,2026-03-16 14:01:00,Tungurahua,Sierra,Estándar urbano,PyME,4.6,96.4,0,,15.17,3.1
LA-003812,2026-03-16 14:13:00,Azuay,Sierra,Estándar urbano,Comercio minorista,7.1,97.0,0,,11.54,8.1
LA-002801,2026-03-16 14:32:00,Pichincha,Sierra,Estándar urbano,Comercio minorista,7.2,162.4,0,,18.31,1.7
LA-005167,2026-03-16 14:32:00,Tungurahua,Sierra,Estándar urbano,PyME,7.8,124.4,0,,23.63,3.9
LA-001572,2026-03-16 14:45:00,Guayas,Costa,Express,PyME,9.0,32.1,0,,24.83,1.0
LA-003017,2026-03-16 14:51:00,Pichincha,Sierra,Express,Corporativo,7.5,161.1,0,,65.19,11.3
LA-002906,2026-03-16 15:04:00,Pichincha,Sierra,Estándar urbano,PyME,8.9,97.4,0,,19.95,10.2
LA-001214,2026-03-16 16:21:00,Guayas,Costa,Estándar urbano,Comercio minorista,10.5,158.7,0,,26.18,3.1
LA-005229,2026-03-16 16:37:00,Tungurahua,Sierra,Estándar urbano,Comercio minorista,9.0,135.4,0,,14.09,11.0
LA-004606,2026-03-16 16:51:00,Manabí,Costa,Estándar urbano,Comercio minorista,10.2,256.0,1,Incumplimiento de horario,26.4,28.1
LA-005148,2026-03-16 16:53:00,Tungurahua,Sierra,Estándar urbano,PyME,9.1,119.5,0,,19.75,2.0
LA-003909,2026-03-16 16:58:00,Azuay,Sierra,Express,PyME,7.3,60.8,0,,49.85,10.2
LA-002826,2026-03-16 17:30:00,Pichincha,Sierra,Estándar urbano,Corporativo,10.6,124.5,0,,26.1,4.3
LA-003958,2026-03-16 17:37:00,Azuay,Sierra,Express,Comercio minorista,7.6,41.3,0,,23.89,3.9
LA-005263,2026-03-16 17:52:00,Tungurahua,Sierra,Express,Comercio minorista,8.6,115.1,0,,12.38,16.2
LA-005746,2026-03-16 18:05:00,Loja,Sierra,Estándar urbano,Comercio minorista,8.8,144.4,0,,19.88,3.7
LA-003756,2026-03-16 19:17:00,Azuay,Sierra,Estándar urbano,PyME,8.2,118.9,0,,25.89,4.6
LA-001538,2026-03-16 19:26:00,Guayas,Costa,Express,Comercio minorista,9.8,68.1,0,,29.5,8.3
LA-004503,2026-03-17 07:16:00,Manabí,Costa,Estándar urbano,Corporativo,9.4,134.2,0,,32.15,24.8
LA-001543,2026-03-17 07:20:00,Guayas,Costa,Express,Comercio minorista,8.4,173.9,0,,36.25,32.5
LA-005179,2026-03-17 07:49:00,Tungurahua,Sierra,Estándar urbano,Corporativo,10.1,147.4,0,,12.88,3.9
LA-001531,2026-03-17 08:08:00,Guayas,Costa,Express,PyME,7.5,143.6,0,,36.77,17.3
LA-001569,2026-03-17 08:14:00,Guayas,Costa,Express,Comercio minorista,9.6,51.1,0,,40.02,15.6
LA-005329,2026-03-17 08:22:00,Tungurahua,Sierra,Programado,Comercio minorista,10.1,144.5,0,,20.8,6.6
LA-004560,2026-03-17 08:40:00,Manabí,Costa,Estándar urbano,Comercio minorista,9.9,134.4,0,,11.93,1.5
LA-001098,2026-03-17 08:56:00,Guayas,Costa,Estándar urbano,PyME,8.3,207.2,0,,17.13,9.7
LA-003920,2026-03-17 09:00:00,Azuay,Sierra,Express,Comercio minorista,10.7,66.4,0,,29.61,5.6
LA-002706,2026-03-17 09:03:00,Pichincha,Sierra,Estándar urbano,Comercio minorista,10.9,131.4,0,,25.33,3.3
LA-003181,2026-03-17 09:10:00,Pichincha,Sierra,Programado,PyME,9.8,152.5,0,,36.27,14.4
LA-001574,2026-03-17 09:26:00,Guayas,Costa,Express,Corporativo,8.0,86.6,0,,26.46,8.2
LA-001501,2026-03-17 09:27:00,Guayas,Costa,Express,Comercio minorista,11.1,151.1,0,,26.81,14.7
LA-001561,2026-03-17 09:39:00,Guayas,Costa,Express,PyME,10.8,99.2,0,,29.51,8.6
LA-002726,2026-03-17 09:56:00,Pichincha,Sierra,Estándar urbano,Corporativo,7.2,115.7,0,,18.82,2.8
LA-002822,2026-03-17 10:05:00,Pichincha,Sierra,Estándar urbano,PyME,6.1,88.6,0,,14.53,5.9
LA-002787,2026-03-17 10:07:00,Pichincha,Sierra,Estándar urbano,Comercio minorista,8.8,127.4,0,,15.9,4.3
LA-004625,2026-03-17 10:12:00,Manabí,Costa,Express,Corporativo,8.4,115.4,0,,28.83,8.8
LA-002839,2026-03-17 10:18:00,Pichincha,Sierra,Estándar urbano,PyME,5.7,98.4,0,,16.76,3.2
LA-002918,2026-03-17 10:28:00,Pichincha,Sierra,Estándar urbano,PyME,8.0,168.6,0,,15.03,7.0
LA-004652,2026-03-17 10:40:00,Manabí,Costa,Express,Corporativo,11.7,157.7,0,,25.02,3.0
LA-004678,2026-03-17 10:45:00,Manabí,Costa,Programado,Comercio minorista,10.4,427.2,0,,30.48,38.8
LA-002897,2026-03-17 10:46:00,Pichincha,Sierra,Estándar urbano,Corporativo,7.6,138.2,0,,22.91,9.3
LA-001138,2026-03-17 10:54:00,Guayas,Costa,Estándar urbano,Comercio minorista,7.0,192.1,0,,30.02,29.6
LA-001141,2026-03-17 11:08:00,Guayas,Costa,Estándar urbano,Comercio minorista,8.9,178.2,0,,14.21,11.0
LA-001103,2026-03-17 11:16:00,Guayas,Costa,Estándar urbano,Comercio minorista,10.0,155.1,0,,9.54,5.4
LA-004480,2026-03-17 11:23:00,Manabí,Costa,Estándar urbano,PyME,9.1,169.4,0,,24.65,8.8
LA-005262,2026-03-17 11:30:00,Tungurahua,Sierra,Express,Comercio minorista,6.9,77.4,0,,37.01,25.9
LA-005226,2026-03-17 11:40:00,Tungurahua,Sierra,Estándar urbano,Comercio minorista,5.4,115.7,0,,22.92,4.9
LA-005266,2026-03-17 11:50:00,Tungurahua,Sierra,Express,Comercio minorista,7.7,109.7,0,,29.43,8.7
LA-004012,2026-03-17 11:56:00,Azuay,Sierra,Programado,Comercio minorista,8.6,141.5,0,,24.45,9.6
LA-001426,2026-03-17 12:02:00,Guayas,Costa,Express,Comercio minorista,8.5,71.6,0,,30.43,8.0
LA-001324,2026-03-17 12:04:00,Guayas,Costa,Estándar urbano,Corporativo,8.8,174.6,0,,20.73,20.5
LA-004489,2026-03-17 12:11:00,Manabí,Costa,Estándar urbano,PyME,7.7,171.6,0,,22.16,4.6
LA-003963,2026-03-17 12:13:00,Azuay,Sierra,Express,Comercio minorista,4.7,62.6,0,,29.37,6.2
LA-003863,2026-03-17 12:15:00,Azuay,Sierra,Estándar urbano,PyME,5.9,116.0,0,,19.59,3.0
LA-005695,2026-03-17 12:36:00,Loja,Sierra,Estándar urbano,Comercio minorista,9.8,149.3,0,,13.69,17.2
LA-001419,2026-03-17 12:44:00,Guayas,Costa,Express,Comercio minorista,12.0,77.9,0,,15.18,5.1
LA-001445,2026-03-17 12:58:00,Guayas,Costa,Express,PyME,7.9,125.0,0,,26.8,23.8
LA-005305,2026-03-17 13:02:00,Tungurahua,Sierra,Express,PyME,6.2,110.1,0,,22.13,2.1
LA-001530,2026-03-17 13:04:00,Guayas,Costa,Express,Comercio minorista,7.4,186.3,1,Falta de actualización,21.52,3.0
LA-005143,2026-03-17 13:23:00,Tungurahua,Sierra,Estándar urbano,Corporativo,9.6,84.4,0,,19.97,2.6
LA-005341,2026-03-17 13:24:00,Tungurahua,Sierra,Programado,Corporativo,3.2,126.0,0,,20.23,7.2
LA-004604,2026-03-17 14:05:00,Manabí,Costa,Estándar urbano,PyME,11.3,137.3,1,Demora en entrega,18.25,7.9
LA-005232,2026-03-17 14:24:00,Tungurahua,Sierra,Estándar urbano,PyME,7.5,83.2,0,,24.99,3.9
LA-005789,2026-03-17 14:25:00,Loja,Sierra,Programado,Comercio minorista,7.4,185.9,0,,22.78,5.2
LA-003917,2026-03-17 14:56:00,Azuay,Sierra,Express,PyME,7.2,50.5,0,,21.42,5.0
LA-003107,2026-03-17 15:15:00,Pichincha,Sierra,Express,PyME,11.0,60.8,0,,48.44,7.6
LA-003937,2026-03-17 15:37:00,Azuay,Sierra,Express,Comercio minorista,9.3,41.7,0,,18.33,4.5
LA-002978,2026-03-17 15:49:00,Pichincha,Sierra,Express,Comercio minorista,9.8,125.3,0,,24.44,2.5
LA-004719,2026-03-17 16:02:00,Manabí,Costa,Programado,Comercio minorista,7.3,168.4,0,,20.78,11.4
LA-003869,2026-03-17 16:25:00,Azuay,Sierra,Estándar urbano,PyME,7.1,116.9,0,,27.21,9.8
LA-001309,2026-03-17 16:32:00,Guayas,Costa,Estándar urbano,PyME,9.7,172.6,0,,15.84,9.8
LA-005666,2026-03-17 16:35:00,Loja,Sierra,Estándar urbano,Comercio minorista,9.5,112.1,0,,14.26,4.9
LA-002869,2026-03-17 16:49:00,Pichincha,Sierra,Estándar urbano,PyME,7.7,154.8,0,,14.99,2.0
LA-001512,2026-03-17 17:38:00,Guayas,Costa,Express,Comercio minorista,9.5,107.8,0,,36.25,7.2
LA-003169,2026-03-17 17:46:00,Pichincha,Sierra,Programado,Comercio minorista,2.9,235.8,0,,47.12,30.5
LA-003046,2026-03-17 17:56:00,Pichincha,Sierra,Express,PyME,12.0,68.2,0,,41.95,3.5
LA-004710,2026-03-18 07:00:00,Manabí,Costa,Programado,PyME,9.8,346.4,0,,21.94,23.3
LA-001350,2026-03-18 07:25:00,Guayas,Costa,Estándar urbano,PyME,6.1,144.4,0,,13.74,10.7
LA-005183,2026-03-18 07:33:00,Tungurahua,Sierra,Estándar urbano,PyME,5.3,159.4,0,,19.4,16.4
LA-001522,2026-03-18 07:44:00,Guayas,Costa,Express,Comercio minorista,7.3,102.8,0,,25.39,7.3
LA-001220,2026-03-18 07:52:00,Guayas,Costa,Estándar urbano,PyME,8.7,308.6,0,,29.59,4.1
LA-004662,2026-03-18 08:00:00,Manabí,Costa,Express,Comercio minorista,4.7,94.7,0,,33.05,10.5
LA-003006,2026-03-18 08:06:00,Pichincha,Sierra,Express,PyME,8.9,110.5,0,,45.6,21.6
LA-001228,2026-03-18 08:10:00,Guayas,Costa,Estándar urbano,PyME,6.2,126.6,0,,23.08,8.6
LA-001320,2026-03-18 08:26:00,Guayas,Costa,Estándar urbano,Comercio minorista,7.2,122.3,1,Demora en entrega,15.77,1.2
LA-002846,2026-03-18 08:26:00,Pichincha,Sierra,Estándar urbano,Comercio minorista,6.5,185.2,0,,12.77,12.7
LA-004687,2026-03-18 08:33:00,Manabí,Costa,Programado,Comercio minorista,7.4,157.5,0,,22.72,21.7
LA-003770,2026-03-18 08:35:00,Azuay,Sierra,Estándar urbano,Comercio minorista,5.5,138.6,0,,18.37,12.4
LA-005349,2026-03-18 08:36:00,Tungurahua,Sierra,Programado,PyME,7.2,129.5,0,,15.57,2.8
LA-002792,2026-03-18 08:39:00,Pichincha,Sierra,Estándar urbano,Comercio minorista,6.0,127.3,0,,37.5,13.2
LA-003116,2026-03-18 08:39:00,Pichincha,Sierra,Express,Comercio minorista,7.2,79.3,0,,26.25,7.7
LA-001513,2026-03-18 08:41:00,Guayas,Costa,Express,Comercio minorista,12.6,82.7,0,,39.76,5.9
LA-001596,2026-03-18 08:43:00,Guayas,Costa,Express,Comercio minorista,8.5,36.4,0,,36.76,5.3
LA-003972,2026-03-18 08:46:00,Azuay,Sierra,Programado,PyME,4.9,122.9,0,,19.03,5.7
LA-002701,2026-03-18 08:49:00,Pichincha,Sierra,Estándar urbano,Comercio minorista,9.3,189.9,0,,14.92,17.8
LA-002697,2026-03-18 08:58:00,Pichincha,Sierra,Estándar urbano,Comercio minorista,9.1,70.7,0,,13.08,1.5
LA-005719,2026-03-18 09:10:00,Loja,Sierra,Estándar urbano,Comercio minorista,6.3,209.0,0,,14.06,33.3
LA-001172,2026-03-18 09:11:00,Guayas,Costa,Estándar urbano,PyME,11.2,113.3,0,,30.05,17.3
LA-001383,2026-03-18 09:19:00,Guayas,Costa,Estándar urbano,PyME,11.6,214.9,0,,21.76,26.5
LA-004636,2026-03-18 09:32:00,Manabí,Costa,Express,Comercio minorista,11.1,191.8,1,Demora en entrega,32.43,21.4
LA-005197,2026-03-18 09:48:00,Tungurahua,Sierra,Estándar urbano,Comercio minorista,9.9,107.1,0,,12.44,4.6
LA-005204,2026-03-18 10:19:00,Tungurahua,Sierra,Estándar urbano,PyME,3.0,127.3,0,,14.72,8.0
LA-004488,2026-03-18 10:30:00,Manabí,Costa,Estándar urbano,Corporativo,7.8,243.5,0,,27.87,45.0
LA-004597,2026-03-18 10:31:00,Manabí,Costa,Estándar urbano,PyME,5.7,198.5,0,,24.24,11.2
LA-001147,2026-03-18 10:36:00,Guayas,Costa,Estándar urbano,Corporativo,6.1,121.7,0,,31.83,8.1
LA-005778,2026-03-18 10:36:00,Loja,Sierra,Programado,PyME,6.9,166.1,0,,17.67,12.7
LA-002930,2026-03-18 10:37:00,Pichincha,Sierra,Estándar urbano,PyME,7.3,157.2,0,,23.22,15.8
LA-005172,2026-03-18 10:39:00,Tungurahua,Sierra,Estándar urbano,Comercio minorista,6.3,132.1,0,,14.3,11.2
LA-003804,2026-03-18 10:44:00,Azuay,Sierra,Estándar urbano,Corporativo,6.2,115.1,0,,16.74,6.2
LA-005701,2026-03-18 10:48:00,Loja,Sierra,Estándar urbano,PyME,4.6,130.8,0,,7.18,2.8
LA-003858,2026-03-18 10:55:00,Azuay,Sierra,Estándar urbano,PyME,8.7,116.6,0,,12.15,4.0
LA-004683,2026-03-18 10:56:00,Manabí,Costa,Programado,Comercio minorista,9.6,130.1,0,,18.25,6.0
LA-002859,2026-03-18 11:06:00,Pichincha,Sierra,Estándar urbano,Corporativo,5.4,107.7,0,,32.48,10.9
LA-001638,2026-03-18 11:15:00,Guayas,Costa,Programado,Corporativo,6.6,147.4,0,,49.81,7.1
LA-001610,2026-03-18 11:19:00,Guayas,Costa,Express,PyME,8.4,100.3,0,,38.93,14.3
LA-002797,2026-03-18 11:20:00,Pichincha,Sierra,Estándar urbano,PyME,6.5,170.0,0,,24.1,5.7
LA-002806,2026-03-18 11:25:00,Pichincha,Sierra,Estándar urbano,Corporativo,8.1,96.0,0,,28.44,1.0
LA-002830,2026-03-18 11:59:00,Pichincha,Sierra,Estándar urbano,PyME,6.9,175.7,0,,26.63,6.2
LA-001668,2026-03-18 12:24:00,Guayas,Costa,Programado,PyME,3.6,152.1,0,,24.53,7.2
LA-003073,2026-03-18 12:41:00,Pichincha,Sierra,Express,Comercio minorista,9.3,49.0,0,,26.84,4.9
LA-003111,2026-03-18 12:42:00,Pichincha,Sierra,Express,PyME,7.2,90.9,0,,36.46,5.6
LA-002700,2026-03-18 12:46:00,Pichincha,Sierra,Estándar urbano,PyME,8.1,79.2,0,,27.05,4.4
LA-003177,2026-03-18 12:47:00,Pichincha,Sierra,Programado,Comercio minorista,6.7,179.0,0,,24.36,11.0
LA-004551,2026-03-18 12:49:00,Manabí,Costa,Estándar urbano,PyME,8.1,380.1,0,,19.25,6.6
LA-001524,2026-03-18 12:53:00,Guayas,Costa,Express,Comercio minorista,8.1,86.3,0,,36.49,12.6
LA-002675,2026-03-18 12:58:00,Pichincha,Sierra,Estándar urbano,Corporativo,8.9,193.6,0,,36.78,17.4
LA-001114,2026-03-18 13:03:00,Guayas,Costa,Estándar urbano,Comercio minorista,6.5,157.5,0,,23.09,12.1
LA-002986,2026-03-18 13:22:00,Pichincha,Sierra,Express,PyME,7.9,80.3,0,,28.97,10.6
LA-004473,2026-03-18 13:27:00,Manabí,Costa,Estándar urbano,PyME,11.2,241.4,0,,31.22,33.2
LA-002836,2026-03-18 13:28:00,Pichincha,Sierra,Estándar urbano,PyME,6.3,121.0,0,,35.37,4.1
LA-003199,2026-03-18 13:30:00,Pichincha,Sierra,Programado,PyME,8.7,143.1,0,,18.57,8.1
LA-001655,2026-03-18 13:35:00,Guayas,Costa,Programado,Comercio minorista,8.6,214.3,0,,39.85,22.6
LA-004644,2026-03-18 13:35:00,Manabí,Costa,Express,Comercio minorista,11.6,106.0,0,,36.84,7.9
LA-002725,2026-03-18 13:36:00,Pichincha,Sierra,Estándar urbano,Comercio minorista,7.1,112.5,0,,26.98,11.6
LA-005340,2026-03-18 13:39:00,Tungurahua,Sierra,Programado,PyME,7.2,176.3,0,,22.74,19.2
LA-002936,2026-03-18 13:42:00,Pichincha,Sierra,Express,Comercio minorista,7.0,135.0,0,,39.27,29.4
LA-001608,2026-03-18 13:53:00,Guayas,Costa,Express,Comercio minorista,10.5,126.2,0,,21.84,19.8
LA-002910,2026-03-18 13:58:00,Pichincha,Sierra,Estándar urbano,PyME,11.3,139.1,0,,19.28,3.0
LA-002979,2026-03-18 14:03:00,Pichincha,Sierra,Express,PyME,5.5,192.3,0,,19.84,1.8
LA-002710,2026-03-18 14:04:00,Pichincha,Sierra,Estándar urbano,PyME,6.0,120.2,0,,9.37,2.8
LA-003090,2026-03-18 14:17:00,Pichincha,Sierra,Express,Comercio minorista,8.2,106.5,0,,60.2,13.8
LA-002748,2026-03-18 14:25:00,Pichincha,Sierra,Estándar urbano,Corporativo,8.2,154.8,0,,24.25,23.2
LA-005152,2026-03-18 14:38:00,Tungurahua,Sierra,Estándar urbano,Comercio minorista,5.7,105.7,0,,11.8,4.0
LA-003945,2026-03-18 15:35:00,Azuay,Sierra,Express,PyME,5.1,47.8,0,,23.57,5.5
LA-003782,2026-03-18 15:44:00,Azuay,Sierra,Estándar urbano,Corporativo,2.2,106.3,0,,37.28,8.4
LA-001234,2026-03-18 15:48:00,Guayas,Costa,Estándar urbano,PyME,7.5,194.0,0,,25.07,19.4
LA-003040,2026-03-18 16:02:00,Pichincha,Sierra,Express,PyME,7.8,103.4,0,,29.37,6.4
LA-002720,2026-03-18 16:06:00,Pichincha,Sierra,Estándar urbano,PyME,6.1,148.4,0,,15.47,4.7
LA-003144,2026-03-18 16:27:00,Pichincha,Sierra,Programado,Comercio minorista,6.3,146.3,0,,16.63,1.6
LA-004511,2026-03-18 16:59:00,Manabí,Costa,Estándar urbano,Comercio minorista,9.8,266.6,0,,13.21,12.7
LA-001358,2026-03-18 17:20:00,Guayas,Costa,Estándar urbano,Comercio minorista,12.0,108.7,0,,14.32,7.4
LA-001581,2026-03-18 17:53:00,Guayas,Costa,Express,Comercio minorista,9.4,124.4,0,,15.31,3.6
LA-005784,2026-03-18 18:56:00,Loja,Sierra,Programado,Comercio minorista,9.6,181.7,0,,28.52,8.5
LA-003810,2026-03-19 07:00:00,Azuay,Sierra,Estándar urbano,PyME,2.9,130.8,0,,23.04,12.2
LA-002970,2026-03-19 07:04:00,Pichincha,Sierra,Express,PyME,10.6,63.1,0,,27.46,4.3
LA-004476,2026-03-19 07:23:00,Manabí,Costa,Estándar urbano,Corporativo,9.0,139.7,0,,20.7,17.4
LA-004547,2026-03-19 07:23:00,Manabí,Costa,Estándar urbano,Comercio minorista,11.7,230.5,0,,17.97,2.1
LA-001276,2026-03-19 07:36:00,Guayas,Costa,Estándar urbano,Corporativo,11.0,128.8,0,,21.24,4.9
LA-002885,2026-03-19 07:55:00,Pichincha,Sierra,Estándar urbano,Comercio minorista,6.3,159.8,0,,27.08,19.5
LA-001382,2026-03-19 07:56:00,Guayas,Costa,Estándar urbano,Comercio minorista,10.5,129.0,0,,17.09,8.0
LA-001321,2026-03-19 08:06:00,Guayas,Costa,Estándar urbano,Comercio minorista,10.6,101.1,0,,19.5,5.5
LA-001403,2026-03-19 08:21:00,Guayas,Costa,Estándar urbano,Comercio minorista,8.6,161.4,0,,20.48,4.5
LA-001197,2026-03-19 08:43:00,Guayas,Costa,Estándar urbano,PyME,9.5,149.8,0,,22.81,20.7
LA-001693,2026-03-19 09:05:00,Guayas,Costa,Programado,PyME,9.3,165.0,0,,23.54,10.8
LA-002708,2026-03-19 09:06:00,Pichincha,Sierra,Estándar urbano,PyME,6.6,153.7,0,,16.09,6.6
LA-002968,2026-03-19 09:11:00,Pichincha,Sierra,Express,Corporativo,6.7,121.6,0,,45.34,4.6
LA-005793,2026-03-19 09:17:00,Loja,Sierra,Programado,Corporativo,9.0,204.5,0,,23.86,18.0
LA-001456,2026-03-19 09:18:00,Guayas,Costa,Express,Corporativo,9.9,46.4,0,,30.42,5.8
LA-001175,2026-03-19 09:38:00,Guayas,Costa,Estándar urbano,Corporativo,5.8,110.3,0,,40.38,3.0
LA-001446,2026-03-19 09:56:00,Guayas,Costa,Express,Comercio minorista,8.6,112.9,0,,17.5,10.0
LA-003809,2026-03-19 09:58:00,Azuay,Sierra,Estándar urbano,Comercio minorista,3.9,127.6,0,,13.94,15.0
LA-001111,2026-03-19 10:17:00,Guayas,Costa,Estándar urbano,PyME,8.7,111.2,0,,40.97,12.3
LA-001337,2026-03-19 10:20:00,Guayas,Costa,Estándar urbano,PyME,9.4,127.1,0,,27.86,15.1
LA-001683,2026-03-19 10:22:00,Guayas,Costa,Programado,Comercio minorista,9.9,165.2,0,,29.97,6.4
LA-001123,2026-03-19 10:24:00,Guayas,Costa,Estándar urbano,Comercio minorista,8.9,176.9,0,,21.39,3.4
LA-001695,2026-03-19 10:27:00,Guayas,Costa,Programado,Comercio minorista,7.9,198.6,0,,23.63,16.4
LA-005200,2026-03-19 10:45:00,Tungurahua,Sierra,Estándar urbano,Corporativo,5.9,109.4,0,,36.54,7.4
LA-001492,2026-03-19 10:48:00,Guayas,Costa,Express,Corporativo,8.8,145.5,0,,28.01,26.2
LA-005734,2026-03-19 10:57:00,Loja,Sierra,Estándar urbano,Comercio minorista,8.3,166.4,0,,20.33,10.3
LA-002799,2026-03-19 11:13:00,Pichincha,Sierra,Estándar urbano,Comercio minorista,7.9,134.3,1,Paquete con incidencia,16.64,8.8
LA-001226,2026-03-19 11:32:00,Guayas,Costa,Estándar urbano,Corporativo,7.1,170.8,0,,24.09,20.1
LA-003018,2026-03-19 11:32:00,Pichincha,Sierra,Express,Corporativo,8.1,98.3,0,,56.28,10.2
LA-005759,2026-03-19 11:44:00,Loja,Sierra,Express,Comercio minorista,9.2,115.7,0,,19.58,10.3
LA-001397,2026-03-19 11:45:00,Guayas,Costa,Estándar urbano,Comercio minorista,8.7,169.9,0,,17.61,25.7
LA-001225,2026-03-19 11:46:00,Guayas,Costa,Estándar urbano,Comercio minorista,12.6,167.0,0,,19.27,6.5
LA-003020,2026-03-19 11:46:00,Pichincha,Sierra,Express,Comercio minorista,10.3,71.9,0,,29.59,6.0
LA-004565,2026-03-19 11:49:00,Manabí,Costa,Estándar urbano,PyME,5.7,52.3,0,,17.6,18.6
LA-001448,2026-03-19 12:01:00,Guayas,Costa,Express,PyME,8.1,107.2,0,,37.27,10.7
LA-003037,2026-03-19 12:18:00,Pichincha,Sierra,Express,PyME,6.5,67.8,0,,22.84,3.5
LA-003780,2026-03-19 12:38:00,Azuay,Sierra,Estándar urbano,Comercio minorista,8.5,108.1,0,,12.12,6.7
LA-004518,2026-03-19 12:42:00,Manabí,Costa,Estándar urbano,Comercio minorista,12.3,203.0,0,,23.39,4.9
LA-003934,2026-03-19 12:59:00,Azuay,Sierra,Express,Comercio minorista,9.4,80.6,0,,20.71,5.3
LA-001500,2026-03-19 13:03:00,Guayas,Costa,Express,Comercio minorista,9.5,104.3,0,,33.9,17.7
LA-001630,2026-03-19 13:13:00,Guayas,Costa,Programado,PyME,5.7,193.7,0,,32.85,35.0
LA-001262,2026-03-19 13:17:00,Guayas,Costa,Estándar urbano,Comercio minorista,7.5,140.8,0,,26.01,12.1
LA-001600,2026-03-19 13:21:00,Guayas,Costa,Express,Corporativo,6.5,80.0,0,,18.35,3.4
LA-001179,2026-03-19 13:28:00,Guayas,Costa,Estándar urbano,Comercio minorista,9.5,204.8,0,,19.8,38.2
LA-002775,2026-03-19 13:30:00,Pichincha,Sierra,Estándar urbano,Comercio minorista,7.7,137.6,0,,20.92,16.4
LA-003003,2026-03-19 13:34:00,Pichincha,Sierra,Express,PyME,4.7,121.8,0,,39.78,21.2
LA-005788,2026-03-19 13:43:00,Loja,Sierra,Programado,Comercio minorista,8.6,137.7,0,,14.44,4.1
LA-001130,2026-03-19 13:44:00,Guayas,Costa,Estándar urbano,Corporativo,8.3,133.8,0,,42.03,22.2
LA-005794,2026-03-19 13:46:00,Loja,Sierra,Programado,PyME,7.4,132.1,0,,16.9,3.8
LA-003179,2026-03-19 13:47:00,Pichincha,Sierra,Programado,Corporativo,7.2,181.1,0,,33.07,15.5
LA-001292,2026-03-19 13:54:00,Guayas,Costa,Estándar urbano,Comercio minorista,9.9,177.7,0,,18.43,16.8
LA-001359,2026-03-19 14:08:00,Guayas,Costa,Estándar urbano,PyME,8.4,166.5,0,,28.94,16.0
LA-005700,2026-03-19 14:08:00,Loja,Sierra,Estándar urbano,PyME,9.1,106.4,0,,19.66,1.9
LA-002969,2026-03-19 14:12:00,Pichincha,Sierra,Express,Comercio minorista,9.1,42.7,0,,21.26,9.6
LA-003064,2026-03-19 14:14:00,Pichincha,Sierra,Express,Comercio minorista,5.6,84.8,0,,43.47,7.6
LA-001192,2026-03-19 14:33:00,Guayas,Costa,Estándar urbano,Corporativo,10.5,175.1,0,,34.87,22.4
LA-004469,2026-03-19 14:40:00,Manabí,Costa,Estándar urbano,PyME,9.5,175.9,0,,33.7,20.4
LA-004679,2026-03-19 14:45:00,Manabí,Costa,Programado,Comercio minorista,8.5,173.0,0,,28.74,15.2
LA-003895,2026-03-19 15:19:00,Azuay,Sierra,Estándar urbano,Comercio minorista,6.3,114.5,0,,28.84,3.4
LA-003000,2026-03-19 15:29:00,Pichincha,Sierra,Express,Corporativo,8.5,49.5,0,,43.6,5.4
LA-001585,2026-03-19 15:52:00,Guayas,Costa,Express,Corporativo,10.7,57.4,0,,42.18,7.9
LA-004643,2026-03-19 16:14:00,Manabí,Costa,Express,PyME,11.9,178.5,0,,30.49,21.9
LA-002763,2026-03-19 16:20:00,Pichincha,Sierra,Estándar urbano,Comercio minorista,9.4,160.8,0,,22.41,10.2
LA-003883,2026-03-19 16:21:00,Azuay,Sierra,Estándar urbano,Comercio minorista,6.3,106.8,0,,11.86,4.8
LA-001422,2026-03-19 16:22:00,Guayas,Costa,Express,PyME,11.2,88.7,0,,31.53,15.1
LA-002937,2026-03-19 16:23:00,Pichincha,Sierra,Express,Comercio minorista,10.3,149.5,0,,27.08,8.4
LA-003082,2026-03-19 16:33:00,Pichincha,Sierra,Express,PyME,5.7,144.3,0,,35.94,10.3
LA-001504,2026-03-19 16:40:00,Guayas,Costa,Express,PyME,10.4,56.0,0,,28.13,7.7
LA-001539,2026-03-19 17:28:00,Guayas,Costa,Express,Comercio minorista,10.2,99.4,0,,40.09,4.5
LA-004502,2026-03-19 17:54:00,Manabí,Costa,Estándar urbano,Comercio minorista,11.9,322.7,1,Paquete con incidencia,16.39,19.0
LA-005265,2026-03-19 19:09:00,Tungurahua,Sierra,Express,PyME,10.9,72.1,0,,39.48,4.7
LA-004011,2026-03-20 07:00:00,Azuay,Sierra,Programado,PyME,7.0,121.4,0,,29.29,5.0
LA-003184,2026-03-20 07:02:00,Pichincha,Sierra,Programado,Comercio minorista,7.6,171.0,0,,25.57,9.8
LA-002981,2026-03-20 07:19:00,Pichincha,Sierra,Express,PyME,8.4,66.5,0,,35.99,1.7
LA-003776,2026-03-20 07:22:00,Azuay,Sierra,Estándar urbano,Comercio minorista,5.3,97.6,0,,12.36,9.1
LA-005218,2026-03-20 07:36:00,Tungurahua,Sierra,Estándar urbano,PyME,2.4,117.3,0,,21.34,1.9
LA-003096,2026-03-20 07:43:00,Pichincha,Sierra,Express,Comercio minorista,6.6,102.9,0,,34.4,12.1
LA-004616,2026-03-20 07:51:00,Manabí,Costa,Estándar urbano,Comercio minorista,12.0,150.3,0,,15.31,14.3
LA-001302,2026-03-20 08:03:00,Guayas,Costa,Estándar urbano,Comercio minorista,6.6,124.8,0,,28.11,17.2
LA-005237,2026-03-20 08:26:00,Tungurahua,Sierra,Estándar urbano,PyME,8.5,110.2,0,,12.58,4.1
LA-002889,2026-03-20 08:35:00,Pichincha,Sierra,Estándar urbano,PyME,8.8,116.2,0,,17.19,9.2
LA-003831,2026-03-20 09:09:00,Azuay,Sierra,Estándar urbano,Comercio minorista,10.8,118.7,0,,16.17,5.5
LA-003114,2026-03-20 09:09:00,Pichincha,Sierra,Express,PyME,6.5,74.3,0,,22.47,3.2
LA-001421,2026-03-20 09:10:00,Guayas,Costa,Express,Comercio minorista,8.7,143.5,0,,15.82,5.2
LA-004660,2026-03-20 09:15:00,Manabí,Costa,Express,Corporativo,10.2,136.3,0,,46.21,8.9
LA-002890,2026-03-20 09:17:00,Pichincha,Sierra,Estándar urbano,PyME,8.0,138.9,0,,27.24,6.5
LA-003898,2026-03-20 09:21:00,Azuay,Sierra,Estándar urbano,PyME,4.3,129.6,0,,13.13,3.5
LA-001381,2026-03-20 09:34:00,Guayas,Costa,Estándar urbano,PyME,6.2,212.8,1,Paquete con incidencia,32.05,17.4
LA-004654,2026-03-20 09:48:00,Manabí,Costa,Express,PyME,12.0,88.2,0,,34.21,2.5
LA-001463,2026-03-20 09:53:00,Guayas,Costa,Express,Comercio minorista,11.1,157.4,0,,40.16,18.1
LA-003829,2026-03-20 09:54:00,Azuay,Sierra,Estándar urbano,PyME,6.6,99.5,0,,10.69,1.0
LA-002943,2026-03-20 10:00:00,Pichincha,Sierra,Express,Corporativo,7.9,88.6,0,,59.24,22.1
LA-005224,2026-03-20 10:01:00,Tungurahua,Sierra,Estándar urbano,PyME,6.9,127.2,0,,17.42,14.2
LA-001194,2026-03-20 10:26:00,Guayas,Costa,Estándar urbano,Comercio minorista,9.6,176.4,0,,10.2,9.2
LA-003826,2026-03-20 10:40:00,Azuay,Sierra,Estándar urbano,PyME,7.1,92.6,0,,14.9,7.8
LA-005712,2026-03-20 10:58:00,Loja,Sierra,Estándar urbano,Comercio minorista,7.6,174.7,0,,7.73,3.6
LA-003021,2026-03-20 11:45:00,Pichincha,Sierra,Express,Comercio minorista,8.6,73.8,0,,19.36,12.2
LA-003108,2026-03-20 11:57:00,Pichincha,Sierra,Express,Comercio minorista,10.0,95.9,0,,28.92,6.7
LA-001205,2026-03-20 12:14:00,Guayas,Costa,Estándar urbano,Comercio minorista,9.3,130.7,0,,13.62,5.0
LA-005147,2026-03-20 12:17:00,Tungurahua,Sierra,Estándar urbano,PyME,4.2,118.3,0,,39.22,9.3
LA-001497,2026-03-20 12:27:00,Guayas,Costa,Express,PyME,8.0,70.6,0,,36.99,1.6
LA-001124,2026-03-20 12:31:00,Guayas,Costa,Estándar urbano,Corporativo,6.8,131.0,0,,27.81,13.7
LA-003931,2026-03-20 12:32:00,Azuay,Sierra,Express,Comercio minorista,7.5,46.6,0,,26.85,5.7
LA-003906,2026-03-20 12:38:00,Azuay,Sierra,Express,Comercio minorista,5.2,105.0,0,,26.12,10.5
LA-003793,2026-03-20 12:52:00,Azuay,Sierra,Estándar urbano,Comercio minorista,6.3,149.4,0,,16.95,6.7
LA-001260,2026-03-20 12:52:00,Guayas,Costa,Estándar urbano,Comercio minorista,9.3,145.8,0,,12.93,15.7
LA-003052,2026-03-20 12:55:00,Pichincha,Sierra,Express,Corporativo,8.9,106.0,0,,63.33,15.2
LA-005272,2026-03-20 13:00:00,Tungurahua,Sierra,Express,Comercio minorista,8.0,72.2,0,,19.43,6.8
LA-004617,2026-03-20 13:05:00,Manabí,Costa,Estándar urbano,Comercio minorista,7.3,239.1,0,,11.25,14.4
LA-003128,2026-03-20 13:31:00,Pichincha,Sierra,Programado,Comercio minorista,5.8,122.3,0,,23.78,2.9
LA-001100,2026-03-20 13:46:00,Guayas,Costa,Estándar urbano,PyME,8.9,161.3,0,,16.29,4.0
LA-002802,2026-03-20 13:55:00,Pichincha,Sierra,Estándar urbano,PyME,9.2,152.7,0,,14.21,14.6
LA-005667,2026-03-20 13:56:00,Loja,Sierra,Estándar urbano,PyME,7.2,95.1,0,,10.96,2.9
LA-001331,2026-03-20 13:57:00,Guayas,Costa,Estándar urbano,Corporativo,9.1,186.7,0,,44.58,14.9
LA-002941,2026-03-20 14:13:00,Pichincha,Sierra,Express,PyME,7.2,98.5,0,,35.93,8.1
LA-003875,2026-03-20 14:20:00,Azuay,Sierra,Estándar urbano,Comercio minorista,8.4,126.6,0,,13.36,7.5
LA-004700,2026-03-20 14:31:00,Manabí,Costa,Programado,Corporativo,7.5,143.5,0,,46.41,4.7
LA-001227,2026-03-20 14:50:00,Guayas,Costa,Estándar urbano,PyME,9.2,161.1,0,,18.96,8.0
LA-002875,2026-03-20 14:59:00,Pichincha,Sierra,Estándar urbano,Comercio minorista,9.6,131.3,0,,28.28,4.0
LA-001712,2026-03-20 15:05:00,Guayas,Costa,Programado,Corporativo,6.5,190.9,0,,28.37,4.2
LA-002785,2026-03-20 15:09:00,Pichincha,Sierra,Estándar urbano,Comercio minorista,9.6,133.3,0,,25.95,16.1
LA-001364,2026-03-20 15:20:00,Guayas,Costa,Estándar urbano,PyME,7.6,151.7,0,,23.48,9.4
LA-002990,2026-03-20 15:22:00,Pichincha,Sierra,Express,PyME,5.9,57.1,0,,26.07,7.0
LA-005255,2026-03-20 15:36:00,Tungurahua,Sierra,Estándar urbano,Comercio minorista,6.4,79.6,0,,14.01,2.7
LA-003178,2026-03-20 15:39:00,Pichincha,Sierra,Programado,Comercio minorista,8.4,166.1,0,,25.93,14.4
LA-002793,2026-03-20 15:40:00,Pichincha,Sierra,Estándar urbano,PyME,8.2,112.3,0,,18.27,5.0
LA-003980,2026-03-20 15:43:00,Azuay,Sierra,Programado,Comercio minorista,6.2,145.0,0,,25.78,8.5
LA-004675,2026-03-20 16:02:00,Manabí,Costa,Express,Comercio minorista,9.1,188.3,0,,21.62,24.1
LA-001142,2026-03-20 16:46:00,Guayas,Costa,Estándar urbano,PyME,8.4,145.1,0,,19.97,16.5
LA-001526,2026-03-20 17:03:00,Guayas,Costa,Express,Comercio minorista,7.6,103.7,0,,25.43,4.1
LA-001126,2026-03-20 17:21:00,Guayas,Costa,Estándar urbano,PyME,8.6,169.2,0,,19.08,9.0
LA-002835,2026-03-20 17:33:00,Pichincha,Sierra,Estándar urbano,Corporativo,7.0,168.9,0,,55.45,18.3
LA-004564,2026-03-20 18:02:00,Manabí,Costa,Estándar urbano,PyME,7.8,155.0,1,Incumplimiento de horario,24.63,5.5
LA-004593,2026-03-20 18:41:00,Manabí,Costa,Estándar urbano,PyME,6.1,113.7,0,,12.83,2.3
LA-005335,2026-03-21 07:00:00,Tungurahua,Sierra,Programado,Comercio minorista,4.5,121.2,0,,13.16,6.2
LA-003163,2026-03-21 07:13:00,Pichincha,Sierra,Programado,Comercio minorista,5.4,150.6,0,,12.93,5.0
LA-001177,2026-03-21 07:15:00,Guayas,Costa,Estándar urbano,Comercio minorista,12.4,139.9,0,,15.08,1.9
LA-003208,2026-03-21 07:37:00,Pichincha,Sierra,Programado,PyME,5.2,182.1,0,,20.31,1.8
LA-002714,2026-03-21 08:16:00,Pichincha,Sierra,Estándar urbano,Comercio minorista,6.3,136.9,0,,15.0,9.0
LA-002707,2026-03-21 08:49:00,Pichincha,Sierra,Estándar urbano,PyME,7.8,148.3,0,,20.13,20.4
LA-003824,2026-03-21 08:54:00,Azuay,Sierra,Estándar urbano,PyME,4.0,101.2,0,,13.78,15.2
LA-001678,2026-03-21 09:01:00,Guayas,Costa,Programado,PyME,7.0,170.2,0,,24.36,19.2
LA-001602,2026-03-21 09:24:00,Guayas,Costa,Express,PyME,9.0,53.5,1,Incumplimiento de horario,27.4,10.4
LA-002733,2026-03-21 09:30:00,Pichincha,Sierra,Estándar urbano,Comercio minorista,7.7,173.7,0,,14.0,25.3
LA-001361,2026-03-21 09:32:00,Guayas,Costa,Estándar urbano,PyME,5.7,175.4,0,,35.28,10.4
LA-001447,2026-03-21 09:36:00,Guayas,Costa,Express,Comercio minorista,10.1,135.5,0,,36.32,15.3
LA-003919,2026-03-21 09:47:00,Azuay,Sierra,Express,Comercio minorista,10.1,48.0,0,,28.7,3.5
LA-005219,2026-03-21 10:03:00,Tungurahua,Sierra,Estándar urbano,PyME,6.4,107.8,0,,11.08,5.7
LA-004684,2026-03-21 10:14:00,Manabí,Costa,Programado,Corporativo,7.7,212.8,0,,18.68,4.2
LA-003998,2026-03-21 10:15:00,Azuay,Sierra,Programado,PyME,6.4,134.4,0,,32.75,4.4
LA-001207,2026-03-21 10:23:00,Guayas,Costa,Estándar urbano,Comercio minorista,11.4,167.8,0,,19.63,11.7
LA-003841,2026-03-21 10:47:00,Azuay,Sierra,Estándar urbano,Corporativo,7.0,138.7,0,,19.12,12.7
LA-005259,2026-03-21 10:48:00,Tungurahua,Sierra,Express,Comercio minorista,9.0,69.1,0,,31.32,14.6
LA-005679,2026-03-21 10:50:00,Loja,Sierra,Estándar urbano,PyME,10.4,138.8,0,,12.32,7.2
LA-002716,2026-03-21 10:54:00,Pichincha,Sierra,Estándar urbano,Comercio minorista,9.0,109.1,0,,16.91,9.7
LA-003105,2026-03-21 11:00:00,Pichincha,Sierra,Express,Comercio minorista,8.5,77.5,0,,25.16,1.2
LA-005764,2026-03-21 11:02:00,Loja,Sierra,Express,PyME,7.7,176.9,0,,21.66,10.6
LA-001376,2026-03-21 11:09:00,Guayas,Costa,Estándar urbano,Corporativo,6.3,182.2,1,Paquete con incidencia,34.36,15.9
LA-002821,2026-03-21 11:18:00,Pichincha,Sierra,Estándar urbano,Corporativo,4.3,125.9,0,,26.32,5.5
LA-005747,2026-03-21 11:19:00,Loja,Sierra,Estándar urbano,PyME,6.2,206.5,0,,34.19,14.0
LA-004539,2026-03-21 11:43:00,Manabí,Costa,Estándar urbano,Corporativo,6.6,120.2,1,Demora en entrega,25.65,7.1
LA-005191,2026-03-21 12:02:00,Tungurahua,Sierra,Estándar urbano,Comercio minorista,7.1,86.1,0,,18.37,11.3
LA-005735,2026-03-21 12:10:00,Loja,Sierra,Estándar urbano,Corporativo,5.4,157.8,0,,21.87,9.0
LA-004569,2026-03-21 12:16:00,Manabí,Costa,Estándar urbano,Corporativo,9.8,171.9,0,,23.58,6.1
LA-005798,2026-03-21 12:20:00,Loja,Sierra,Programado,Comercio minorista,7.4,262.6,0,,17.62,35.7
LA-001249,2026-03-21 12:21:00,Guayas,Costa,Estándar urbano,Comercio minorista,8.0,120.9,0,,11.1,7.0
LA-004491,2026-03-21 12:21:00,Manabí,Costa,Estándar urbano,PyME,11.5,216.1,0,,12.2,6.3
LA-003136,2026-03-21 12:29:00,Pichincha,Sierra,Programado,Corporativo,6.1,118.8,0,,32.16,5.4
LA-001552,2026-03-21 12:37:00,Guayas,Costa,Express,Comercio minorista,8.8,49.4,0,,25.29,4.3
LA-005773,2026-03-21 12:37:00,Loja,Sierra,Express,Comercio minorista,9.2,83.6,0,,25.12,2.0
LA-002757,2026-03-21 12:37:00,Pichincha,Sierra,Estándar urbano,Corporativo,6.4,115.0,0,,25.01,7.7
LA-003851,2026-03-21 12:41:00,Azuay,Sierra,Estándar urbano,PyME,6.6,110.1,0,,12.49,1.0
LA-002972,2026-03-21 12:49:00,Pichincha,Sierra,Express,Comercio minorista,6.4,106.8,0,,19.1,11.5
LA-003939,2026-03-21 12:57:00,Azuay,Sierra,Express,Comercio minorista,4.9,43.5,0,,26.86,5.3
LA-003925,2026-03-21 13:15:00,Azuay,Sierra,Express,Comercio minorista,6.5,50.6,0,,19.23,1.9
LA-003085,2026-03-21 13:16:00,Pichincha,Sierra,Express,Comercio minorista,6.9,131.6,0,,30.95,11.7
LA-003768,2026-03-21 13:18:00,Azuay,Sierra,Estándar urbano,PyME,2.0,119.8,0,,45.99,7.1
LA-003799,2026-03-21 13:20:00,Azuay,Sierra,Estándar urbano,PyME,7.5,128.7,0,,17.68,7.7
LA-002732,2026-03-21 13:32:00,Pichincha,Sierra,Estándar urbano,Corporativo,8.9,126.7,0,,42.1,3.0
LA-003951,2026-03-21 13:53:00,Azuay,Sierra,Express,PyME,6.7,70.2,0,,34.36,3.7
LA-001377,2026-03-21 14:06:00,Guayas,Costa,Estándar urbano,Corporativo,7.7,132.3,0,,31.23,14.2
LA-003762,2026-03-21 14:15:00,Azuay,Sierra,Estándar urbano,Comercio minorista,8.0,155.4,0,,11.08,12.2
LA-004637,2026-03-21 14:17:00,Manabí,Costa,Express,Comercio minorista,7.4,91.5,0,,25.8,9.8
LA-001402,2026-03-21 14:23:00,Guayas,Costa,Estándar urbano,Corporativo,10.1,125.5,0,,26.45,6.8
LA-004609,2026-03-21 14:25:00,Manabí,Costa,Estándar urbano,PyME,7.1,94.6,0,,17.04,9.1
LA-001540,2026-03-21 14:31:00,Guayas,Costa,Express,Comercio minorista,10.2,34.3,0,,12.26,7.2
LA-003134,2026-03-21 14:36:00,Pichincha,Sierra,Programado,PyME,5.4,146.7,0,,26.36,18.0
LA-005706,2026-03-21 15:09:00,Loja,Sierra,Estándar urbano,Comercio minorista,10.2,197.0,0,,21.23,8.3
LA-002870,2026-03-21 15:19:00,Pichincha,Sierra,Estándar urbano,Corporativo,4.5,161.7,0,,42.27,14.3
LA-005675,2026-03-21 15:31:00,Loja,Sierra,Estándar urbano,PyME,10.6,262.7,0,,32.67,40.1
LA-001294,2026-03-21 15:43:00,Guayas,Costa,Estándar urbano,Comercio minorista,7.9,128.3,1,Demora en entrega,8.75,13.2
LA-005258,2026-03-21 15:48:00,Tungurahua,Sierra,Express,Corporativo,5.8,84.4,0,,25.02,10.5
LA-002820,2026-03-21 16:12:00,Pichincha,Sierra,Estándar urbano,PyME,6.0,101.4,0,,41.69,6.2
LA-004509,2026-03-21 16:28:00,Manabí,Costa,Estándar urbano,PyME,10.6,201.7,1,Demora en atención,18.19,26.1
LA-001152,2026-03-21 16:46:00,Guayas,Costa,Estándar urbano,Comercio minorista,5.5,158.9,0,,29.11,21.2
LA-001151,2026-03-21 17:10:00,Guayas,Costa,Estándar urbano,PyME,8.0,127.4,0,,11.95,7.7
LA-002743,2026-03-21 18:04:00,Pichincha,Sierra,Estándar urbano,Comercio minorista,7.2,139.8,0,,15.73,1.8
LA-001534,2026-03-21 19:30:00,Guayas,Costa,Express,Comercio minorista,7.6,119.2,1,Falta de actualización,27.45,18.8
LA-003126,2026-03-21 19:47:00,Pichincha,Sierra,Programado,Comercio minorista,8.0,184.7,0,,27.31,8.7
LA-001131,2026-03-21 19:52:00,Guayas,Costa,Estándar urbano,Comercio minorista,9.8,197.5,0,,28.31,30.9
LA-001595,2026-03-21 19:57:00,Guayas,Costa,Express,Corporativo,6.5,126.3,0,,40.96,14.0
LA-001590,2026-03-22 07:00:00,Guayas,Costa,Express,Comercio minorista,11.1,107.9,0,,17.3,7.7
LA-003121,2026-03-22 07:09:00,Pichincha,Sierra,Express,PyME,7.1,55.7,0,,35.9,6.4
LA-004711,2026-03-22 07:23:00,Manabí,Costa,Programado,Corporativo,6.2,115.9,0,,17.83,14.0
LA-002988,2026-03-22 07:26:00,Pichincha,Sierra,Express,PyME,5.0,87.8,0,,35.74,6.3
LA-001181,2026-03-22 07:37:00,Guayas,Costa,Estándar urbano,Corporativo,7.9,142.5,0,,31.87,3.7
LA-002961,2026-03-22 07:40:00,Pichincha,Sierra,Express,PyME,7.0,66.6,0,,29.31,6.7
LA-002702,2026-03-22 08:39:00,Pichincha,Sierra,Estándar urbano,PyME,10.3,119.1,0,,25.18,13.7
LA-003834,2026-03-22 08:52:00,Azuay,Sierra,Estándar urbano,PyME,8.3,140.0,0,,12.79,14.9
LA-005711,2026-03-22 08:52:00,Loja,Sierra,Estándar urbano,Comercio minorista,7.7,194.4,0,,9.2,15.9
LA-001206,2026-03-22 09:03:00,Guayas,Costa,Estándar urbano,PyME,6.4,152.6,0,,23.78,17.9
LA-001643,2026-03-22 09:05:00,Guayas,Costa,Programado,PyME,5.4,223.3,0,,19.61,14.4
LA-004487,2026-03-22 09:09:00,Manabí,Costa,Estándar urbano,Comercio minorista,7.6,122.6,0,,13.06,7.3
LA-002681,2026-03-22 09:13:00,Pichincha,Sierra,Estándar urbano,Comercio minorista,7.1,132.5,0,,18.01,2.5
LA-004672,2026-03-22 09:14:00,Manabí,Costa,Express,PyME,10.9,141.1,0,,15.46,13.6
LA-001642,2026-03-22 09:30:00,Guayas,Costa,Programado,Comercio minorista,7.7,172.5,0,,17.6,9.2
LA-005293,2026-03-22 09:34:00,Tungurahua,Sierra,Express,Corporativo,9.9,97.6,0,,49.62,11.6
LA-001201,2026-03-22 09:42:00,Guayas,Costa,Estándar urbano,PyME,11.5,162.4,0,,46.28,2.5
LA-002883,2026-03-22 09:43:00,Pichincha,Sierra,Estándar urbano,PyME,9.8,144.3,0,,20.17,16.8
LA-001618,2026-03-22 09:45:00,Guayas,Costa,Programado,PyME,6.1,167.3,0,,24.27,10.7
LA-005238,2026-03-22 10:07:00,Tungurahua,Sierra,Estándar urbano,Comercio minorista,12.6,81.0,0,,23.39,1.3
LA-004010,2026-03-22 10:12:00,Azuay,Sierra,Programado,Corporativo,7.7,135.0,0,,28.89,2.2
LA-004550,2026-03-22 10:13:00,Manabí,Costa,Estándar urbano,PyME,10.4,144.3,0,,21.31,3.7
LA-004466,2026-03-22 10:23:00,Manabí,Costa,Estándar urbano,Comercio minorista,9.7,206.6,0,,12.57,10.6
LA-001304,2026-03-22 10:26:00,Guayas,Costa,Estándar urbano,Comercio minorista,9.3,174.8,0,,17.68,21.8
LA-004640,2026-03-22 10:32:00,Manabí,Costa,Express,PyME,8.0,122.4,1,Falta de actualización,27.47,24.1
LA-001404,2026-03-22 10:39:00,Guayas,Costa,Estándar urbano,Corporativo,7.0,198.5,0,,21.48,3.5
LA-002851,2026-03-22 10:39:00,Pichincha,Sierra,Estándar urbano,Corporativo,6.9,112.8,0,,26.71,5.5
LA-001566,2026-03-22 10:43:00,Guayas,Costa,Express,PyME,7.8,54.3,0,,27.2,1.6
LA-001412,2026-03-22 10:59:00,Guayas,Costa,Estándar urbano,Comercio minorista,10.2,151.9,0,,16.96,1.9
LA-005281,2026-03-22 11:05:00,Tungurahua,Sierra,Express,Comercio minorista,6.5,54.9,0,,15.65,1.7
LA-003739,2026-03-22 11:11:00,Azuay,Sierra,Estándar urbano,Corporativo,5.0,107.5,0,,37.58,1.9
LA-001409,2026-03-22 11:26:00,Guayas,Costa,Estándar urbano,PyME,9.8,160.2,0,,24.94,12.8
LA-002744,2026-03-22 11:26:00,Pichincha,Sierra,Estándar urbano,Corporativo,7.9,145.7,0,,63.03,8.9
LA-001155,2026-03-22 11:27:00,Guayas,Costa,Estándar urbano,Comercio minorista,7.6,153.6,0,,23.52,5.6
LA-003030,2026-03-22 11:32:00,Pichincha,Sierra,Express,Comercio minorista,8.6,88.2,0,,31.55,17.9
LA-001518,2026-03-22 11:36:00,Guayas,Costa,Express,PyME,9.7,117.1,0,,51.1,7.6
LA-001213,2026-03-22 11:46:00,Guayas,Costa,Estándar urbano,PyME,7.3,149.7,0,,25.62,7.1
LA-003032,2026-03-22 11:50:00,Pichincha,Sierra,Express,PyME,9.1,124.7,0,,24.27,2.7
LA-002953,2026-03-22 11:57:00,Pichincha,Sierra,Express,Comercio minorista,9.3,108.8,0,,24.26,1.3
LA-003051,2026-03-22 12:03:00,Pichincha,Sierra,Express,Comercio minorista,7.0,82.5,0,,27.17,14.4
LA-002689,2026-03-22 12:04:00,Pichincha,Sierra,Estándar urbano,Comercio minorista,8.1,106.8,0,,16.24,4.2
LA-003001,2026-03-22 12:13:00,Pichincha,Sierra,Express,PyME,7.0,110.9,0,,25.78,7.3
LA-003075,2026-03-22 12:23:00,Pichincha,Sierra,Express,Comercio minorista,9.9,87.5,0,,16.79,8.1
LA-004546,2026-03-22 12:24:00,Manabí,Costa,Estándar urbano,Comercio minorista,9.1,191.9,0,,15.34,4.8
LA-005688,2026-03-22 12:25:00,Loja,Sierra,Estándar urbano,PyME,9.5,105.8,0,,14.36,8.8
LA-002667,2026-03-22 12:33:00,Pichincha,Sierra,Estándar urbano,Comercio minorista,8.1,127.2,0,,17.71,6.6
LA-002704,2026-03-22 12:33:00,Pichincha,Sierra,Estándar urbano,Corporativo,6.3,129.3,0,,24.15,4.6
LA-001480,2026-03-22 12:39:00,Guayas,Costa,Express,Comercio minorista,9.5,76.7,0,,16.58,2.8
LA-004685,2026-03-22 12:45:00,Manabí,Costa,Programado,PyME,9.8,208.0,0,,25.38,7.3
LA-003124,2026-03-22 12:47:00,Pichincha,Sierra,Programado,Corporativo,8.5,272.7,0,,49.16,14.7
LA-005159,2026-03-22 12:50:00,Tungurahua,Sierra,Estándar urbano,Comercio minorista,6.6,104.4,0,,22.31,8.7
LA-001248,2026-03-22 12:57:00,Guayas,Costa,Estándar urbano,PyME,7.2,142.8,0,,23.2,15.5
LA-004714,2026-03-22 12:57:00,Manabí,Costa,Programado,PyME,12.7,235.1,0,,15.37,9.3
LA-003738,2026-03-22 13:05:00,Azuay,Sierra,Estándar urbano,Comercio minorista,4.6,120.1,0,,13.26,4.2
LA-004475,2026-03-22 13:07:00,Manabí,Costa,Estándar urbano,Comercio minorista,11.5,500.7,0,,15.56,6.6
LA-001158,2026-03-22 13:12:00,Guayas,Costa,Estándar urbano,Comercio minorista,6.6,148.9,0,,18.59,13.7
LA-003926,2026-03-22 13:38:00,Azuay,Sierra,Express,PyME,5.4,81.6,0,,20.75,5.7
LA-001195,2026-03-22 13:47:00,Guayas,Costa,Estándar urbano,PyME,8.4,105.7,0,,12.43,4.0
LA-002770,2026-03-22 13:48:00,Pichincha,Sierra,Estándar urbano,Corporativo,9.0,161.8,0,,18.56,20.8
LA-003854,2026-03-22 13:53:00,Azuay,Sierra,Estándar urbano,Comercio minorista,9.5,107.1,0,,19.4,5.1
LA-005210,2026-03-22 14:16:00,Tungurahua,Sierra,Estándar urbano,Corporativo,4.3,91.0,0,,41.37,2.9
LA-003095,2026-03-22 14:18:00,Pichincha,Sierra,Express,PyME,12.9,76.9,0,,41.09,2.7
LA-001646,2026-03-22 14:34:00,Guayas,Costa,Programado,Comercio minorista,5.5,174.6,0,,21.62,6.6
LA-003874,2026-03-22 14:37:00,Azuay,Sierra,Estándar urbano,Corporativo,7.0,126.4,0,,11.49,3.5
LA-003899,2026-03-22 14:43:00,Azuay,Sierra,Express,Corporativo,8.2,48.9,0,,56.43,5.6
LA-003174,2026-03-22 14:48:00,Pichincha,Sierra,Programado,Comercio minorista,7.5,181.9,0,,16.08,13.1
LA-003901,2026-03-22 15:04:00,Azuay,Sierra,Express,Comercio minorista,7.4,69.2,0,,41.46,6.6
LA-002850,2026-03-22 15:06:00,Pichincha,Sierra,Estándar urbano,Corporativo,6.5,171.2,0,,22.83,5.3
LA-002760,2026-03-22 15:13:00,Pichincha,Sierra,Estándar urbano,PyME,8.9,125.7,0,,27.11,2.6
LA-001253,2026-03-22 15:21:00,Guayas,Costa,Estándar urbano,PyME,8.6,64.8,0,,11.17,4.6
LA-001405,2026-03-22 16:10:00,Guayas,Costa,Estándar urbano,Comercio minorista,5.9,159.4,0,,9.71,3.0
LA-003968,2026-03-22 16:17:00,Azuay,Sierra,Express,Corporativo,4.9,55.1,0,,24.66,3.9
LA-005264,2026-03-22 16:32:00,Tungurahua,Sierra,Express,Corporativo,7.1,52.8,0,,33.4,7.1
LA-003956,2026-03-22 17:30:00,Azuay,Sierra,Express,Corporativo,7.8,93.2,0,,48.35,15.0
LA-003031,2026-03-22 18:12:00,Pichincha,Sierra,Express,Comercio minorista,10.2,74.8,0,,31.87,10.0
LA-004504,2026-03-22 18:36:00,Manabí,Costa,Estándar urbano,Corporativo,11.4,202.3,0,,30.28,21.7
LA-001546,2026-03-23 07:00:00,Guayas,Costa,Express,Corporativo,7.7,65.9,0,,39.05,3.1
LA-003033,2026-03-23 07:06:00,Pichincha,Sierra,Express,Comercio minorista,10.4,113.9,0,,26.11,11.7
LA-003903,2026-03-23 07:07:00,Azuay,Sierra,Express,Comercio minorista,6.9,56.6,0,,33.71,1.5
LA-004701,2026-03-23 07:16:00,Manabí,Costa,Programado,Corporativo,7.8,166.7,0,,29.07,7.7
LA-005665,2026-03-23 07:17:00,Loja,Sierra,Estándar urbano,PyME,7.4,113.3,0,,16.04,15.7
LA-003069,2026-03-23 07:25:00,Pichincha,Sierra,Express,Comercio minorista,6.5,86.7,0,,40.53,2.7
LA-002891,2026-03-23 08:03:00,Pichincha,Sierra,Estándar urbano,Comercio minorista,7.7,131.9,0,,21.31,13.4
LA-002828,2026-03-23 08:08:00,Pichincha,Sierra,Estándar urbano,Corporativo,6.6,147.5,0,,25.96,3.1
LA-002886,2026-03-23 08:26:00,Pichincha,Sierra,Estándar urbano,PyME,7.5,115.1,0,,14.75,2.6
LA-003983,2026-03-23 08:31:00,Azuay,Sierra,Programado,Comercio minorista,6.8,131.5,0,,20.1,7.2
LA-004508,2026-03-23 08:39:00,Manabí,Costa,Estándar urbano,Comercio minorista,7.3,133.9,0,,18.39,11.5
LA-001509,2026-03-23 08:43:00,Guayas,Costa,Express,Comercio minorista,11.1,98.0,0,,24.64,5.8
LA-003173,2026-03-23 08:59:00,Pichincha,Sierra,Programado,Corporativo,6.5,184.1,0,,38.78,14.1
LA-003056,2026-03-23 09:08:00,Pichincha,Sierra,Express,Comercio minorista,8.5,90.3,0,,16.95,7.4
LA-004633,2026-03-23 09:40:00,Manabí,Costa,Express,PyME,10.2,100.4,0,,24.29,9.2
LA-005177,2026-03-23 09:57:00,Tungurahua,Sierra,Estándar urbano,Comercio minorista,3.0,75.5,0,,19.7,7.4
LA-005296,2026-03-23 10:08:00,Tungurahua,Sierra,Express,PyME,10.7,65.8,0,,29.23,6.6
LA-005149,2026-03-23 10:15:00,Tungurahua,Sierra,Estándar urbano,Comercio minorista,6.6,102.6,0,,22.13,10.3
LA-001440,2026-03-23 10:20:00,Guayas,Costa,Express,Comercio minorista,8.4,93.6,0,,34.02,11.3
LA-005162,2026-03-23 10:31:00,Tungurahua,Sierra,Estándar urbano,Comercio minorista,8.0,113.8,0,,16.55,6.4
LA-002923,2026-03-23 10:55:00,Pichincha,Sierra,Estándar urbano,Comercio minorista,8.4,122.7,0,,11.87,7.9
LA-005772,2026-03-23 11:01:00,Loja,Sierra,Express,PyME,7.4,263.1,0,,17.23,7.9
LA-001115,2026-03-23 11:12:00,Guayas,Costa,Estándar urbano,Comercio minorista,6.8,168.6,0,,21.98,4.6
LA-001619,2026-03-23 11:14:00,Guayas,Costa,Programado,Comercio minorista,9.3,156.3,0,,11.92,3.3
LA-001315,2026-03-23 11:39:00,Guayas,Costa,Estándar urbano,Comercio minorista,8.3,140.4,0,,14.05,8.1
LA-003997,2026-03-23 11:41:00,Azuay,Sierra,Programado,Corporativo,6.0,134.5,0,,48.58,5.2
LA-002840,2026-03-23 11:50:00,Pichincha,Sierra,Estándar urbano,Comercio minorista,5.0,130.3,0,,15.52,7.1
LA-004712,2026-03-23 11:52:00,Manabí,Costa,Programado,PyME,8.0,190.0,0,,12.0,15.1
LA-002998,2026-03-23 11:53:00,Pichincha,Sierra,Express,PyME,7.4,110.2,0,,27.5,17.3
LA-001598,2026-03-23 12:01:00,Guayas,Costa,Express,PyME,9.0,162.6,0,,29.31,26.7
LA-001252,2026-03-23 12:26:00,Guayas,Costa,Estándar urbano,Comercio minorista,10.6,161.1,0,,10.37,9.9
LA-004461,2026-03-23 12:39:00,Manabí,Costa,Estándar urbano,Comercio minorista,12.0,172.2,1,Demora en atención,12.84,1.3
LA-004483,2026-03-23 12:41:00,Manabí,Costa,Estándar urbano,Comercio minorista,7.9,157.8,0,,19.63,17.8
LA-005333,2026-03-23 12:44:00,Tungurahua,Sierra,Programado,Corporativo,3.1,114.4,0,,25.57,9.0
LA-003904,2026-03-23 12:52:00,Azuay,Sierra,Express,Comercio minorista,8.1,42.2,0,,11.75,1.8
LA-003168,2026-03-23 13:21:00,Pichincha,Sierra,Programado,PyME,7.2,162.6,0,,14.13,1.0
LA-005223,2026-03-23 13:34:00,Tungurahua,Sierra,Estándar urbano,Corporativo,7.0,85.1,0,,25.18,6.4
LA-004579,2026-03-23 13:46:00,Manabí,Costa,Estándar urbano,PyME,7.7,95.7,0,,16.05,12.4
LA-005754,2026-03-23 13:53:00,Loja,Sierra,Express,Comercio minorista,9.1,82.7,0,,24.14,19.2
LA-005319,2026-03-23 14:05:00,Tungurahua,Sierra,Programado,PyME,9.3,172.2,0,,13.69,15.6
LA-003148,2026-03-23 14:13:00,Pichincha,Sierra,Programado,Comercio minorista,6.6,131.0,0,,26.09,3.1
LA-005709,2026-03-23 14:17:00,Loja,Sierra,Estándar urbano,Comercio minorista,8.7,116.4,0,,14.37,1.0
LA-002805,2026-03-23 14:32:00,Pichincha,Sierra,Estándar urbano,Corporativo,6.4,161.4,0,,24.0,12.1
LA-003761,2026-03-23 14:39:00,Azuay,Sierra,Estándar urbano,PyME,7.5,119.9,0,,23.71,6.1
LA-001307,2026-03-23 14:56:00,Guayas,Costa,Estándar urbano,Comercio minorista,6.1,107.8,0,,36.01,14.8
LA-004624,2026-03-23 14:56:00,Manabí,Costa,Express,Comercio minorista,11.3,73.9,0,,14.9,5.1
LA-001291,2026-03-23 14:57:00,Guayas,Costa,Estándar urbano,PyME,9.8,111.8,0,,20.64,9.1
LA-003195,2026-03-23 14:57:00,Pichincha,Sierra,Programado,PyME,4.8,158.8,0,,29.99,8.9
LA-002782,2026-03-23 15:17:00,Pichincha,Sierra,Estándar urbano,Comercio minorista,9.1,168.1,0,,28.18,9.0
LA-003071,2026-03-23 15:23:00,Pichincha,Sierra,Express,Comercio minorista,7.3,62.2,0,,24.29,2.0
LA-001496,2026-03-23 15:35:00,Guayas,Costa,Express,PyME,8.1,67.1,0,,23.52,10.7
LA-004464,2026-03-23 15:39:00,Manabí,Costa,Estándar urbano,Comercio minorista,12.2,172.7,0,,21.26,8.5
LA-003798,2026-03-23 15:44:00,Azuay,Sierra,Estándar urbano,Comercio minorista,5.3,85.0,0,,8.5,1.0
LA-005338,2026-03-23 15:50:00,Tungurahua,Sierra,Programado,PyME,6.4,139.3,0,,26.16,4.5
LA-001265,2026-03-23 15:58:00,Guayas,Costa,Estándar urbano,Comercio minorista,14.4,120.6,0,,25.22,15.1
LA-001274,2026-03-23 16:05:00,Guayas,Costa,Estándar urbano,Corporativo,8.6,172.2,0,,36.62,22.8
LA-001209,2026-03-23 16:11:00,Guayas,Costa,Estándar urbano,Comercio minorista,10.5,152.2,0,,13.51,11.3
LA-003099,2026-03-23 18:30:00,Pichincha,Sierra,Express,Comercio minorista,11.1,116.4,1,Demora en entrega,34.41,11.8
LA-001580,2026-03-23 18:40:00,Guayas,Costa,Express,Corporativo,9.5,61.0,0,,38.72,6.9
LA-004561,2026-03-23 19:04:00,Manabí,Costa,Estándar urbano,PyME,10.9,221.0,0,,20.61,13.2
LA-003836,2026-03-23 19:52:00,Azuay,Sierra,Estándar urbano,Corporativo,8.3,129.9,0,,26.6,2.8
LA-002994,2026-03-24 08:53:00,Pichincha,Sierra,Express,Comercio minorista,7.9,82.8,0,,40.6,6.5
LA-003002,2026-03-24 09:05:00,Pichincha,Sierra,Express,Comercio minorista,8.4,74.6,0,,23.58,7.2
LA-004600,2026-03-24 09:22:00,Manabí,Costa,Estándar urbano,Comercio minorista,9.6,169.5,0,,16.85,18.1
LA-001180,2026-03-24 09:25:00,Guayas,Costa,Estándar urbano,Comercio minorista,10.3,104.1,0,,15.17,4.5
LA-002788,2026-03-24 09:33:00,Pichincha,Sierra,Estándar urbano,Corporativo,6.1,135.4,0,,23.05,3.7
LA-001161,2026-03-24 09:52:00,Guayas,Costa,Estándar urbano,Comercio minorista,9.7,181.1,0,,12.23,7.7
LA-002980,2026-03-24 09:55:00,Pichincha,Sierra,Express,PyME,5.3,61.0,0,,33.91,2.0
LA-001313,2026-03-24 09:58:00,Guayas,Costa,Estándar urbano,PyME,12.0,132.6,0,,26.65,18.8
LA-001191,2026-03-24 10:12:00,Guayas,Costa,Estándar urbano,Comercio minorista,6.9,152.6,0,,17.48,4.3
LA-003794,2026-03-24 10:14:00,Azuay,Sierra,Estándar urbano,Comercio minorista,5.1,117.3,0,,13.74,4.8
LA-003025,2026-03-24 10:16:00,Pichincha,Sierra,Express,Comercio minorista,7.8,80.6,0,,32.74,1.0
LA-001676,2026-03-24 10:18:00,Guayas,Costa,Programado,Comercio minorista,6.6,159.6,0,,21.25,13.6
LA-004717,2026-03-24 10:25:00,Manabí,Costa,Programado,Comercio minorista,9.8,162.8,0,,16.06,15.0
LA-003206,2026-03-24 10:31:00,Pichincha,Sierra,Programado,Corporativo,7.5,151.7,0,,17.88,19.5
LA-003093,2026-03-24 10:46:00,Pichincha,Sierra,Express,PyME,8.1,123.6,0,,26.08,12.0
LA-003083,2026-03-24 10:54:00,Pichincha,Sierra,Express,PyME,9.6,98.7,0,,30.56,4.2
LA-003091,2026-03-24 10:58:00,Pichincha,Sierra,Express,PyME,6.7,74.8,0,,17.55,2.5
LA-005726,2026-03-24 10:59:00,Loja,Sierra,Estándar urbano,Comercio minorista,5.8,203.2,0,,16.14,9.4
LA-005254,2026-03-24 11:00:00,Tungurahua,Sierra,Estándar urbano,Comercio minorista,7.7,134.2,0,,24.6,14.0
LA-005337,2026-03-24 11:15:00,Tungurahua,Sierra,Programado,Comercio minorista,8.1,100.7,0,,36.47,3.0
LA-005241,2026-03-24 11:16:00,Tungurahua,Sierra,Estándar urbano,PyME,9.0,130.5,0,,17.06,18.9
LA-004603,2026-03-24 11:17:00,Manabí,Costa,Estándar urbano,PyME,11.0,98.6,0,,32.19,15.5
LA-005228,2026-03-24 11:24:00,Tungurahua,Sierra,Estándar urbano,PyME,9.3,124.1,0,,11.74,8.6
LA-003153,2026-03-24 11:29:00,Pichincha,Sierra,Programado,Comercio minorista,8.2,146.5,0,,25.07,9.6
LA-001275,2026-03-24 11:44:00,Guayas,Costa,Estándar urbano,Corporativo,8.9,165.8,1,Incumplimiento de horario,13.97,5.7
LA-005282,2026-03-24 11:45:00,Tungurahua,Sierra,Express,PyME,7.8,133.9,0,,13.34,11.9
LA-002684,2026-03-24 12:23:00,Pichincha,Sierra,Estándar urbano,Comercio minorista,5.4,138.2,0,,18.03,17.3
LA-001244,2026-03-24 12:30:00,Guayas,Costa,Estándar urbano,PyME,12.1,133.6,0,,22.98,5.0
LA-002768,2026-03-24 12:32:00,Pichincha,Sierra,Estándar urbano,Comercio minorista,7.4,128.0,0,,22.26,6.2
LA-001215,2026-03-24 12:34:00,Guayas,Costa,Estándar urbano,Comercio minorista,9.8,105.5,0,,15.55,17.7
LA-001106,2026-03-24 12:47:00,Guayas,Costa,Estándar urbano,PyME,2.5,139.2,0,,14.64,7.1
LA-004626,2026-03-24 12:48:00,Manabí,Costa,Express,Comercio minorista,9.8,138.9,0,,20.94,23.6
LA-002884,2026-03-24 12:57:00,Pichincha,Sierra,Estándar urbano,PyME,10.9,174.6,0,,30.07,26.2
LA-002812,2026-03-24 13:00:00,Pichincha,Sierra,Estándar urbano,Comercio minorista,8.7,116.2,0,,14.08,4.6
LA-004661,2026-03-24 13:13:00,Manabí,Costa,Express,Comercio minorista,9.3,134.6,1,Incumplimiento de horario,24.62,19.3
LA-003170,2026-03-24 13:15:00,Pichincha,Sierra,Programado,Corporativo,5.2,155.6,0,,38.08,5.7
LA-003915,2026-03-24 13:17:00,Azuay,Sierra,Express,Corporativo,7.8,58.6,0,,19.63,7.8
LA-001387,2026-03-24 13:21:00,Guayas,Costa,Estándar urbano,PyME,8.4,138.9,0,,36.24,9.8
LA-003999,2026-03-24 13:34:00,Azuay,Sierra,Programado,PyME,8.3,152.5,0,,35.69,8.5
LA-004530,2026-03-24 13:42:00,Manabí,Costa,Estándar urbano,PyME,9.9,464.5,0,,13.73,5.7
LA-001208,2026-03-24 13:44:00,Guayas,Costa,Estándar urbano,Corporativo,8.9,138.8,0,,19.43,15.5
LA-001113,2026-03-24 13:45:00,Guayas,Costa,Estándar urbano,PyME,9.3,115.3,1,Demora en entrega,14.15,6.7
LA-003035,2026-03-24 13:46:00,Pichincha,Sierra,Express,PyME,8.0,80.4,0,,38.21,7.6
LA-001170,2026-03-24 13:50:00,Guayas,Costa,Estándar urbano,PyME,5.5,148.4,0,,22.15,4.4
LA-003029,2026-03-24 14:19:00,Pichincha,Sierra,Express,Comercio minorista,8.0,140.3,0,,25.19,20.7
LA-002954,2026-03-24 14:21:00,Pichincha,Sierra,Express,Comercio minorista,8.7,88.3,0,,37.61,7.8
LA-005242,2026-03-24 14:21:00,Tungurahua,Sierra,Estándar urbano,Corporativo,10.0,89.5,0,,25.75,12.3
LA-001589,2026-03-24 14:25:00,Guayas,Costa,Express,Comercio minorista,10.8,73.2,0,,21.4,9.5
LA-003190,2026-03-24 14:26:00,Pichincha,Sierra,Programado,Comercio minorista,7.7,170.1,0,,16.43,12.7
LA-001239,2026-03-24 14:41:00,Guayas,Costa,Estándar urbano,PyME,10.7,165.7,1,Demora en entrega,26.96,3.4
LA-001502,2026-03-24 14:43:00,Guayas,Costa,Express,Comercio minorista,9.4,82.6,1,Incumplimiento de horario,25.91,4.6
LA-005656,2026-03-24 14:48:00,Loja,Sierra,Estándar urbano,Comercio minorista,10.1,116.3,0,,9.27,1.0
LA-003862,2026-03-24 15:23:00,Azuay,Sierra,Estándar urbano,Comercio minorista,6.4,106.1,0,,25.44,3.2
LA-004001,2026-03-24 15:53:00,Azuay,Sierra,Programado,Comercio minorista,7.5,140.7,0,,25.45,5.5
LA-003145,2026-03-24 16:31:00,Pichincha,Sierra,Programado,PyME,5.3,175.8,0,,48.86,12.2
LA-005339,2026-03-24 16:41:00,Tungurahua,Sierra,Programado,PyME,6.3,132.8,0,,29.88,19.5
LA-004563,2026-03-24 16:58:00,Manabí,Costa,Estándar urbano,Comercio minorista,10.6,211.5,0,,13.23,7.7
LA-003180,2026-03-24 18:23:00,Pichincha,Sierra,Programado,PyME,4.9,155.6,0,,26.55,14.5
LA-005181,2026-03-24 19:01:00,Tungurahua,Sierra,Estándar urbano,Comercio minorista,6.7,128.0,0,,16.19,9.6
LA-001567,2026-03-25 07:10:00,Guayas,Costa,Express,Comercio minorista,10.2,108.1,0,,15.99,9.2
LA-004680,2026-03-25 07:22:00,Manabí,Costa,Programado,Corporativo,6.9,403.6,0,,26.46,17.8
LA-003822,2026-03-25 07:27:00,Azuay,Sierra,Estándar urbano,Corporativo,4.5,129.9,0,,16.33,8.1
LA-003059,2026-03-25 07:45:00,Pichincha,Sierra,Express,Comercio minorista,7.4,82.9,0,,27.3,8.8
LA-001557,2026-03-25 08:19:00,Guayas,Costa,Express,Comercio minorista,8.3,76.0,0,,31.3,1.5
LA-003947,2026-03-25 08:34:00,Azuay,Sierra,Express,PyME,5.7,56.0,0,,16.68,1.9
LA-001691,2026-03-25 08:45:00,Guayas,Costa,Programado,PyME,8.5,152.7,0,,32.01,16.1
LA-003978,2026-03-25 09:04:00,Azuay,Sierra,Programado,Comercio minorista,4.1,126.8,0,,9.05,3.5
LA-003886,2026-03-25 09:19:00,Azuay,Sierra,Estándar urbano,PyME,7.4,116.8,0,,13.27,6.9
LA-004709,2026-03-25 09:34:00,Manabí,Costa,Programado,Comercio minorista,11.3,120.1,0,,14.22,4.9
LA-003832,2026-03-25 09:35:00,Azuay,Sierra,Estándar urbano,Corporativo,9.2,156.8,0,,18.98,5.2
LA-002755,2026-03-25 09:38:00,Pichincha,Sierra,Estándar urbano,Corporativo,9.4,141.6,0,,25.64,21.6
LA-003880,2026-03-25 09:42:00,Azuay,Sierra,Estándar urbano,Comercio minorista,7.8,138.4,0,,12.71,9.1
LA-001438,2026-03-25 09:43:00,Guayas,Costa,Express,PyME,12.6,40.6,0,,31.27,13.7
LA-003139,2026-03-25 09:48:00,Pichincha,Sierra,Programado,PyME,5.7,172.7,0,,29.68,3.9
LA-001455,2026-03-25 10:00:00,Guayas,Costa,Express,Comercio minorista,11.5,114.2,0,,45.96,15.6
LA-003839,2026-03-25 10:12:00,Azuay,Sierra,Estándar urbano,PyME,5.1,101.4,0,,10.62,6.0
LA-002694,2026-03-25 10:13:00,Pichincha,Sierra,Estándar urbano,PyME,8.9,111.0,0,,19.52,5.9
LA-005797,2026-03-25 10:26:00,Loja,Sierra,Programado,PyME,11.8,172.1,0,,26.0,3.5
LA-003781,2026-03-25 10:28:00,Azuay,Sierra,Estándar urbano,PyME,6.4,122.9,0,,18.21,16.3
LA-002791,2026-03-25 10:29:00,Pichincha,Sierra,Estándar urbano,Corporativo,4.3,130.1,0,,17.65,9.3
LA-001442,2026-03-25 10:38:00,Guayas,Costa,Express,PyME,7.5,100.0,0,,12.03,12.8
LA-003106,2026-03-25 10:46:00,Pichincha,Sierra,Express,PyME,9.6,69.4,0,,33.48,7.0
LA-005292,2026-03-25 10:47:00,Tungurahua,Sierra,Express,Corporativo,9.3,48.1,0,,30.11,4.3
LA-001459,2026-03-25 10:57:00,Guayas,Costa,Express,PyME,10.7,61.3,0,,18.67,1.0
LA-003043,2026-03-25 10:58:00,Pichincha,Sierra,Express,PyME,7.4,100.6,0,,22.64,7.7
LA-003171,2026-03-25 10:58:00,Pichincha,Sierra,Programado,Corporativo,6.1,129.7,0,,27.69,13.5
LA-001143,2026-03-25 11:00:00,Guayas,Costa,Estándar urbano,PyME,11.4,125.9,0,,25.06,10.3
LA-004591,2026-03-25 11:05:00,Manabí,Costa,Estándar urbano,Comercio minorista,10.7,51.3,0,,17.49,7.2
LA-003848,2026-03-25 11:07:00,Azuay,Sierra,Estándar urbano,PyME,3.8,78.8,0,,16.43,5.1
LA-003981,2026-03-25 11:08:00,Azuay,Sierra,Programado,PyME,6.3,128.5,0,,15.61,8.3
LA-001149,2026-03-25 11:11:00,Guayas,Costa,Estándar urbano,Corporativo,10.7,111.2,0,,45.19,1.4
LA-002977,2026-03-25 11:26:00,Pichincha,Sierra,Express,Comercio minorista,9.2,63.8,0,,33.84,4.1
LA-001635,2026-03-25 11:30:00,Guayas,Costa,Programado,Comercio minorista,4.4,201.1,0,,14.98,18.6
LA-004618,2026-03-25 12:12:00,Manabí,Costa,Estándar urbano,PyME,10.5,182.7,0,,22.56,7.8
LA-002759,2026-03-25 12:15:00,Pichincha,Sierra,Estándar urbano,Comercio minorista,5.9,133.0,0,,16.04,10.3
LA-004521,2026-03-25 12:29:00,Manabí,Costa,Estándar urbano,Comercio minorista,8.7,232.1,0,,23.21,8.6
LA-001650,2026-03-25 12:31:00,Guayas,Costa,Programado,Comercio minorista,7.5,164.3,0,,15.07,5.6
LA-005670,2026-03-25 12:40:00,Loja,Sierra,Estándar urbano,PyME,7.3,128.1,1,Demora en entrega,16.08,7.1
LA-001168,2026-03-25 12:49:00,Guayas,Costa,Estándar urbano,PyME,9.8,158.7,0,,43.5,27.3
LA-003778,2026-03-25 13:02:00,Azuay,Sierra,Estándar urbano,PyME,7.2,141.2,0,,22.13,19.5
LA-005313,2026-03-25 13:07:00,Tungurahua,Sierra,Programado,Comercio minorista,6.5,121.0,0,,16.69,3.5
LA-005220,2026-03-25 13:10:00,Tungurahua,Sierra,Estándar urbano,PyME,5.1,148.1,0,,23.92,8.7
LA-001517,2026-03-25 13:25:00,Guayas,Costa,Express,Corporativo,9.8,57.6,0,,56.02,9.0
LA-004621,2026-03-25 13:27:00,Manabí,Costa,Express,Comercio minorista,15.6,35.9,1,Demora en entrega,28.03,14.8
LA-002903,2026-03-25 13:34:00,Pichincha,Sierra,Estándar urbano,Comercio minorista,7.3,153.4,0,,8.49,11.5
LA-001135,2026-03-25 13:54:00,Guayas,Costa,Estándar urbano,Corporativo,9.4,129.3,0,,33.03,24.9
LA-005737,2026-03-25 13:59:00,Loja,Sierra,Estándar urbano,Comercio minorista,12.2,126.7,0,,10.89,7.9
LA-003063,2026-03-25 14:01:00,Pichincha,Sierra,Express,Corporativo,7.4,130.3,0,,26.44,21.5
LA-001482,2026-03-25 14:17:00,Guayas,Costa,Express,Comercio minorista,13.6,113.4,0,,18.94,14.4
LA-003969,2026-03-25 14:26:00,Azuay,Sierra,Express,Corporativo,7.4,70.8,1,Falta de actualización,38.51,6.3
LA-003753,2026-03-25 14:32:00,Azuay,Sierra,Estándar urbano,PyME,6.2,103.9,0,,9.4,2.4
LA-001104,2026-03-25 14:46:00,Guayas,Costa,Estándar urbano,Comercio minorista,5.6,166.7,0,,11.04,20.2
LA-005795,2026-03-25 14:47:00,Loja,Sierra,Programado,Corporativo,7.4,205.6,0,,22.54,2.6
LA-005246,2026-03-25 14:56:00,Tungurahua,Sierra,Estándar urbano,PyME,6.0,148.9,0,,24.48,16.8
LA-001250,2026-03-25 14:57:00,Guayas,Costa,Estándar urbano,Comercio minorista,10.0,139.3,0,,12.73,12.7
LA-002944,2026-03-25 14:58:00,Pichincha,Sierra,Express,Comercio minorista,8.5,108.9,0,,21.46,7.0
LA-003192,2026-03-25 15:27:00,Pichincha,Sierra,Programado,Corporativo,4.8,144.7,0,,30.99,6.3
LA-001268,2026-03-25 16:07:00,Guayas,Costa,Estándar urbano,PyME,7.7,181.8,0,,29.04,18.6
LA-005176,2026-03-25 16:30:00,Tungurahua,Sierra,Estándar urbano,Corporativo,7.0,104.0,0,,14.37,5.4
LA-001451,2026-03-25 16:38:00,Guayas,Costa,Express,Comercio minorista,11.1,97.9,1,Demora en atención,47.88,9.6
LA-005280,2026-03-25 17:10:00,Tungurahua,Sierra,Express,Corporativo,9.0,39.2,0,,27.04,4.4
LA-001167,2026-03-25 17:12:00,Guayas,Costa,Estándar urbano,PyME,7.0,154.0,0,,26.29,4.4
LA-003187,2026-03-25 17:16:00,Pichincha,Sierra,Programado,Corporativo,5.3,185.2,0,,39.52,10.9
LA-002696,2026-03-25 17:21:00,Pichincha,Sierra,Estándar urbano,PyME,6.5,128.4,0,,20.46,11.8
LA-002796,2026-03-25 18:16:00,Pichincha,Sierra,Estándar urbano,Comercio minorista,6.5,157.7,0,,15.53,16.7
LA-002945,2026-03-25 19:30:00,Pichincha,Sierra,Express,PyME,6.5,75.2,0,,21.97,4.1
LA-005248,2026-03-26 07:05:00,Tungurahua,Sierra,Estándar urbano,Comercio minorista,4.9,102.0,0,,17.09,4.6
LA-005287,2026-03-26 07:14:00,Tungurahua,Sierra,Express,PyME,7.8,66.8,0,,27.84,9.6
LA-005768,2026-03-26 07:47:00,Loja,Sierra,Express,Comercio minorista,8.6,73.7,0,,14.48,1.0
LA-001570,2026-03-26 07:55:00,Guayas,Costa,Express,Comercio minorista,7.4,88.5,0,,20.57,5.4
LA-002690,2026-03-26 08:15:00,Pichincha,Sierra,Estándar urbano,PyME,6.7,115.4,0,,17.44,2.4
LA-003113,2026-03-26 08:26:00,Pichincha,Sierra,Express,Comercio minorista,10.7,55.9,0,,26.98,6.2
LA-004663,2026-03-26 08:34:00,Manabí,Costa,Express,PyME,10.4,73.4,0,,50.21,20.6
LA-001611,2026-03-26 08:50:00,Guayas,Costa,Express,Comercio minorista,8.6,160.0,0,,28.42,14.5
LA-001232,2026-03-26 08:59:00,Guayas,Costa,Estándar urbano,Comercio minorista,10.8,124.2,0,,11.55,5.3
LA-003182,2026-03-26 09:08:00,Pichincha,Sierra,Programado,PyME,6.0,162.3,0,,14.26,17.4
LA-001375,2026-03-26 09:48:00,Guayas,Costa,Estándar urbano,PyME,10.6,136.7,0,,12.48,1.9
LA-001391,2026-03-26 10:07:00,Guayas,Costa,Estándar urbano,PyME,9.9,150.9,0,,10.31,5.6
LA-004526,2026-03-26 10:08:00,Manabí,Costa,Estándar urbano,Corporativo,9.6,110.9,0,,16.32,10.8
LA-002676,2026-03-26 10:08:00,Pichincha,Sierra,Estándar urbano,Comercio minorista,7.1,171.8,0,,23.86,11.6
LA-003005,2026-03-26 10:12:00,Pichincha,Sierra,Express,Corporativo,9.6,97.4,0,,41.44,7.4
LA-005163,2026-03-26 10:14:00,Tungurahua,Sierra,Estándar urbano,Comercio minorista,7.2,109.6,0,,36.26,14.5
LA-003769,2026-03-26 10:16:00,Azuay,Sierra,Estándar urbano,PyME,8.5,109.1,0,,23.68,1.0
LA-005144,2026-03-26 10:19:00,Tungurahua,Sierra,Estándar urbano,PyME,7.4,104.0,0,,16.14,5.4
LA-005304,2026-03-26 10:22:00,Tungurahua,Sierra,Express,Comercio minorista,3.6,71.8,0,,14.14,4.8
LA-003740,2026-03-26 10:38:00,Azuay,Sierra,Estándar urbano,Comercio minorista,7.8,90.0,0,,11.3,2.6
LA-001672,2026-03-26 10:40:00,Guayas,Costa,Programado,Comercio minorista,7.4,175.0,0,,15.75,27.3
LA-004470,2026-03-26 10:52:00,Manabí,Costa,Estándar urbano,Corporativo,8.9,175.3,0,,29.04,15.6
LA-002827,2026-03-26 11:07:00,Pichincha,Sierra,Estándar urbano,Corporativo,5.6,280.0,0,,38.03,4.8
LA-002888,2026-03-26 11:07:00,Pichincha,Sierra,Estándar urbano,Comercio minorista,6.5,155.1,0,,37.4,21.2
LA-002715,2026-03-26 11:09:00,Pichincha,Sierra,Estándar urbano,PyME,7.7,189.6,0,,18.04,17.6
LA-005270,2026-03-26 11:09:00,Tungurahua,Sierra,Express,Comercio minorista,9.3,67.6,0,,33.78,9.7
LA-004004,2026-03-26 11:12:00,Azuay,Sierra,Programado,Comercio minorista,5.8,131.4,0,,14.27,7.6
LA-004598,2026-03-26 11:12:00,Manabí,Costa,Estándar urbano,Corporativo,7.5,182.2,0,,19.87,18.4
LA-001441,2026-03-26 11:18:00,Guayas,Costa,Express,Comercio minorista,8.4,116.7,0,,22.76,3.0
LA-003745,2026-03-26 11:24:00,Azuay,Sierra,Estándar urbano,PyME,8.1,93.4,0,,19.07,4.6
LA-005720,2026-03-26 11:24:00,Loja,Sierra,Estándar urbano,PyME,8.9,174.7,0,,26.52,13.0
LA-003860,2026-03-26 11:25:00,Azuay,Sierra,Estándar urbano,PyME,4.0,97.4,0,,12.76,4.2
LA-004520,2026-03-26 11:25:00,Manabí,Costa,Estándar urbano,Comercio minorista,7.9,114.7,0,,10.07,4.8
LA-002815,2026-03-26 11:36:00,Pichincha,Sierra,Estándar urbano,PyME,6.4,148.4,0,,16.87,9.4
LA-001702,2026-03-26 11:43:00,Guayas,Costa,Programado,Comercio minorista,6.4,162.1,0,,21.18,11.3
LA-001178,2026-03-26 11:53:00,Guayas,Costa,Estándar urbano,Corporativo,8.7,151.5,0,,33.87,9.5
LA-003011,2026-03-26 11:59:00,Pichincha,Sierra,Express,Comercio minorista,7.4,128.4,0,,46.58,9.8
LA-001533,2026-03-26 12:00:00,Guayas,Costa,Express,Corporativo,10.3,43.1,0,,42.39,4.5
LA-004587,2026-03-26 12:06:00,Manabí,Costa,Estándar urbano,Corporativo,13.0,200.5,0,,33.34,35.0
LA-005717,2026-03-26 12:38:00,Loja,Sierra,Estándar urbano,Corporativo,7.8,134.1,0,,32.47,14.8
LA-003755,2026-03-26 12:41:00,Azuay,Sierra,Estándar urbano,PyME,6.9,92.4,0,,24.67,3.0
LA-002695,2026-03-26 13:01:00,Pichincha,Sierra,Estándar urbano,Corporativo,8.8,157.6,0,,34.38,15.5
LA-005722,2026-03-26 13:03:00,Loja,Sierra,Estándar urbano,PyME,3.1,248.8,0,,17.38,20.3
LA-002737,2026-03-26 13:14:00,Pichincha,Sierra,Estándar urbano,PyME,6.6,160.7,0,,29.44,19.9
LA-005782,2026-03-26 13:17:00,Loja,Sierra,Programado,Comercio minorista,9.2,146.8,0,,15.66,5.1
LA-001171,2026-03-26 13:32:00,Guayas,Costa,Estándar urbano,PyME,10.1,143.3,0,,33.38,14.1
LA-001410,2026-03-26 13:37:00,Guayas,Costa,Estándar urbano,Comercio minorista,8.7,146.9,0,,15.74,16.4
LA-003736,2026-03-26 13:49:00,Azuay,Sierra,Estándar urbano,Comercio minorista,6.8,106.8,0,,17.18,5.8
LA-005277,2026-03-26 13:55:00,Tungurahua,Sierra,Express,PyME,10.0,81.6,0,,27.26,7.1
LA-003156,2026-03-26 14:07:00,Pichincha,Sierra,Programado,Comercio minorista,6.6,127.9,0,,17.39,6.5
LA-004538,2026-03-26 14:08:00,Manabí,Costa,Estándar urbano,Comercio minorista,10.3,105.6,0,,10.59,9.5
LA-002831,2026-03-26 14:08:00,Pichincha,Sierra,Estándar urbano,Comercio minorista,8.6,146.3,0,,25.82,14.7
LA-005289,2026-03-26 14:24:00,Tungurahua,Sierra,Express,Comercio minorista,4.1,72.8,0,,31.3,10.9
LA-005284,2026-03-26 14:33:00,Tungurahua,Sierra,Express,Comercio minorista,10.4,56.6,0,,27.56,10.8
LA-004493,2026-03-26 14:37:00,Manabí,Costa,Estándar urbano,Comercio minorista,7.8,167.7,0,,20.8,7.9
LA-001153,2026-03-26 14:41:00,Guayas,Costa,Estándar urbano,Corporativo,9.2,133.6,0,,23.55,3.9
LA-005682,2026-03-26 14:47:00,Loja,Sierra,Estándar urbano,PyME,9.6,136.2,0,,11.44,9.8
LA-003966,2026-03-26 15:08:00,Azuay,Sierra,Express,PyME,8.7,83.0,0,,36.37,10.8
LA-002746,2026-03-26 16:48:00,Pichincha,Sierra,Estándar urbano,Comercio minorista,7.5,151.4,0,,19.93,5.5
LA-003941,2026-03-26 16:54:00,Azuay,Sierra,Express,PyME,8.6,67.5,0,,30.62,6.1
LA-003007,2026-03-26 17:34:00,Pichincha,Sierra,Express,PyME,8.4,136.3,0,,35.87,9.7
LA-003112,2026-03-26 18:01:00,Pichincha,Sierra,Express,Comercio minorista,6.5,85.9,0,,14.26,8.8
LA-005290,2026-03-26 18:13:00,Tungurahua,Sierra,Express,PyME,5.3,58.2,0,,24.57,7.4
LA-005244,2026-03-26 18:16:00,Tungurahua,Sierra,Estándar urbano,Corporativo,8.4,132.6,0,,21.16,5.2
LA-002921,2026-03-27 07:11:00,Pichincha,Sierra,Estándar urbano,Comercio minorista,9.3,126.2,0,,16.26,6.2
LA-004715,2026-03-27 07:31:00,Manabí,Costa,Programado,PyME,7.7,228.5,1,Demora en entrega,22.52,15.5
LA-001677,2026-03-27 07:33:00,Guayas,Costa,Programado,Comercio minorista,8.5,165.3,0,,16.89,8.0
LA-005718,2026-03-27 08:17:00,Loja,Sierra,Estándar urbano,Comercio minorista,6.0,177.6,0,,29.02,14.5
LA-001679,2026-03-27 08:24:00,Guayas,Costa,Programado,Comercio minorista,12.3,199.7,0,,19.2,14.0
LA-004559,2026-03-27 08:33:00,Manabí,Costa,Estándar urbano,Corporativo,7.7,173.9,0,,49.99,29.1
LA-001200,2026-03-27 08:43:00,Guayas,Costa,Estándar urbano,Comercio minorista,9.3,203.8,0,,22.79,3.4
LA-003877,2026-03-27 09:15:00,Azuay,Sierra,Estándar urbano,PyME,6.6,89.4,0,,12.06,4.9
LA-002730,2026-03-27 09:22:00,Pichincha,Sierra,Estándar urbano,PyME,5.1,173.2,0,,22.7,6.6
LA-003127,2026-03-27 09:27:00,Pichincha,Sierra,Programado,PyME,6.9,129.2,0,,25.19,8.1
LA-005221,2026-03-27 09:34:00,Tungurahua,Sierra,Estándar urbano,PyME,7.8,182.2,0,,16.45,4.2
LA-003200,2026-03-27 09:55:00,Pichincha,Sierra,Programado,Comercio minorista,7.1,108.2,0,,14.53,4.2
LA-001392,2026-03-27 09:56:00,Guayas,Costa,Estándar urbano,Comercio minorista,9.2,160.0,0,,17.08,9.2
LA-005160,2026-03-27 10:17:00,Tungurahua,Sierra,Estándar urbano,Comercio minorista,5.7,180.1,0,,23.83,40.0
LA-003060,2026-03-27 10:57:00,Pichincha,Sierra,Express,Comercio minorista,8.2,75.6,0,,19.12,3.0
LA-004649,2026-03-27 10:58:00,Manabí,Costa,Express,Comercio minorista,8.8,56.6,0,,12.86,10.8
LA-002866,2026-03-27 11:06:00,Pichincha,Sierra,Estándar urbano,Comercio minorista,5.4,172.7,0,,18.57,18.7
LA-005300,2026-03-27 11:10:00,Tungurahua,Sierra,Express,PyME,8.2,29.4,0,,19.55,13.1
LA-002751,2026-03-27 11:12:00,Pichincha,Sierra,Estándar urbano,Comercio minorista,7.9,169.6,0,,12.91,11.5
LA-005761,2026-03-27 11:14:00,Loja,Sierra,Express,PyME,7.4,145.5,0,,31.17,11.1
LA-003015,2026-03-27 11:14:00,Pichincha,Sierra,Express,PyME,9.8,51.0,0,,32.98,7.5
LA-003900,2026-03-27 11:16:00,Azuay,Sierra,Express,Comercio minorista,9.7,87.7,0,,30.77,11.8
LA-005775,2026-03-27 11:18:00,Loja,Sierra,Express,Comercio minorista,7.9,97.9,0,,14.19,7.5
LA-001407,2026-03-27 11:24:00,Guayas,Costa,Estándar urbano,PyME,10.5,175.7,0,,20.63,19.9
LA-003089,2026-03-27 11:35:00,Pichincha,Sierra,Express,PyME,7.3,99.1,0,,23.35,3.2
LA-002722,2026-03-27 11:37:00,Pichincha,Sierra,Estándar urbano,Comercio minorista,7.0,145.5,0,,36.39,4.4
LA-003097,2026-03-27 11:37:00,Pichincha,Sierra,Express,Corporativo,10.0,113.1,0,,41.35,15.3
LA-001429,2026-03-27 11:39:00,Guayas,Costa,Express,PyME,6.9,97.3,0,,38.82,14.9
LA-001160,2026-03-27 12:29:00,Guayas,Costa,Estándar urbano,Comercio minorista,8.8,144.1,0,,19.92,1.0
LA-004622,2026-03-27 12:47:00,Manabí,Costa,Express,Corporativo,11.1,165.9,1,Incumplimiento de horario,45.74,27.2
LA-002688,2026-03-27 12:47:00,Pichincha,Sierra,Estándar urbano,PyME,10.4,119.8,0,,38.25,10.1
LA-002853,2026-03-27 12:52:00,Pichincha,Sierra,Estándar urbano,Corporativo,4.3,170.2,0,,38.81,24.4
LA-001689,2026-03-27 12:56:00,Guayas,Costa,Programado,Corporativo,9.9,184.3,0,,32.36,4.8
LA-003100,2026-03-27 13:01:00,Pichincha,Sierra,Express,Comercio minorista,6.7,55.1,0,,40.81,5.9
LA-005791,2026-03-27 13:06:00,Loja,Sierra,Programado,PyME,9.2,165.3,0,,29.93,7.5
LA-001229,2026-03-27 13:19:00,Guayas,Costa,Estándar urbano,Comercio minorista,10.6,197.2,0,,12.05,13.5
LA-003067,2026-03-27 13:24:00,Pichincha,Sierra,Express,Comercio minorista,5.6,135.5,0,,24.63,34.7
LA-001144,2026-03-27 13:42:00,Guayas,Costa,Estándar urbano,PyME,5.5,197.7,0,,17.17,8.0
LA-001554,2026-03-27 13:42:00,Guayas,Costa,Express,PyME,10.4,88.6,0,,24.1,14.1
LA-005658,2026-03-27 13:46:00,Loja,Sierra,Estándar urbano,Comercio minorista,5.7,199.5,0,,28.13,25.1
LA-001490,2026-03-27 13:50:00,Guayas,Costa,Express,Comercio minorista,10.3,44.7,0,,36.9,14.1
LA-003859,2026-03-27 14:06:00,Azuay,Sierra,Estándar urbano,Comercio minorista,6.8,152.9,0,,12.2,8.0
LA-004584,2026-03-27 14:07:00,Manabí,Costa,Estándar urbano,Comercio minorista,9.3,210.4,0,,10.31,17.2
LA-005762,2026-03-27 14:10:00,Loja,Sierra,Express,Corporativo,5.5,120.9,0,,25.72,22.4
LA-003054,2026-03-27 14:24:00,Pichincha,Sierra,Express,Corporativo,4.4,62.8,0,,52.66,3.8
LA-005705,2026-03-27 14:37:00,Loja,Sierra,Estándar urbano,PyME,5.1,255.7,0,,35.64,45.0
LA-004566,2026-03-27 14:46:00,Manabí,Costa,Estándar urbano,Comercio minorista,11.4,115.3,0,,12.87,3.8
LA-001613,2026-03-27 14:50:00,Guayas,Costa,Express,Comercio minorista,7.6,54.1,0,,26.68,10.3
LA-003155,2026-03-27 14:51:00,Pichincha,Sierra,Programado,PyME,8.6,143.1,0,,21.94,4.0
LA-001550,2026-03-27 15:01:00,Guayas,Costa,Express,PyME,8.5,79.9,0,,64.99,12.2
LA-003905,2026-03-27 15:04:00,Azuay,Sierra,Express,Comercio minorista,11.0,77.5,0,,25.68,3.2
LA-002729,2026-03-27 15:05:00,Pichincha,Sierra,Estándar urbano,PyME,8.8,115.3,0,,13.26,10.0
LA-001193,2026-03-27 15:09:00,Guayas,Costa,Estándar urbano,Comercio minorista,8.4,152.1,0,,24.54,10.4
LA-005175,2026-03-27 15:17:00,Tungurahua,Sierra,Estándar urbano,Comercio minorista,6.7,117.8,0,,11.01,3.6
LA-004694,2026-03-27 15:30:00,Manabí,Costa,Programado,Comercio minorista,7.2,213.9,0,,16.86,11.3
LA-001510,2026-03-27 15:41:00,Guayas,Costa,Express,Comercio minorista,11.4,138.0,0,,22.1,11.1
LA-004577,2026-03-27 15:44:00,Manabí,Costa,Estándar urbano,Comercio minorista,12.3,157.1,0,,11.17,11.6
LA-005342,2026-03-27 15:45:00,Tungurahua,Sierra,Programado,PyME,5.3,131.6,0,,30.12,10.5
LA-003749,2026-03-27 16:08:00,Azuay,Sierra,Estándar urbano,Corporativo,9.6,122.9,0,,21.83,4.5
LA-001396,2026-03-27 16:25:00,Guayas,Costa,Estándar urbano,PyME,8.0,147.5,0,,21.44,12.9
LA-001508,2026-03-27 16:58:00,Guayas,Costa,Express,Comercio minorista,9.4,55.4,0,,20.03,6.3
LA-005344,2026-03-27 17:44:00,Tungurahua,Sierra,Programado,PyME,8.2,164.4,0,,11.23,26.1
LA-001322,2026-03-28 07:13:00,Guayas,Costa,Estándar urbano,Comercio minorista,13.3,139.9,0,,28.23,5.3
LA-003191,2026-03-28 07:14:00,Pichincha,Sierra,Programado,Comercio minorista,8.9,120.3,0,,18.24,5.3
LA-002807,2026-03-28 07:19:00,Pichincha,Sierra,Estándar urbano,Comercio minorista,10.1,131.1,0,,17.15,4.7
LA-002814,2026-03-28 07:41:00,Pichincha,Sierra,Estándar urbano,Comercio minorista,8.4,147.5,0,,27.52,15.9
LA-002996,2026-03-28 07:43:00,Pichincha,Sierra,Express,PyME,8.6,80.9,0,,40.83,1.0
LA-004692,2026-03-28 07:54:00,Manabí,Costa,Programado,Comercio minorista,9.5,227.6,0,,15.19,2.0
LA-004527,2026-03-28 08:14:00,Manabí,Costa,Estándar urbano,PyME,9.1,137.9,0,,17.56,13.7
LA-001163,2026-03-28 08:47:00,Guayas,Costa,Estándar urbano,PyME,7.9,133.1,0,,28.57,7.5
LA-002804,2026-03-28 08:51:00,Pichincha,Sierra,Estándar urbano,Comercio minorista,6.7,181.8,0,,34.72,17.5
LA-003830,2026-03-28 08:57:00,Azuay,Sierra,Estándar urbano,Comercio minorista,3.9,100.2,0,,11.24,3.3
LA-003924,2026-03-28 09:28:00,Azuay,Sierra,Express,PyME,8.2,99.4,1,Paquete con incidencia,33.48,11.7
LA-005222,2026-03-28 09:36:00,Tungurahua,Sierra,Estándar urbano,PyME,8.6,97.5,1,Falta de actualización,19.1,5.4
LA-004525,2026-03-28 10:15:00,Manabí,Costa,Estándar urbano,Corporativo,10.1,188.9,0,,20.38,18.6
LA-001371,2026-03-28 10:21:00,Guayas,Costa,Estándar urbano,Corporativo,6.7,149.8,0,,31.52,6.9
LA-003070,2026-03-28 10:22:00,Pichincha,Sierra,Express,Comercio minorista,9.6,145.7,0,,22.11,12.7
LA-003783,2026-03-28 10:26:00,Azuay,Sierra,Estándar urbano,Corporativo,4.6,131.5,0,,26.23,6.2
LA-001506,2026-03-28 10:29:00,Guayas,Costa,Express,Comercio minorista,11.3,138.4,0,,19.45,8.9
LA-005153,2026-03-28 10:41:00,Tungurahua,Sierra,Estándar urbano,PyME,5.8,130.9,0,,13.08,13.8
LA-005743,2026-03-28 10:44:00,Loja,Sierra,Estándar urbano,Comercio minorista,10.7,297.8,0,,17.87,8.1
LA-002693,2026-03-28 10:51:00,Pichincha,Sierra,Estándar urbano,PyME,9.9,132.6,0,,28.37,14.7
LA-004688,2026-03-28 10:54:00,Manabí,Costa,Programado,Comercio minorista,8.5,224.8,0,,23.61,30.5
LA-003811,2026-03-28 10:56:00,Azuay,Sierra,Estándar urbano,PyME,7.1,156.7,0,,10.58,9.8
LA-001651,2026-03-28 11:08:00,Guayas,Costa,Programado,Comercio minorista,7.1,185.6,0,,42.68,3.6
LA-003833,2026-03-28 11:16:00,Azuay,Sierra,Estándar urbano,PyME,7.6,125.6,0,,19.01,4.5
LA-003990,2026-03-28 11:34:00,Azuay,Sierra,Programado,Corporativo,6.5,150.5,0,,19.47,8.2
LA-003985,2026-03-28 11:42:00,Azuay,Sierra,Programado,Corporativo,8.4,145.1,0,,43.52,4.8
LA-005724,2026-03-28 11:48:00,Loja,Sierra,Estándar urbano,Comercio minorista,9.3,184.7,0,,18.3,11.6
LA-002844,2026-03-28 11:51:00,Pichincha,Sierra,Estándar urbano,PyME,10.5,133.0,0,,30.59,6.2
LA-002847,2026-03-28 11:51:00,Pichincha,Sierra,Estándar urbano,Comercio minorista,9.3,113.0,0,,12.39,3.4
LA-002868,2026-03-28 11:57:00,Pichincha,Sierra,Estándar urbano,Corporativo,8.7,101.7,0,,30.67,1.9
LA-002867,2026-03-28 12:02:00,Pichincha,Sierra,Estándar urbano,PyME,7.0,144.8,0,,22.79,12.9
LA-003014,2026-03-28 12:16:00,Pichincha,Sierra,Express,Comercio minorista,7.8,75.8,0,,23.77,6.6
LA-003922,2026-03-28 12:19:00,Azuay,Sierra,Express,Comercio minorista,7.9,94.0,0,,29.15,12.7
LA-004706,2026-03-28 12:23:00,Manabí,Costa,Programado,Comercio minorista,7.0,214.2,0,,11.6,4.0
LA-001162,2026-03-28 12:26:00,Guayas,Costa,Estándar urbano,PyME,9.1,131.8,0,,24.48,1.7
LA-004664,2026-03-28 12:28:00,Manabí,Costa,Express,Comercio minorista,13.0,28.0,0,,11.79,7.1
LA-001165,2026-03-28 12:30:00,Guayas,Costa,Estándar urbano,PyME,9.1,160.7,0,,17.0,8.3
LA-003855,2026-03-28 12:37:00,Azuay,Sierra,Estándar urbano,Comercio minorista,2.6,124.5,0,,15.46,13.5
LA-002912,2026-03-28 12:39:00,Pichincha,Sierra,Estándar urbano,Comercio minorista,8.5,159.1,0,,17.47,12.7
LA-002670,2026-03-28 12:46:00,Pichincha,Sierra,Estándar urbano,PyME,8.8,131.5,0,,19.35,1.7
LA-005673,2026-03-28 12:50:00,Loja,Sierra,Estándar urbano,Corporativo,8.4,122.3,0,,47.12,9.0
LA-001246,2026-03-28 12:58:00,Guayas,Costa,Estándar urbano,Corporativo,8.3,142.5,0,,20.8,6.9
LA-003853,2026-03-28 13:06:00,Azuay,Sierra,Estándar urbano,Comercio minorista,5.4,89.8,0,,16.95,5.3
LA-001399,2026-03-28 13:11:00,Guayas,Costa,Estándar urbano,Comercio minorista,9.1,194.9,0,,27.88,14.4
LA-005681,2026-03-28 13:13:00,Loja,Sierra,Estándar urbano,Comercio minorista,9.0,225.1,0,,31.34,25.0
LA-004592,2026-03-28 13:13:00,Manabí,Costa,Estándar urbano,Comercio minorista,10.2,110.6,0,,14.6,6.1
LA-001417,2026-03-28 13:25:00,Guayas,Costa,Express,Comercio minorista,11.3,80.2,0,,29.37,17.1
LA-002711,2026-03-28 13:27:00,Pichincha,Sierra,Estándar urbano,PyME,7.0,129.8,0,,30.04,10.6
LA-003130,2026-03-28 13:28:00,Pichincha,Sierra,Programado,PyME,3.8,137.4,0,,22.37,6.0
LA-005295,2026-03-28 13:30:00,Tungurahua,Sierra,Express,Corporativo,4.1,28.0,0,,51.7,1.8
LA-002668,2026-03-28 13:35:00,Pichincha,Sierra,Estándar urbano,Comercio minorista,7.7,179.1,0,,22.63,18.5
LA-001523,2026-03-28 13:37:00,Guayas,Costa,Express,Corporativo,4.9,127.0,0,,64.88,22.2
LA-001541,2026-03-28 13:37:00,Guayas,Costa,Express,PyME,6.8,76.7,0,,23.2,10.3
LA-001687,2026-03-28 13:48:00,Guayas,Costa,Programado,Corporativo,5.1,173.2,0,,30.21,4.2
LA-004535,2026-03-28 13:50:00,Manabí,Costa,Estándar urbano,Comercio minorista,11.4,193.9,0,,19.29,20.3
LA-005350,2026-03-28 13:59:00,Tungurahua,Sierra,Programado,Comercio minorista,10.3,179.2,0,,22.29,19.3
LA-003197,2026-03-28 14:07:00,Pichincha,Sierra,Programado,Comercio minorista,7.5,137.3,0,,20.77,2.6
LA-004634,2026-03-28 14:19:00,Manabí,Costa,Express,PyME,7.9,148.0,0,,26.72,10.7
LA-005326,2026-03-28 14:29:00,Tungurahua,Sierra,Programado,Corporativo,5.6,134.1,0,,27.83,9.9
LA-002769,2026-03-28 14:42:00,Pichincha,Sierra,Estándar urbano,Comercio minorista,8.1,143.9,0,,19.41,10.3
LA-005184,2026-03-28 14:42:00,Tungurahua,Sierra,Estándar urbano,Comercio minorista,9.2,160.5,0,,10.17,14.4
LA-005783,2026-03-28 14:46:00,Loja,Sierra,Programado,Comercio minorista,5.9,118.4,0,,16.53,2.6
LA-002946,2026-03-28 14:55:00,Pichincha,Sierra,Express,Comercio minorista,8.0,74.3,0,,19.67,8.7
LA-003815,2026-03-28 15:13:00,Azuay,Sierra,Estándar urbano,Corporativo,5.4,126.1,0,,32.52,18.2
LA-001548,2026-03-28 15:20:00,Guayas,Costa,Express,Corporativo,9.2,96.5,0,,62.91,6.0
LA-001556,2026-03-28 16:06:00,Guayas,Costa,Express,Comercio minorista,6.0,162.2,0,,49.52,23.9
LA-003135,2026-03-28 16:11:00,Pichincha,Sierra,Programado,Comercio minorista,8.8,216.0,0,,14.38,23.3
LA-005792,2026-03-28 16:13:00,Loja,Sierra,Programado,Corporativo,5.8,165.8,0,,20.67,11.8
LA-002717,2026-03-28 16:36:00,Pichincha,Sierra,Estándar urbano,Comercio minorista,8.6,147.5,0,,20.94,1.0
LA-005192,2026-03-28 16:41:00,Tungurahua,Sierra,Estándar urbano,Corporativo,4.9,131.8,0,,21.4,11.4
LA-005332,2026-03-28 16:57:00,Tungurahua,Sierra,Programado,Corporativo,7.0,216.3,0,,40.51,40.2
LA-005322,2026-03-28 17:06:00,Tungurahua,Sierra,Programado,PyME,7.1,125.4,0,,20.39,10.0
LA-001297,2026-03-28 18:28:00,Guayas,Costa,Estándar urbano,Comercio minorista,6.2,158.4,0,,17.78,5.9
LA-002928,2026-03-28 18:47:00,Pichincha,Sierra,Estándar urbano,PyME,3.8,168.9,0,,22.91,14.7
LA-001400,2026-03-28 19:12:00,Guayas,Costa,Estándar urbano,Comercio minorista,7.4,171.0,0,,20.57,10.9
LA-001636,2026-03-28 19:22:00,Guayas,Costa,Programado,Corporativo,6.8,168.8,0,,31.08,7.8
LA-004648,2026-03-29 07:06:00,Manabí,Costa,Express,PyME,9.7,49.8,0,,20.32,9.7
LA-005786,2026-03-29 07:16:00,Loja,Sierra,Programado,PyME,6.2,171.3,0,,16.61,8.0
LA-001599,2026-03-29 07:32:00,Guayas,Costa,Express,Comercio minorista,10.1,79.3,0,,33.48,6.9
LA-005212,2026-03-29 07:52:00,Tungurahua,Sierra,Estándar urbano,Comercio minorista,10.1,129.1,0,,9.24,16.7
LA-003850,2026-03-29 07:53:00,Azuay,Sierra,Estándar urbano,PyME,7.2,101.2,0,,16.33,6.7
LA-001454,2026-03-29 07:53:00,Guayas,Costa,Express,Comercio minorista,8.7,76.4,0,,20.5,7.9
LA-001095,2026-03-29 08:26:00,Guayas,Costa,Estándar urbano,PyME,10.0,433.4,0,,40.16,14.3
LA-001174,2026-03-29 08:37:00,Guayas,Costa,Estándar urbano,PyME,8.8,139.6,0,,14.51,9.3
LA-003849,2026-03-29 09:04:00,Azuay,Sierra,Estándar urbano,Corporativo,3.8,137.5,0,,16.16,2.7
LA-001366,2026-03-29 09:04:00,Guayas,Costa,Estándar urbano,Comercio minorista,12.2,146.5,0,,20.02,8.0
LA-001547,2026-03-29 09:09:00,Guayas,Costa,Express,Comercio minorista,11.0,70.2,1,Demora en entrega,20.56,4.8
LA-003203,2026-03-29 09:16:00,Pichincha,Sierra,Programado,Corporativo,11.9,152.1,0,,34.64,4.2
LA-004611,2026-03-29 09:24:00,Manabí,Costa,Estándar urbano,Comercio minorista,9.6,143.0,0,,31.58,5.5
LA-005269,2026-03-29 09:24:00,Tungurahua,Sierra,Express,Comercio minorista,11.4,28.0,0,,21.33,6.0
LA-005678,2026-03-29 09:36:00,Loja,Sierra,Estándar urbano,Corporativo,7.6,109.1,0,,29.59,8.8
LA-005231,2026-03-29 09:45:00,Tungurahua,Sierra,Estándar urbano,PyME,8.3,94.2,0,,16.26,6.6
LA-003760,2026-03-29 09:47:00,Azuay,Sierra,Estándar urbano,Comercio minorista,5.2,150.1,0,,13.08,9.0
LA-004686,2026-03-29 09:59:00,Manabí,Costa,Programado,Comercio minorista,8.1,202.8,0,,19.57,24.8
LA-001110,2026-03-29 10:04:00,Guayas,Costa,Estándar urbano,Comercio minorista,6.4,124.3,0,,12.98,11.8
LA-002692,2026-03-29 10:20:00,Pichincha,Sierra,Estándar urbano,Comercio minorista,7.1,123.0,0,,16.72,14.8
LA-001264,2026-03-29 10:43:00,Guayas,Costa,Estándar urbano,Comercio minorista,11.4,156.7,0,,12.61,5.2
LA-001362,2026-03-29 11:05:00,Guayas,Costa,Estándar urbano,Corporativo,5.9,144.0,0,,39.23,12.6
LA-005207,2026-03-29 11:07:00,Tungurahua,Sierra,Estándar urbano,Comercio minorista,8.6,520.0,0,,9.78,2.8
LA-001394,2026-03-29 11:11:00,Guayas,Costa,Estándar urbano,Comercio minorista,7.2,117.0,0,,14.21,8.1
LA-003842,2026-03-29 11:19:00,Azuay,Sierra,Estándar urbano,Corporativo,5.2,137.8,0,,21.8,10.3
LA-005201,2026-03-29 11:20:00,Tungurahua,Sierra,Estándar urbano,Corporativo,4.8,92.0,0,,41.6,4.8
LA-003012,2026-03-29 11:34:00,Pichincha,Sierra,Express,PyME,8.8,57.1,1,Demora en entrega,23.7,13.5
LA-004638,2026-03-29 11:35:00,Manabí,Costa,Express,PyME,8.3,28.0,0,,14.25,9.2
LA-003884,2026-03-29 11:38:00,Azuay,Sierra,Estándar urbano,Comercio minorista,7.3,112.9,0,,18.41,11.2
LA-005733,2026-03-29 11:45:00,Loja,Sierra,Estándar urbano,Comercio minorista,6.2,152.2,0,,13.24,18.0
LA-005157,2026-03-29 12:13:00,Tungurahua,Sierra,Estándar urbano,PyME,5.3,168.1,0,,16.93,33.1
LA-002740,2026-03-29 12:29:00,Pichincha,Sierra,Estándar urbano,Comercio minorista,5.1,105.0,0,,23.35,2.2
LA-003078,2026-03-29 12:34:00,Pichincha,Sierra,Express,Corporativo,8.1,52.6,0,,20.35,1.1
LA-005334,2026-03-29 12:34:00,Tungurahua,Sierra,Programado,Corporativo,8.4,144.6,0,,37.0,15.5
LA-002674,2026-03-29 12:59:00,Pichincha,Sierra,Estándar urbano,Corporativo,7.5,160.9,0,,68.27,17.7
LA-001535,2026-03-29 13:00:00,Guayas,Costa,Express,Comercio minorista,9.0,97.6,0,,29.14,15.9
LA-003074,2026-03-29 13:04:00,Pichincha,Sierra,Express,Comercio minorista,7.9,71.0,0,,13.39,8.5
LA-002665,2026-03-29 13:16:00,Pichincha,Sierra,Estándar urbano,PyME,9.2,109.9,0,,20.93,3.7
LA-001150,2026-03-29 13:25:00,Guayas,Costa,Estándar urbano,Corporativo,7.3,112.5,0,,30.82,9.7
LA-002679,2026-03-29 13:34:00,Pichincha,Sierra,Estándar urbano,Comercio minorista,10.5,144.5,0,,11.35,7.1
LA-003876,2026-03-29 13:38:00,Azuay,Sierra,Estándar urbano,PyME,7.5,117.7,0,,22.26,6.0
LA-001101,2026-03-29 13:49:00,Guayas,Costa,Estándar urbano,PyME,9.9,97.7,0,,16.44,4.4
LA-001204,2026-03-29 14:04:00,Guayas,Costa,Estándar urbano,PyME,5.7,92.8,0,,12.28,5.4
LA-003065,2026-03-29 14:05:00,Pichincha,Sierra,Express,Comercio minorista,6.7,102.1,0,,24.98,13.6
LA-003730,2026-03-29 14:06:00,Azuay,Sierra,Estándar urbano,Corporativo,8.7,142.7,0,,31.62,8.4
LA-005779,2026-03-29 14:07:00,Loja,Sierra,Programado,PyME,7.8,187.4,0,,20.38,7.9
LA-002713,2026-03-29 14:14:00,Pichincha,Sierra,Estándar urbano,Comercio minorista,6.6,168.9,0,,22.38,15.5
LA-001661,2026-03-29 14:23:00,Guayas,Costa,Programado,Comercio minorista,7.1,170.0,0,,22.13,14.8
LA-004623,2026-03-29 14:27:00,Manabí,Costa,Express,Comercio minorista,9.8,147.2,0,,13.86,11.8
LA-001198,2026-03-29 14:30:00,Guayas,Costa,Estándar urbano,Corporativo,7.5,209.0,0,,26.27,7.5
LA-001360,2026-03-29 14:32:00,Guayas,Costa,Estándar urbano,Corporativo,8.3,138.0,0,,38.06,4.2
LA-005740,2026-03-29 14:33:00,Loja,Sierra,Estándar urbano,Comercio minorista,10.3,210.3,0,,18.76,20.6
LA-003102,2026-03-29 14:39:00,Pichincha,Sierra,Express,Comercio minorista,9.6,137.5,0,,28.39,4.4
LA-004585,2026-03-29 14:42:00,Manabí,Costa,Estándar urbano,PyME,7.3,67.3,0,,23.83,3.4
LA-003747,2026-03-29 14:43:00,Azuay,Sierra,Estándar urbano,PyME,9.8,126.9,0,,16.3,5.1
LA-001437,2026-03-29 14:52:00,Guayas,Costa,Express,Comercio minorista,11.3,93.4,0,,30.56,3.0
LA-002845,2026-03-29 14:53:00,Pichincha,Sierra,Estándar urbano,Comercio minorista,7.2,136.5,0,,20.54,5.1
LA-001357,2026-03-29 15:04:00,Guayas,Costa,Estándar urbano,Comercio minorista,7.0,140.9,0,,20.95,6.9
LA-003892,2026-03-29 16:00:00,Azuay,Sierra,Estándar urbano,PyME,10.9,86.2,0,,20.47,5.7
LA-004682,2026-03-29 16:02:00,Manabí,Costa,Programado,PyME,9.2,198.9,0,,26.73,23.9
LA-001328,2026-03-29 16:09:00,Guayas,Costa,Estándar urbano,Corporativo,8.3,173.8,0,,22.81,1.7
LA-005227,2026-03-29 16:23:00,Tungurahua,Sierra,Estándar urbano,Comercio minorista,11.4,114.4,0,,14.44,4.7
LA-003750,2026-03-29 16:27:00,Azuay,Sierra,Estándar urbano,PyME,8.5,113.5,0,,26.55,4.0
LA-001379,2026-03-29 16:40:00,Guayas,Costa,Estándar urbano,Comercio minorista,8.2,132.7,0,,11.31,9.1
LA-002966,2026-03-29 16:45:00,Pichincha,Sierra,Express,Comercio minorista,9.3,124.9,0,,29.03,10.2
LA-001182,2026-03-30 07:09:00,Guayas,Costa,Estándar urbano,Comercio minorista,7.1,90.9,0,,21.32,2.4
LA-003763,2026-03-30 07:17:00,Azuay,Sierra,Estándar urbano,Comercio minorista,7.1,128.0,0,,17.79,2.1
LA-005721,2026-03-30 07:24:00,Loja,Sierra,Estándar urbano,PyME,8.4,183.1,0,,44.01,4.4
LA-002862,2026-03-30 07:34:00,Pichincha,Sierra,Estándar urbano,PyME,7.1,128.0,0,,16.1,15.2
LA-005256,2026-03-30 07:35:00,Tungurahua,Sierra,Express,Corporativo,5.5,65.6,0,,37.97,4.3
LA-002962,2026-03-30 07:56:00,Pichincha,Sierra,Express,Comercio minorista,8.0,33.5,0,,23.06,9.9
LA-002942,2026-03-30 07:57:00,Pichincha,Sierra,Express,Comercio minorista,5.5,68.7,0,,19.47,4.7
LA-003959,2026-03-30 08:01:00,Azuay,Sierra,Express,Comercio minorista,7.5,86.7,0,,34.42,9.7
LA-005736,2026-03-30 08:41:00,Loja,Sierra,Estándar urbano,Comercio minorista,7.7,139.3,0,,13.0,9.0
LA-005233,2026-03-30 08:41:00,Tungurahua,Sierra,Estándar urbano,Comercio minorista,7.5,140.4,0,,21.04,12.1
LA-004583,2026-03-30 08:45:00,Manabí,Costa,Estándar urbano,PyME,7.5,152.3,0,,27.39,1.0
LA-002902,2026-03-30 08:48:00,Pichincha,Sierra,Estándar urbano,PyME,5.4,78.5,0,,20.74,2.1
LA-001301,2026-03-30 08:53:00,Guayas,Costa,Estándar urbano,PyME,7.0,149.2,0,,13.17,18.0
LA-005307,2026-03-30 09:10:00,Tungurahua,Sierra,Express,PyME,8.3,28.0,0,,16.77,4.9
LA-004007,2026-03-30 09:19:00,Azuay,Sierra,Programado,PyME,5.4,151.1,0,,27.19,10.6
LA-004658,2026-03-30 09:33:00,Manabí,Costa,Express,PyME,11.8,113.3,0,,35.96,24.2
LA-005742,2026-03-30 09:38:00,Loja,Sierra,Estándar urbano,PyME,8.8,148.1,0,,15.12,5.4
LA-001652,2026-03-30 09:40:00,Guayas,Costa,Programado,PyME,6.9,128.6,0,,17.74,11.2
LA-002958,2026-03-30 09:44:00,Pichincha,Sierra,Express,PyME,7.1,101.6,0,,34.19,2.5
LA-001519,2026-03-30 10:32:00,Guayas,Costa,Express,Comercio minorista,8.6,72.7,0,,20.73,5.0
LA-002895,2026-03-30 10:33:00,Pichincha,Sierra,Estándar urbano,Comercio minorista,6.2,129.9,0,,20.4,6.2
LA-003758,2026-03-30 10:35:00,Azuay,Sierra,Estándar urbano,Comercio minorista,4.9,121.0,0,,20.13,15.1
LA-001241,2026-03-30 10:42:00,Guayas,Costa,Estándar urbano,Comercio minorista,9.9,145.9,0,,31.21,17.2
LA-001341,2026-03-30 10:45:00,Guayas,Costa,Estándar urbano,Comercio minorista,9.3,134.6,0,,31.23,12.7
LA-005154,2026-03-30 10:56:00,Tungurahua,Sierra,Estándar urbano,PyME,5.4,133.0,0,,28.6,8.9
LA-001488,2026-03-30 10:58:00,Guayas,Costa,Express,Comercio minorista,9.8,124.5,0,,24.5,45.0
LA-005749,2026-03-30 11:03:00,Loja,Sierra,Estándar urbano,PyME,6.2,194.6,0,,16.76,6.2
LA-005689,2026-03-30 11:14:00,Loja,Sierra,Estándar urbano,Comercio minorista,7.6,186.2,0,,12.59,14.2
LA-001674,2026-03-30 11:15:00,Guayas,Costa,Programado,Comercio minorista,8.5,135.0,0,,10.09,5.1
LA-001699,2026-03-30 11:15:00,Guayas,Costa,Programado,Corporativo,6.9,134.2,0,,26.94,3.0
LA-005146,2026-03-30 11:30:00,Tungurahua,Sierra,Estándar urbano,PyME,7.6,117.6,0,,15.82,5.6
LA-002932,2026-03-30 11:34:00,Pichincha,Sierra,Estándar urbano,PyME,6.3,136.1,0,,17.36,7.8
LA-001278,2026-03-30 11:42:00,Guayas,Costa,Estándar urbano,Comercio minorista,8.5,179.3,0,,37.64,8.9
LA-001254,2026-03-30 11:43:00,Guayas,Costa,Estándar urbano,PyME,8.2,180.7,0,,15.95,20.1
LA-003930,2026-03-30 11:53:00,Azuay,Sierra,Express,PyME,3.2,69.3,0,,32.45,7.7
LA-005215,2026-03-30 11:53:00,Tungurahua,Sierra,Estándar urbano,Corporativo,4.9,92.2,0,,26.54,3.1
LA-002669,2026-03-30 12:02:00,Pichincha,Sierra,Estándar urbano,Comercio minorista,8.6,134.2,0,,23.93,15.5
LA-001450,2026-03-30 12:04:00,Guayas,Costa,Express,Corporativo,10.2,132.6,0,,52.63,7.6
LA-001157,2026-03-30 12:37:00,Guayas,Costa,Estándar urbano,PyME,7.5,500.6,0,,16.25,9.5
LA-004594,2026-03-30 12:44:00,Manabí,Costa,Estándar urbano,PyME,12.3,166.9,0,,21.19,17.2
LA-001578,2026-03-30 12:47:00,Guayas,Costa,Express,PyME,13.3,100.8,0,,44.17,14.7
LA-005190,2026-03-30 12:55:00,Tungurahua,Sierra,Estándar urbano,Comercio minorista,6.5,72.9,0,,18.82,6.4
LA-005321,2026-03-30 12:59:00,Tungurahua,Sierra,Programado,Corporativo,4.6,133.8,0,,29.52,8.0
LA-004570,2026-03-30 13:02:00,Manabí,Costa,Estándar urbano,PyME,10.2,200.8,0,,20.58,45.0
LA-001289,2026-03-30 13:05:00,Guayas,Costa,Estándar urbano,Comercio minorista,6.9,133.9,0,,13.02,1.0
LA-001568,2026-03-30 13:09:00,Guayas,Costa,Express,Corporativo,10.5,97.1,0,,33.29,7.8
LA-004612,2026-03-30 13:14:00,Manabí,Costa,Estándar urbano,Corporativo,5.6,130.2,0,,20.73,11.4
LA-002989,2026-03-30 13:26:00,Pichincha,Sierra,Express,Comercio minorista,7.2,28.0,0,,42.31,3.7
LA-003911,2026-03-30 13:29:00,Azuay,Sierra,Express,PyME,8.3,78.4,0,,35.41,4.3
LA-002790,2026-03-30 13:29:00,Pichincha,Sierra,Estándar urbano,Comercio minorista,5.8,104.4,0,,22.79,9.4
LA-005202,2026-03-30 13:31:00,Tungurahua,Sierra,Estándar urbano,Corporativo,4.5,119.6,0,,29.54,17.2
LA-001592,2026-03-30 13:35:00,Guayas,Costa,Express,Comercio minorista,13.4,105.8,0,,19.11,16.7
LA-001347,2026-03-30 13:39:00,Guayas,Costa,Estándar urbano,Corporativo,6.1,132.4,0,,36.35,5.2
LA-003141,2026-03-30 13:44:00,Pichincha,Sierra,Programado,Comercio minorista,6.8,140.0,0,,19.15,6.4
LA-002916,2026-03-30 13:45:00,Pichincha,Sierra,Estándar urbano,PyME,7.2,137.2,0,,11.56,14.6
LA-001414,2026-03-30 13:46:00,Guayas,Costa,Express,Comercio minorista,13.0,44.2,0,,41.91,6.9
LA-005686,2026-03-30 13:48:00,Loja,Sierra,Estándar urbano,Comercio minorista,7.1,253.4,0,,11.54,17.7
LA-003938,2026-03-30 13:56:00,Azuay,Sierra,Express,PyME,8.3,46.4,0,,41.8,3.9
LA-003878,2026-03-30 14:00:00,Azuay,Sierra,Estándar urbano,Comercio minorista,5.9,140.0,0,,24.47,10.5
LA-004485,2026-03-30 14:20:00,Manabí,Costa,Estándar urbano,Comercio minorista,10.6,165.2,0,,26.46,22.7
LA-005196,2026-03-30 14:41:00,Tungurahua,Sierra,Estándar urbano,Comercio minorista,7.1,99.2,0,,17.83,1.2
LA-003928,2026-03-30 15:03:00,Azuay,Sierra,Express,Corporativo,3.6,116.9,0,,47.21,21.6
LA-001615,2026-03-30 15:05:00,Guayas,Costa,Programado,Comercio minorista,10.8,178.4,0,,40.64,19.7
LA-005249,2026-03-30 15:11:00,Tungurahua,Sierra,Estándar urbano,Comercio minorista,7.6,107.8,0,,19.41,1.5
LA-001243,2026-03-30 15:38:00,Guayas,Costa,Estándar urbano,PyME,10.2,120.7,0,,41.62,5.4
LA-001137,2026-03-30 16:08:00,Guayas,Costa,Estándar urbano,PyME,8.6,119.9,0,,30.37,1.3
LA-002739,2026-03-30 16:10:00,Pichincha,Sierra,Estándar urbano,PyME,6.0,144.2,0,,16.71,5.3
LA-002909,2026-03-30 16:17:00,Pichincha,Sierra,Estándar urbano,PyME,9.1,92.3,0,,14.42,10.9
LA-004666,2026-03-30 16:20:00,Manabí,Costa,Express,PyME,10.2,194.5,0,,29.39,41.6
LA-003866,2026-03-30 16:33:00,Azuay,Sierra,Estándar urbano,Comercio minorista,8.7,131.4,0,,18.88,4.9
LA-004477,2026-03-30 16:45:00,Manabí,Costa,Estándar urbano,PyME,11.1,265.5,1,Demora en entrega,27.7,6.3
LA-001105,2026-03-30 17:31:00,Guayas,Costa,Estándar urbano,PyME,7.4,153.0,0,,17.69,11.3
LA-003133,2026-03-30 17:38:00,Pichincha,Sierra,Programado,Comercio minorista,7.9,176.1,0,,26.08,1.5
LA-001318,2026-03-30 19:12:00,Guayas,Costa,Estándar urbano,Comercio minorista,12.1,152.6,0,,15.72,14.6
LA-002772,2026-03-31 07:30:00,Pichincha,Sierra,Estándar urbano,Comercio minorista,6.2,101.4,0,,14.3,8.9
LA-003887,2026-03-31 07:45:00,Azuay,Sierra,Estándar urbano,Comercio minorista,4.5,112.0,0,,21.4,8.0
LA-005331,2026-03-31 08:00:00,Tungurahua,Sierra,Programado,Comercio minorista,8.9,169.4,0,,14.68,16.8
LA-004478,2026-03-31 08:11:00,Manabí,Costa,Estándar urbano,Comercio minorista,10.8,236.2,0,,19.33,11.5
LA-001415,2026-03-31 08:17:00,Guayas,Costa,Express,PyME,10.8,28.0,0,,28.28,18.0
LA-003773,2026-03-31 08:46:00,Azuay,Sierra,Estándar urbano,PyME,4.9,105.6,0,,16.26,7.0
LA-002705,2026-03-31 09:11:00,Pichincha,Sierra,Estándar urbano,Corporativo,11.5,109.1,0,,30.95,12.4
LA-001390,2026-03-31 09:14:00,Guayas,Costa,Estándar urbano,Comercio minorista,6.7,86.2,0,,23.56,3.7
LA-001606,2026-03-31 09:14:00,Guayas,Costa,Express,Comercio minorista,9.4,59.4,0,,36.86,4.4
LA-002752,2026-03-31 09:26:00,Pichincha,Sierra,Estándar urbano,PyME,11.3,131.5,0,,20.84,7.7
LA-003861,2026-03-31 09:27:00,Azuay,Sierra,Estándar urbano,Comercio minorista,7.3,100.3,0,,17.92,2.5
LA-001475,2026-03-31 09:27:00,Guayas,Costa,Express,Corporativo,8.1,101.6,0,,41.19,8.7
LA-001633,2026-03-31 09:44:00,Guayas,Costa,Programado,Comercio minorista,6.3,142.5,0,,35.89,11.7
LA-005203,2026-03-31 09:44:00,Tungurahua,Sierra,Estándar urbano,PyME,8.3,123.0,0,,18.17,7.0
LA-005195,2026-03-31 09:47:00,Tungurahua,Sierra,Estándar urbano,Comercio minorista,8.5,117.5,0,,19.24,19.8
LA-005755,2026-03-31 09:51:00,Loja,Sierra,Express,Comercio minorista,9.5,177.6,0,,11.77,9.0
LA-003041,2026-03-31 09:59:00,Pichincha,Sierra,Express,PyME,8.6,66.1,0,,22.33,7.3
LA-003965,2026-03-31 10:18:00,Azuay,Sierra,Express,Comercio minorista,9.6,50.2,0,,19.15,7.5
LA-003081,2026-03-31 10:25:00,Pichincha,Sierra,Express,PyME,10.4,56.7,0,,26.58,6.1
LA-001696,2026-03-31 10:27:00,Guayas,Costa,Programado,PyME,6.9,192.1,0,,39.14,16.1
LA-002813,2026-03-31 10:28:00,Pichincha,Sierra,Estándar urbano,Corporativo,5.4,135.6,0,,30.4,6.5
LA-001282,2026-03-31 10:40:00,Guayas,Costa,Estándar urbano,Comercio minorista,8.2,164.7,0,,28.52,10.5
LA-004655,2026-03-31 10:59:00,Manabí,Costa,Express,PyME,10.5,132.8,1,Paquete con incidencia,14.74,12.0
LA-004549,2026-03-31 11:00:00,Manabí,Costa,Estándar urbano,PyME,9.8,250.2,0,,21.07,37.2
LA-002852,2026-03-31 11:08:00,Pichincha,Sierra,Estándar urbano,Comercio minorista,6.0,145.7,0,,12.12,12.0
LA-004528,2026-03-31 11:13:00,Manabí,Costa,Estándar urbano,PyME,11.0,214.4,0,,16.18,3.1
LA-001353,2026-03-31 11:20:00,Guayas,Costa,Estándar urbano,PyME,8.2,141.1,0,,21.02,12.9
LA-003042,2026-03-31 11:26:00,Pichincha,Sierra,Express,Comercio minorista,8.4,53.6,0,,35.4,1.5
LA-002965,2026-03-31 11:33:00,Pichincha,Sierra,Express,PyME,6.3,120.0,0,,34.38,3.2
LA-003205,2026-03-31 11:34:00,Pichincha,Sierra,Programado,PyME,7.8,346.1,0,,22.54,23.7
LA-003821,2026-03-31 11:35:00,Azuay,Sierra,Estándar urbano,Comercio minorista,7.2,108.4,0,,26.73,6.2
LA-001654,2026-03-31 11:35:00,Guayas,Costa,Programado,Comercio minorista,8.3,186.0,0,,36.82,16.8
LA-005260,2026-03-31 11:47:00,Tungurahua,Sierra,Express,Comercio minorista,7.5,74.9,0,,32.78,9.2
LA-001339,2026-03-31 11:59:00,Guayas,Costa,Estándar urbano,Comercio minorista,10.2,317.4,0,,16.2,13.2
LA-001549,2026-03-31 12:03:00,Guayas,Costa,Express,PyME,6.4,36.0,0,,37.36,3.4
LA-003149,2026-03-31 12:11:00,Pichincha,Sierra,Programado,PyME,7.3,160.3,0,,28.84,16.4
LA-004716,2026-03-31 12:17:00,Manabí,Costa,Programado,Comercio minorista,8.8,225.5,0,,21.93,38.2
LA-001537,2026-03-31 12:22:00,Guayas,Costa,Express,Comercio minorista,9.6,126.8,0,,18.73,16.2
LA-005691,2026-03-31 12:33:00,Loja,Sierra,Estándar urbano,Comercio minorista,9.0,225.8,0,,14.77,19.2
LA-004479,2026-03-31 12:40:00,Manabí,Costa,Estándar urbano,Comercio minorista,10.3,102.5,0,,16.33,2.3
LA-002927,2026-03-31 12:41:00,Pichincha,Sierra,Estándar urbano,PyME,6.5,142.7,0,,12.39,4.5
LA-005707,2026-03-31 12:50:00,Loja,Sierra,Estándar urbano,Comercio minorista,7.8,190.2,0,,11.81,3.9
LA-003027,2026-03-31 12:59:00,Pichincha,Sierra,Express,Comercio minorista,9.1,55.8,0,,53.82,10.5
LA-001515,2026-03-31 13:03:00,Guayas,Costa,Express,Comercio minorista,6.3,100.4,0,,19.15,3.5
LA-001329,2026-03-31 13:18:00,Guayas,Costa,Estándar urbano,Corporativo,9.0,173.4,0,,25.92,18.9
LA-001202,2026-03-31 13:22:00,Guayas,Costa,Estándar urbano,Corporativo,9.3,150.0,0,,23.36,8.9
LA-004554,2026-03-31 13:23:00,Manabí,Costa,Estándar urbano,PyME,6.4,214.6,0,,21.53,7.2
LA-003752,2026-03-31 13:35:00,Azuay,Sierra,Estándar urbano,PyME,9.0,109.9,0,,15.09,7.0
LA-004568,2026-03-31 13:35:00,Manabí,Costa,Estándar urbano,Comercio minorista,13.1,114.1,0,,10.87,9.6
LA-005676,2026-03-31 13:44:00,Loja,Sierra,Estándar urbano,Comercio minorista,7.6,106.4,0,,20.03,1.3
LA-002742,2026-03-31 14:10:00,Pichincha,Sierra,Estándar urbano,Comercio minorista,7.7,121.0,0,,12.31,1.8
LA-002719,2026-03-31 14:31:00,Pichincha,Sierra,Estándar urbano,Corporativo,7.1,131.2,0,,27.58,3.9
LA-003055,2026-03-31 14:41:00,Pichincha,Sierra,Express,PyME,6.9,105.4,0,,34.99,9.6
LA-002935,2026-03-31 15:44:00,Pichincha,Sierra,Estándar urbano,Corporativo,10.4,124.3,0,,24.28,3.8
LA-001671,2026-03-31 15:45:00,Guayas,Costa,Programado,Comercio minorista,8.6,160.1,0,,22.88,7.3
LA-001298,2026-03-31 15:49:00,Guayas,Costa,Estándar urbano,Corporativo,11.7,131.2,0,,20.85,12.6
LA-001258,2026-03-31 17:00:00,Guayas,Costa,Estándar urbano,PyME,10.0,148.5,0,,10.77,6.1
LA-003119,2026-03-31 17:18:00,Pichincha,Sierra,Express,Corporativo,6.6,86.4,0,,27.26,5.7
LA-005763,2026-03-31 17:44:00,Loja,Sierra,Express,Comercio minorista,12.9,136.7,0,,23.42,9.7
LA-005180,2026-03-31 18:42:00,Tungurahua,Sierra,Estándar urbano,Comercio minorista,9.0,113.7,0,,12.38,4.6
LA-004586,2026-03-31 19:36:00,Manabí,Costa,Estándar urbano,Corporativo,8.2,516.5,1,Demora en entrega,17.43,6.3
